sample_id,precursor,combo,sec_hmaxima_rel,bin_method,sec_min_diam_um,n_sec,D_sec,circularity,convexity,aspect_ratio,solid_frac,area_weighted_solidity
C01-L,L,h0.12_otsu_d1.0,0.12,otsu,1.0,1013,6.329340528199906,0.585219062774084,0.8573643410852713,1.4785192555308655,0.5022418478260869,0.8287753702485765
C01-M,M,h0.12_otsu_d1.0,0.12,otsu,1.0,1336,4.959975661550068,0.601292704752837,0.848176178874432,1.4538418009552947,0.485321369263285,0.798998883456488
C01-S,S,h0.12_otsu_d1.0,0.12,otsu,1.0,3308,3.737275577183397,0.7598924313050208,0.8923416767634977,1.3910728372683256,0.4931385869565217,0.8329745590223897
C02-L,L,h0.12_otsu_d1.0,0.12,otsu,1.0,0,,,,,,
C02-M,M,h0.12_otsu_d1.0,0.12,otsu,1.0,0,,,,,,
C02-S,S,h0.12_otsu_d1.0,0.12,otsu,1.0,0,,,,,,
C03-L,L,h0.12_otsu_d1.0,0.12,otsu,1.0,977,6.399169881241846,0.6342474708874998,0.8832487309644671,1.4555747241254207,0.5106421724033816,0.8691341024746421
C03-M,M,h0.12_otsu_d1.0,0.12,otsu,1.0,1189,5.114372902464696,0.6088840213261386,0.8611024602927437,1.4396675638690324,0.4895842768719807,0.8225937593972558
C03-S,S,h0.12_otsu_d1.0,0.12,otsu,1.0,3109,3.8953163419296644,0.7176872052024923,0.875,1.4077571077716684,0.5150989772041062,0.8191936588802264
C04-L,L,h0.12_otsu_d1.0,0.12,otsu,1.0,856,6.881962759591493,0.6232690015101336,0.8751095338240449,1.4342040387962183,0.50851921044686,0.8559336403038357
C04-M,M,h0.12_otsu_d1.0,0.12,otsu,1.0,1277,5.297304247100458,0.5746212972938971,0.8437499999999999,1.4802580226971733,0.5012799101751207,0.7976354303172001
C04-S,S,h0.12_otsu_d1.0,0.12,otsu,1.0,2920,3.9679813550430554,0.7104128367489826,0.8760530973451327,1.4274978749284526,0.5045261548913044,0.8185959668246866
C05-L,L,h0.12_otsu_d1.0,0.12,otsu,1.0,0,,,,,,
C05-M,M,h0.12_otsu_d1.0,0.12,otsu,1.0,0,,,,,,
C05-S,S,h0.12_otsu_d1.0,0.12,otsu,1.0,0,,,,,,
C06-L,L,h0.12_otsu_d1.0,0.12,otsu,1.0,0,,,,,,
C06-M,M,h0.12_otsu_d1.0,0.12,otsu,1.0,0,,,,,,
C06-S,S,h0.12_otsu_d1.0,0.12,otsu,1.0,0,,,,,,
C07-L,L,h0.12_otsu_d1.0,0.12,otsu,1.0,983,6.364350975979666,0.5403057447631457,0.8389803162310423,1.4941758300053978,0.5108205012077295,0.8151307617404817
C07-M,M,h0.12_otsu_d1.0,0.12,otsu,1.0,1096,5.7925024962667235,0.5160080857779827,0.8134577876845918,1.5106493232024998,0.5017030872584541,0.7696663004095625
C07-S,S,h0.12_otsu_d1.0,0.12,otsu,1.0,3218,3.8543549897343925,0.7411296788653994,0.8820857593519367,1.3858519829098555,0.5040775022644928,0.8280512665690849
C08-L,L,h0.12_otsu_d1.0,0.12,otsu,1.0,0,,,,,,
C08-M,M,h0.12_otsu_d1.0,0.12,otsu,1.0,0,,,,,,
C08-S,S,h0.12_otsu_d1.0,0.12,otsu,1.0,0,,,,,,
C09-L,L,h0.12_otsu_d1.0,0.12,otsu,1.0,973,6.404128556826101,0.6185527499825394,0.8676748582230625,1.478124499940642,0.5215966560990338,0.8503128235927598
C09-M,M,h0.12_otsu_d1.0,0.12,otsu,1.0,1176,4.956775675920353,0.6355141793534657,0.8687167657633548,1.4648437308161881,0.501469089673913,0.8355198438538691
C09-S,S,h0.12_otsu_d1.0,0.12,otsu,1.0,2946,3.829567883822151,0.7258523184453713,0.8803413560422906,1.4129761053350585,0.49041883680555554,0.8121208992268089
C10-L,L,h0.12_otsu_d1.0,0.12,otsu,1.0,0,,,,,,
C10-M,M,h0.12_otsu_d1.0,0.12,otsu,1.0,0,,,,,,
C10-S,S,h0.12_otsu_d1.0,0.12,otsu,1.0,0,,,,,,
C11-L,L,h0.12_otsu_d1.0,0.12,otsu,1.0,0,,,,,,
C11-M,M,h0.12_otsu_d1.0,0.12,otsu,1.0,0,,,,,,
C11-S,S,h0.12_otsu_d1.0,0.12,otsu,1.0,0,,,,,,
C12-L,L,h0.12_otsu_d1.0,0.12,otsu,1.0,936,6.683066857768079,0.5966830418244087,0.8604024039801506,1.4605452215005217,0.5201492678140097,0.8415023647684053
C12-M,M,h0.12_otsu_d1.0,0.12,otsu,1.0,1240,5.651029316599896,0.5296156365517984,0.8177871939736345,1.5216440951149193,0.5092079936594202,0.7845774738633634
C12-S,S,h0.12_otsu_d1.0,0.12,otsu,1.0,2625,4.298236193901963,0.6684045601442978,0.8616904500548846,1.4354678051449206,0.5166086390398551,0.8145163800576428
C13-L,L,h0.12_otsu_d1.0,0.12,otsu,1.0,0,,,,,,
C13-M,M,h0.12_otsu_d1.0,0.12,otsu,1.0,0,,,,,,
C13-S,S,h0.12_otsu_d1.0,0.12,otsu,1.0,0,,,,,,
C14-L,L,h0.12_otsu_d1.0,0.12,otsu,1.0,1012,6.560825867994232,0.5671426489683853,0.8468843645337565,1.4834429515911185,0.5210343070652175,0.8229568694516908
C14-M,M,h0.12_otsu_d1.0,0.12,otsu,1.0,1122,5.949304182618858,0.5010647179273257,0.810634598667053,1.5411211094154393,0.5192066727053141,0.7688657417199859
C14-S,S,h0.12_otsu_d1.0,0.12,otsu,1.0,3315,3.762670720366032,0.7385519082583084,0.8804780876494025,1.4112228273504206,0.5022031627415459,0.8256439575960791
C15-L,L,h0.12_otsu_d1.0,0.12,otsu,1.0,956,6.68544179298547,0.5908713166631449,0.8612884951803974,1.4467060765954676,0.5170360620471014,0.8400997396787915
C15-M,M,h0.12_otsu_d1.0,0.12,otsu,1.0,1040,5.7705403125311365,0.5508628828102744,0.8323042596850355,1.492064288465397,0.5087263171799518,0.7860431278196266
C15-S,S,h0.12_otsu_d1.0,0.12,otsu,1.0,2765,3.9998532032338936,0.6979163570132044,0.870488322717622,1.4412586535082712,0.49364196482487926,0.8130075222672634
C16-L,L,h0.12_otsu_d1.0,0.12,otsu,1.0,858,7.1578163229970535,0.6008841350991907,0.8666666666666666,1.4637995068008944,0.5251014304045893,0.8426761494187305
C16-M,M,h0.12_otsu_d1.0,0.12,otsu,1.0,1085,5.795242564285844,0.5656025627478849,0.836962919364332,1.5133896802566407,0.5194581257548309,0.7998191440984637
C16-S,S,h0.12_otsu_d1.0,0.12,otsu,1.0,2522,4.166988158324634,0.6656723772969608,0.858461691415099,1.452686708176656,0.5074657495471014,0.7951938972927164
C17-L,L,h0.12_otsu_d1.0,0.12,otsu,1.0,778,7.917942081283142,0.577891379160983,0.861505742012035,1.4339389925567225,0.5347075973731884,0.8338013642341875
C17-M,M,h0.12_otsu_d1.0,0.12,otsu,1.0,845,6.628218699397555,0.48917409598378203,0.8158602150537635,1.4967297678678073,0.5194633152173913,0.7778835483396271
C17-S,S,h0.12_otsu_d1.0,0.12,otsu,1.0,2437,4.312981472867047,0.6514469665240173,0.8529707955689828,1.4845879751417508,0.5008288987016908,0.8013357706297087
C18-L,L,h0.12_otsu_d1.0,0.12,otsu,1.0,716,7.9818296975333745,0.5381483794694455,0.8456455661087285,1.490033162219534,0.5264006831219806,0.8302747418673816
C18-M,M,h0.12_otsu_d1.0,0.12,otsu,1.0,939,5.860604509712605,0.5219091742732227,0.819227608874281,1.526169616700212,0.5161415874094203,0.7824834165962126
C18-S,S,h0.12_otsu_d1.0,0.12,otsu,1.0,2284,4.5737388825394785,0.6186231326576763,0.8384803614004266,1.4673733970489686,0.5191151494565217,0.7965602710611425
C19-L,L,h0.12_otsu_d1.0,0.12,otsu,1.0,627,8.184082755430348,0.4863620694008533,0.8265895953757226,1.5215334197469192,0.5220240791062802,0.7980200948866338
C19-M,M,h0.12_otsu_d1.0,0.12,otsu,1.0,773,7.131157696586606,0.46501089768163173,0.8056589724497394,1.5410607493683435,0.5132189764492753,0.7638674827101568
C19-S,S,h0.12_otsu_d1.0,0.12,otsu,1.0,2054,4.787374292236132,0.5807827265579064,0.8268278750952018,1.5548132497907845,0.5011563066123189,0.7800577502833816
C20-L,L,h0.12_otsu_d1.0,0.12,otsu,1.0,0,,,,,,
C20-M,M,h0.12_otsu_d1.0,0.12,otsu,1.0,0,,,,,,
C20-S,S,h0.12_otsu_d1.0,0.12,otsu,1.0,0,,,,,,
C21-L,L,h0.12_otsu_d1.0,0.12,otsu,1.0,634,8.398482311468427,0.4509190718814534,0.8047337810355382,1.5298254517155847,0.5223618659420289,0.7874939776392095
C21-M,M,h0.12_otsu_d1.0,0.12,otsu,1.0,942,6.711502242588525,0.43995990425969705,0.7830221639917021,1.5587461477725815,0.5164685235507246,0.7485358942002444
C21-S,S,h0.12_otsu_d1.0,0.12,otsu,1.0,1873,4.995052504385949,0.5658066748897393,0.8239795918367347,1.5793223090672985,0.4980728223128019,0.7712760867501698
C22-L,L,h0.12_otsu_d1.0,0.12,otsu,1.0,0,,,,,,
C22-M,M,h0.12_otsu_d1.0,0.12,otsu,1.0,0,,,,,,
C22-S,S,h0.12_otsu_d1.0,0.12,otsu,1.0,0,,,,,,
C23-L,L,h0.12_otsu_d1.0,0.12,otsu,1.0,0,,,,,,
C23-M,M,h0.12_otsu_d1.0,0.12,otsu,1.0,0,,,,,,
C23-S,S,h0.12_otsu_d1.0,0.12,otsu,1.0,0,,,,,,
C24-L,L,h0.12_otsu_d1.0,0.12,otsu,1.0,757,7.692220741379599,0.5390982114200881,0.8490813648293963,1.4741006840181987,0.533978713768116,0.8257196347454144
C24-M,M,h0.12_otsu_d1.0,0.12,otsu,1.0,896,6.192444214783213,0.5165451061453581,0.8222347063662446,1.5194779442951796,0.5157160514794686,0.7784473703473734
C24-S,S,h0.12_otsu_d1.0,0.12,otsu,1.0,2568,4.253693684128203,0.6537274728714633,0.8524184149184149,1.4953324024031072,0.5101765360809178,0.7963038560351797
C25-L,L,h0.12_otsu_d1.0,0.12,otsu,1.0,751,7.8636334397876935,0.5641747458386439,0.8562874251497006,1.4642322315697207,0.5347896852355073,0.8352338784510299
C25-M,M,h0.12_otsu_d1.0,0.12,otsu,1.0,1096,5.882227954612795,0.5745353068387593,0.8447206417311819,1.4870237397020092,0.5252420176630435,0.8030538558949822
C25-S,S,h0.12_otsu_d1.0,0.12,otsu,1.0,2236,4.53890407072968,0.6196530738381282,0.8409971811134602,1.4626821260722087,0.5217004453502415,0.7913998191549467
C26-L,L,h0.12_otsu_d1.0,0.12,otsu,1.0,699,8.082607132621263,0.46014088080927024,0.8097560975609757,1.5211783124140232,0.5138063292572465,0.7923437416597903
C26-M,M,h0.12_otsu_d1.0,0.12,otsu,1.0,641,7.721053798391122,0.4497945956682526,0.7988708539167254,1.5268289895283342,0.49259746754227046,0.7757889737890256
C26-S,S,h0.12_otsu_d1.0,0.12,otsu,1.0,1886,4.879321291024226,0.5629291420728064,0.8186121391561806,1.56750915233967,0.49835871452294683,0.7730435777928503
C27-L,L,h0.12_otsu_d1.0,0.12,otsu,1.0,725,8.015563124518007,0.5548791187565405,0.8498168498168499,1.4555319251616747,0.5352831559480676,0.8264223763984831
C27-M,M,h0.12_otsu_d1.0,0.12,otsu,1.0,916,6.339355332550247,0.5047746310068438,0.8173495408682433,1.474289025774263,0.5203818500905797,0.7832363443297242
C27-S,S,h0.12_otsu_d1.0,0.12,otsu,1.0,2210,4.457752488928697,0.610501479640022,0.8361999609566797,1.4968231043852291,0.5070472901570048,0.7711354059522397
C01-L,L,h0.12_local_adaptive_d1.0,0.12,local_adaptive,1.0,2139,4.604866200354616,0.6100522650646604,0.846631629240325,1.5557093460057476,0.49820491772342995,0.8086307027254559
C01-M,M,h0.12_local_adaptive_d1.0,0.12,local_adaptive,1.0,2885,3.8046192932688725,0.6953376288481193,0.8737373737373738,1.5091572195315746,0.48507463390700484,0.8167883170613187
C01-S,S,h0.12_local_adaptive_d1.0,0.12,local_adaptive,1.0,4760,3.3522038117053645,0.8343057617490757,0.9133634222919937,1.3770290155065061,0.47596618357487924,0.8696962817890278
C02-L,L,h0.12_local_adaptive_d1.0,0.12,local_adaptive,1.0,0,,,,,,
C02-M,M,h0.12_local_adaptive_d1.0,0.12,local_adaptive,1.0,0,,,,,,
C02-S,S,h0.12_local_adaptive_d1.0,0.12,local_adaptive,1.0,0,,,,,,
C03-L,L,h0.12_local_adaptive_d1.0,0.12,local_adaptive,1.0,1835,4.956775675920353,0.5890062275479779,0.8541882109617372,1.5770890780269389,0.509663722826087,0.8142859226602439
C03-M,M,h0.12_local_adaptive_d1.0,0.12,local_adaptive,1.0,2610,3.9277778726851933,0.6775800528375462,0.870858020627606,1.4985914926883477,0.4961664024758454,0.8176859812109321
C03-S,S,h0.12_local_adaptive_d1.0,0.12,local_adaptive,1.0,4742,3.4363726552102856,0.8134914888334717,0.9060402684563759,1.3733384524210601,0.48497980827294684,0.8663651620879779
C04-L,L,h0.12_local_adaptive_d1.0,0.12,local_adaptive,1.0,1821,5.039341360248559,0.607158574042824,0.8506787330316741,1.555688952660014,0.5020738979468599,0.8118753544036718
C04-M,M,h0.12_local_adaptive_d1.0,0.12,local_adaptive,1.0,2594,4.121027246455075,0.6621797464241574,0.8602317469545226,1.516322232269697,0.4939311594202898,0.8113372188350625
C04-S,S,h0.12_local_adaptive_d1.0,0.12,local_adaptive,1.0,4556,3.454798377937929,0.8077537370928488,0.9058823529411765,1.3897893560574506,0.478316066576087,0.8646510703566067
C05-L,L,h0.12_local_adaptive_d1.0,0.12,local_adaptive,1.0,0,,,,,,
C05-M,M,h0.12_local_adaptive_d1.0,0.12,local_adaptive,1.0,0,,,,,,
C05-S,S,h0.12_local_adaptive_d1.0,0.12,local_adaptive,1.0,0,,,,,,
C06-L,L,h0.12_local_adaptive_d1.0,0.12,local_adaptive,1.0,0,,,,,,
C06-M,M,h0.12_local_adaptive_d1.0,0.12,local_adaptive,1.0,0,,,,,,
C06-S,S,h0.12_local_adaptive_d1.0,0.12,local_adaptive,1.0,0,,,,,,
C07-L,L,h0.12_local_adaptive_d1.0,0.12,local_adaptive,1.0,2065,4.727321227047977,0.5756698379620055,0.8342857142857143,1.600958222934757,0.4973562047101449,0.7957940342676253
C07-M,M,h0.12_local_adaptive_d1.0,0.12,local_adaptive,1.0,2683,4.08621916744697,0.6428857996849554,0.8512110726643599,1.522513900032261,0.4868607525664251,0.8070560548554764
C07-S,S,h0.12_local_adaptive_d1.0,0.12,local_adaptive,1.0,4622,3.4363726552102856,0.8236937823954682,0.910709483508661,1.3790232519936239,0.47915770304951694,0.8677290221257664
C08-L,L,h0.12_local_adaptive_d1.0,0.12,local_adaptive,1.0,0,,,,,,
C08-M,M,h0.12_local_adaptive_d1.0,0.12,local_adaptive,1.0,0,,,,,,
C08-S,S,h0.12_local_adaptive_d1.0,0.12,local_adaptive,1.0,0,,,,,,
C09-L,L,h0.12_local_adaptive_d1.0,0.12,local_adaptive,1.0,2027,4.780738981642966,0.6092922402626105,0.8487804878048781,1.5914193398667988,0.5119041553442029,0.8119676324116695
C09-M,M,h0.12_local_adaptive_d1.0,0.12,local_adaptive,1.0,2658,3.8666867784728867,0.6915395117010699,0.8766540367239871,1.5084094740038103,0.5003576011473431,0.8276004510003715
C09-S,S,h0.12_local_adaptive_d1.0,0.12,local_adaptive,1.0,4917,3.3236738987336945,0.8443465028491658,0.9156626506024097,1.374380192586411,0.47751075634057977,0.871585162136272
C10-L,L,h0.12_local_adaptive_d1.0,0.12,local_adaptive,1.0,0,,,,,,
C10-M,M,h0.12_local_adaptive_d1.0,0.12,local_adaptive,1.0,0,,,,,,
C10-S,S,h0.12_local_adaptive_d1.0,0.12,local_adaptive,1.0,0,,,,,,
C11-L,L,h0.12_local_adaptive_d1.0,0.12,local_adaptive,1.0,0,,,,,,
C11-M,M,h0.12_local_adaptive_d1.0,0.12,local_adaptive,1.0,0,,,,,,
C11-S,S,h0.12_local_adaptive_d1.0,0.12,local_adaptive,1.0,0,,,,,,
C12-L,L,h0.12_local_adaptive_d1.0,0.12,local_adaptive,1.0,1933,4.956775675920353,0.5959805880872031,0.8489326765188834,1.558781017363759,0.5064646550422706,0.8107145127714123
C12-M,M,h0.12_local_adaptive_d1.0,0.12,local_adaptive,1.0,2772,4.105592606136062,0.6545304025894573,0.8571428571428572,1.538806644205515,0.49237762303743965,0.8142185590267478
C12-S,S,h0.12_local_adaptive_d1.0,0.12,local_adaptive,1.0,4126,3.5899781172932292,0.7767972090653161,0.8944190451904337,1.4061552998416385,0.48301771965579704,0.8521426754286003
C13-L,L,h0.12_local_adaptive_d1.0,0.12,local_adaptive,1.0,0,,,,,,
C13-M,M,h0.12_local_adaptive_d1.0,0.12,local_adaptive,1.0,0,,,,,,
C13-S,S,h0.12_local_adaptive_d1.0,0.12,local_adaptive,1.0,0,,,,,,
C14-L,L,h0.12_local_adaptive_d1.0,0.12,local_adaptive,1.0,2144,4.734031409598079,0.5902059648119125,0.843535672572822,1.5511648707548158,0.5010822388285024,0.8032350111770524
C14-M,M,h0.12_local_adaptive_d1.0,0.12,local_adaptive,1.0,2793,4.101726696299568,0.6442629648487262,0.8522727272727273,1.524119337305748,0.4932239772041063,0.8087884952225106
C14-S,S,h0.12_local_adaptive_d1.0,0.12,local_adaptive,1.0,4625,3.399221589132705,0.8064243192595053,0.9027027027027027,1.3983191401228763,0.48081502868357484,0.8580651354235179
C15-L,L,h0.12_local_adaptive_d1.0,0.12,local_adaptive,1.0,1979,4.93752598892475,0.6045358062734448,0.8533007334963326,1.5703734919986307,0.5086725354770532,0.8173726389357883
C15-M,M,h0.12_local_adaptive_d1.0,0.12,local_adaptive,1.0,2575,4.147901434618866,0.6618941266940989,0.8639240506329113,1.519947505435127,0.49837050875603867,0.8150102512303301
C15-S,S,h0.12_local_adaptive_d1.0,0.12,local_adaptive,1.0,4510,3.4455978332997264,0.8060618576892227,0.9047619047619048,1.413369378660265,0.4802055027173913,0.8615110772258622
C16-L,L,h0.12_local_adaptive_d1.0,0.12,local_adaptive,1.0,1814,5.230972266162188,0.592227069793479,0.8484099317017644,1.5384686186295755,0.5062240526871981,0.8151665904646639
C16-M,M,h0.12_local_adaptive_d1.0,0.12,local_adaptive,1.0,2518,4.193567780719649,0.6447041993128497,0.8555415968732552,1.5345268056704437,0.49802753245772946,0.8100094069976587
C16-S,S,h0.12_local_adaptive_d1.0,0.12,local_adaptive,1.0,4573,3.408547317463651,0.806772763331724,0.9037433155080214,1.3948868366182832,0.4824836767814009,0.8587962287925642
C17-L,L,h0.12_local_adaptive_d1.0,0.12,local_adaptive,1.0,1783,5.345028672818396,0.5540735122922087,0.8328445747800586,1.586605152342267,0.506399550875604,0.7969713041154727
C17-M,M,h0.12_local_adaptive_d1.0,0.12,local_adaptive,1.0,2373,4.385964343097444,0.6063833711386274,0.8395061728395061,1.578613510678729,0.49499877339975845,0.7945383226268165
C17-S,S,h0.12_local_adaptive_d1.0,0.12,local_adaptive,1.0,3926,3.6251748228320464,0.7469431074862054,0.8857705286839146,1.448199405748912,0.48013190670289857,0.8388841148978476
C18-L,L,h0.12_local_adaptive_d1.0,0.12,local_adaptive,1.0,1900,5.139136274255973,0.5705726038270004,0.8333333333333333,1.5929443645875656,0.49683584314613527,0.7962259229045535
C18-M,M,h0.12_local_adaptive_d1.0,0.12,local_adaptive,1.0,2597,4.2237377220823085,0.6228882255994856,0.8468208092485549,1.527194986149282,0.48970410628019323,0.8002637372122963
C18-S,S,h0.12_local_adaptive_d1.0,0.12,local_adaptive,1.0,3928,3.6686958872205877,0.7422768339968028,0.8826553361135154,1.4370943301778714,0.4826068085748792,0.8400167042494339
C19-L,L,h0.12_local_adaptive_d1.0,0.12,local_adaptive,1.0,1781,5.421684955525073,0.5272103805128353,0.8126801152737751,1.6220353690909808,0.49358299365942027,0.775619276964881
C19-M,M,h0.12_local_adaptive_d1.0,0.12,local_adaptive,1.0,2317,4.632358183109277,0.5810467528041591,0.8297872340425532,1.5926693297607148,0.4908453162741546,0.7805430211199543
C19-S,S,h0.12_local_adaptive_d1.0,0.12,local_adaptive,1.0,3566,3.79626666125431,0.6935452796177354,0.8685529556650247,1.527904969737141,0.48415279664855077,0.8242373611409796
C20-L,L,h0.12_local_adaptive_d1.0,0.12,local_adaptive,1.0,0,,,,,,
C20-M,M,h0.12_local_adaptive_d1.0,0.12,local_adaptive,1.0,0,,,,,,
C20-S,S,h0.12_local_adaptive_d1.0,0.12,local_adaptive,1.0,0,,,,,,
C21-L,L,h0.12_local_adaptive_d1.0,0.12,local_adaptive,1.0,1992,5.0582035897342195,0.5282523578246202,0.8075413575035915,1.6184532284358895,0.48651824803743965,0.7684773065283859
C21-M,M,h0.12_local_adaptive_d1.0,0.12,local_adaptive,1.0,2548,4.425590477585255,0.5724977241607483,0.818811335229997,1.609334152024927,0.4805168704710145,0.7743596229161348
C21-S,S,h0.12_local_adaptive_d1.0,0.12,local_adaptive,1.0,3082,4.062846892798531,0.6347611904210826,0.8461538461538461,1.5782254950582986,0.48054423309178745,0.7999807997441525
C22-L,L,h0.12_local_adaptive_d1.0,0.12,local_adaptive,1.0,0,,,,,,
C22-M,M,h0.12_local_adaptive_d1.0,0.12,local_adaptive,1.0,0,,,,,,
C22-S,S,h0.12_local_adaptive_d1.0,0.12,local_adaptive,1.0,0,,,,,,
C23-L,L,h0.12_local_adaptive_d1.0,0.12,local_adaptive,1.0,0,,,,,,
C23-M,M,h0.12_local_adaptive_d1.0,0.12,local_adaptive,1.0,0,,,,,,
C23-S,S,h0.12_local_adaptive_d1.0,0.12,local_adaptive,1.0,0,,,,,,
C24-L,L,h0.12_local_adaptive_d1.0,0.12,local_adaptive,1.0,1802,5.2762882147993135,0.5376961666228313,0.8241082849466013,1.6087613536652021,0.498371452294686,0.7916688349645229
C24-M,M,h0.12_local_adaptive_d1.0,0.12,local_adaptive,1.0,2246,4.48614610395171,0.595646625064248,0.8359839453366207,1.5578214879772554,0.4889893757548309,0.7884268547019573
C24-S,S,h0.12_local_adaptive_d1.0,0.12,local_adaptive,1.0,4339,3.527538952173992,0.7741961195485275,0.8939929328621908,1.4344150874142476,0.4813905872584541,0.8495495174793296
C25-L,L,h0.12_local_adaptive_d1.0,0.12,local_adaptive,1.0,1504,5.651032108515939,0.5491161290240874,0.832876533542156,1.584266586565465,0.5065939198369566,0.7996408897634794
C25-M,M,h0.12_local_adaptive_d1.0,0.12,local_adaptive,1.0,2550,4.257421727027955,0.6426614116032527,0.8571428571428572,1.5386142798839735,0.4991083559782609,0.8137094433882373
C25-S,S,h0.12_local_adaptive_d1.0,0.12,local_adaptive,1.0,3909,3.660033074925209,0.7511364940130444,0.8868778280542985,1.448295742034073,0.4864295554045894,0.839756528014464
C26-L,L,h0.12_local_adaptive_d1.0,0.12,local_adaptive,1.0,2046,4.9503674306088525,0.5447870521967794,0.8165745395961224,1.624146021074147,0.48123160099637685,0.7813281627382098
C26-M,M,h0.12_local_adaptive_d1.0,0.12,local_adaptive,1.0,1943,5.00774643210875,0.5295420522752082,0.8015873015873016,1.6476836983914824,0.4747216560990338,0.7661812816469017
C26-S,S,h0.12_local_adaptive_d1.0,0.12,local_adaptive,1.0,3115,4.062846892798531,0.6371429471392236,0.8451443569553806,1.5752152609458605,0.4785613866243961,0.7992506554870996
C27-L,L,h0.12_local_adaptive_d1.0,0.12,local_adaptive,1.0,1871,5.120575904019775,0.5810113514235186,0.8452914798206277,1.566212639766132,0.5088876622886472,0.8067700010740922
C27-M,M,h0.12_local_adaptive_d1.0,0.12,local_adaptive,1.0,2296,4.414819682883245,0.6202736507709429,0.8471613898969674,1.5341640884981984,0.4965207012379227,0.7985773673954605
C27-S,S,h0.12_local_adaptive_d1.0,0.12,local_adaptive,1.0,4334,3.5004383795485454,0.7606047387832251,0.8897348309402502,1.4397034557013495,0.4815892021437198,0.845283732831322
C01-L,L,h0.15_otsu_d1.0,0.15,otsu,1.0,832,7.164462397730752,0.548772650803603,0.8520959578353593,1.4819143526113518,0.5022418478260869,0.8171710986286526
C01-M,M,h0.15_otsu_d1.0,0.15,otsu,1.0,993,5.849761568862286,0.5316671871563785,0.8275109170305676,1.5001027866370624,0.485321369263285,0.7703999854847207
C01-S,S,h0.15_otsu_d1.0,0.15,otsu,1.0,2848,3.947928743374773,0.7008528806512752,0.8724339490296937,1.4273466646442552,0.49313858695652174,0.8131642483316898
C02-L,L,h0.15_otsu_d1.0,0.15,otsu,1.0,0,,,,,,
C02-M,M,h0.15_otsu_d1.0,0.15,otsu,1.0,0,,,,,,
C02-S,S,h0.15_otsu_d1.0,0.15,otsu,1.0,0,,,,,,
C03-L,L,h0.15_otsu_d1.0,0.15,otsu,1.0,843,7.041566730943534,0.6205842650123959,0.8767908309455588,1.4486926163661031,0.5106421724033816,0.8612024048895831
C03-M,M,h0.15_otsu_d1.0,0.15,otsu,1.0,913,6.010352112266097,0.5591289255842743,0.8431221020092735,1.4695772528248388,0.4895842768719807,0.8046121075617315
C03-S,S,h0.15_otsu_d1.0,0.15,otsu,1.0,2656,4.185991319643072,0.6668149065309779,0.8575561350252439,1.4477996179446477,0.5150989772041062,0.7961439693052599
C04-L,L,h0.15_otsu_d1.0,0.15,otsu,1.0,723,7.650842169361665,0.5817056616993463,0.8664495114006514,1.4298569088208466,0.50851921044686,0.8452527063471426
C04-M,M,h0.15_otsu_d1.0,0.15,otsu,1.0,959,5.9626291083008445,0.5168892178421207,0.8196969696969697,1.5166941608437212,0.5012799101751207,0.7684316177116893
C04-S,S,h0.15_otsu_d1.0,0.15,otsu,1.0,2451,4.238742166217072,0.6526737305434656,0.8548387096774193,1.4627173679436416,0.5045261548913044,0.792695788440777
C05-L,L,h0.15_otsu_d1.0,0.15,otsu,1.0,0,,,,,,
C05-M,M,h0.15_otsu_d1.0,0.15,otsu,1.0,0,,,,,,
C05-S,S,h0.15_otsu_d1.0,0.15,otsu,1.0,0,,,,,,
C06-L,L,h0.15_otsu_d1.0,0.15,otsu,1.0,0,,,,,,
C06-M,M,h0.15_otsu_d1.0,0.15,otsu,1.0,0,,,,,,
C06-S,S,h0.15_otsu_d1.0,0.15,otsu,1.0,0,,,,,,
C07-L,L,h0.15_otsu_d1.0,0.15,otsu,1.0,804,7.380526646967537,0.49279098814766364,0.8279035328961286,1.5156020625111177,0.5108205012077295,0.8015109274058074
C07-M,M,h0.15_otsu_d1.0,0.15,otsu,1.0,809,6.844976528939401,0.45853950370807767,0.7923076923076924,1.5304620767397104,0.5017030872584541,0.7401326366292479
C07-S,S,h0.15_otsu_d1.0,0.15,otsu,1.0,2767,4.093980274472972,0.6853348454215726,0.8635346756152125,1.4291858331229619,0.5040775022644928,0.8043838033119176
C08-L,L,h0.15_otsu_d1.0,0.15,otsu,1.0,0,,,,,,
C08-M,M,h0.15_otsu_d1.0,0.15,otsu,1.0,0,,,,,,
C08-S,S,h0.15_otsu_d1.0,0.15,otsu,1.0,0,,,,,,
C09-L,L,h0.15_otsu_d1.0,0.15,otsu,1.0,840,7.075295931567707,0.5973944940521966,0.863491940816309,1.4697769956179798,0.5215966560990338,0.8431358700188285
C09-M,M,h0.15_otsu_d1.0,0.15,otsu,1.0,916,5.965275567883342,0.5797931953819242,0.8506459442530536,1.4936042045569886,0.501469089673913,0.8200660418415441
C09-S,S,h0.15_otsu_d1.0,0.15,otsu,1.0,2422,4.093980274472972,0.6697416508497744,0.8590860972075192,1.4536435133692565,0.49041883680555554,0.783365451025983
C10-L,L,h0.15_otsu_d1.0,0.15,otsu,1.0,0,,,,,,
C10-M,M,h0.15_otsu_d1.0,0.15,otsu,1.0,0,,,,,,
C10-S,S,h0.15_otsu_d1.0,0.15,otsu,1.0,0,,,,,,
C11-L,L,h0.15_otsu_d1.0,0.15,otsu,1.0,0,,,,,,
C11-M,M,h0.15_otsu_d1.0,0.15,otsu,1.0,0,,,,,,
C11-S,S,h0.15_otsu_d1.0,0.15,otsu,1.0,0,,,,,,
C12-L,L,h0.15_otsu_d1.0,0.15,otsu,1.0,792,7.230612436623774,0.5757784207477419,0.8537392804667157,1.4632345788882128,0.5201492678140097,0.8279835301876712
C12-M,M,h0.15_otsu_d1.0,0.15,otsu,1.0,944,6.406602144311961,0.46076652858686584,0.7972271139262078,1.5285204595179458,0.5092079936594202,0.7564739288452191
C12-S,S,h0.15_otsu_d1.0,0.15,otsu,1.0,2193,4.686858389531491,0.6045112653876336,0.8387096774193549,1.4898210956693454,0.5166086390398551,0.790613707176249
C13-L,L,h0.15_otsu_d1.0,0.15,otsu,1.0,0,,,,,,
C13-M,M,h0.15_otsu_d1.0,0.15,otsu,1.0,0,,,,,,
C13-S,S,h0.15_otsu_d1.0,0.15,otsu,1.0,0,,,,,,
C14-L,L,h0.15_otsu_d1.0,0.15,otsu,1.0,860,7.2108379092943435,0.539407329359213,0.8397130751991626,1.4852432329348715,0.5210343070652175,0.8095819573649584
C14-M,M,h0.15_otsu_d1.0,0.15,otsu,1.0,811,7.073052654255464,0.427220932490436,0.7863636363636363,1.5936131356294068,0.5192066727053141,0.7388230447201326
C14-S,S,h0.15_otsu_d1.0,0.15,otsu,1.0,2853,3.9998532032338936,0.6894881276327737,0.8658892128279883,1.4417472159232791,0.5022031627415459,0.8028806610295041
C15-L,L,h0.15_otsu_d1.0,0.15,otsu,1.0,806,7.470298208835922,0.565392485578059,0.8550839112143949,1.4638039137686394,0.5170360620471014,0.8287859455973333
C15-M,M,h0.15_otsu_d1.0,0.15,otsu,1.0,760,6.831048226830056,0.4752195501797156,0.8077677224736048,1.5593889776925458,0.5087263171799518,0.7627287142730845
C15-S,S,h0.15_otsu_d1.0,0.15,otsu,1.0,2307,4.298236193901963,0.6416347102865667,0.8510998307952623,1.4912578325389225,0.49364196482487926,0.7884847409964701
C16-L,L,h0.15_otsu_d1.0,0.15,otsu,1.0,724,7.68602787951827,0.5700341794074173,0.8596759340896177,1.457957058750305,0.5251014304045893,0.8321613843263475
C16-M,M,h0.15_otsu_d1.0,0.15,otsu,1.0,823,6.877362539903705,0.48696297253683646,0.8150851581508515,1.5138886520302153,0.5194581257548309,0.7743891178179491
C16-S,S,h0.15_otsu_d1.0,0.15,otsu,1.0,2050,4.496746102767638,0.6172011652052454,0.841719748052202,1.4771746283383367,0.5074657495471014,0.7661559078633529
C17-L,L,h0.15_otsu_d1.0,0.15,otsu,1.0,670,8.49430767298728,0.5472300985449516,0.8540117128520568,1.4339389925567225,0.5347075973731884,0.8238396634665226
C17-M,M,h0.15_otsu_d1.0,0.15,otsu,1.0,660,7.955933475978066,0.4340527594336081,0.8016584389163146,1.4843706594509212,0.5194633152173913,0.7596770221351608
C17-S,S,h0.15_otsu_d1.0,0.15,otsu,1.0,2056,4.622066576727708,0.591704510441696,0.8333333333333333,1.5247383162510455,0.5008288987016908,0.7787406322659259
C18-L,L,h0.15_otsu_d1.0,0.15,otsu,1.0,617,8.73203134663969,0.5064263690020401,0.840244731475187,1.5056106104590756,0.5264006831219806,0.8211329468382834
C18-M,M,h0.15_otsu_d1.0,0.15,otsu,1.0,731,7.140054964796276,0.46155794075321477,0.8031358885017422,1.5394801829043545,0.5161415874094203,0.7620736423623191
C18-S,S,h0.15_otsu_d1.0,0.15,otsu,1.0,1902,4.972759135779089,0.5641159546657849,0.8182518020855203,1.5192917661688825,0.5191151494565217,0.7719603939122939
C19-L,L,h0.15_otsu_d1.0,0.15,otsu,1.0,523,9.189028592430036,0.455211420365057,0.8126115407495539,1.5260542815155347,0.5220240791062802,0.783042587922113
C19-M,M,h0.15_otsu_d1.0,0.15,otsu,1.0,588,8.316816392920028,0.4212971124050948,0.7848041821559593,1.556362508148071,0.5132189764492753,0.7473110696364116
C19-S,S,h0.15_otsu_d1.0,0.15,otsu,1.0,1694,5.243095045493981,0.5352288924437204,0.806697718549187,1.6087864341121516,0.5011563066123189,0.7557205535844362
C20-L,L,h0.15_otsu_d1.0,0.15,otsu,1.0,0,,,,,,
C20-M,M,h0.15_otsu_d1.0,0.15,otsu,1.0,0,,,,,,
C20-S,S,h0.15_otsu_d1.0,0.15,otsu,1.0,0,,,,,,
C21-L,L,h0.15_otsu_d1.0,0.15,otsu,1.0,519,9.373716779062981,0.4180210760851779,0.7900960827790096,1.5176935861086926,0.5223618659420289,0.7748099740602508
C21-M,M,h0.15_otsu_d1.0,0.15,otsu,1.0,720,7.619658215744005,0.38989007852590063,0.765112895911765,1.5829973226787901,0.5164685235507246,0.724024653930665
C21-S,S,h0.15_otsu_d1.0,0.15,otsu,1.0,1582,5.383492448491452,0.5328125311497816,0.810414221029683,1.5904452635020805,0.4980728223128019,0.7524920298453549
C22-L,L,h0.15_otsu_d1.0,0.15,otsu,1.0,0,,,,,,
C22-M,M,h0.15_otsu_d1.0,0.15,otsu,1.0,0,,,,,,
C22-S,S,h0.15_otsu_d1.0,0.15,otsu,1.0,0,,,,,,
C23-L,L,h0.15_otsu_d1.0,0.15,otsu,1.0,0,,,,,,
C23-M,M,h0.15_otsu_d1.0,0.15,otsu,1.0,0,,,,,,
C23-S,S,h0.15_otsu_d1.0,0.15,otsu,1.0,0,,,,,,
C24-L,L,h0.15_otsu_d1.0,0.15,otsu,1.0,652,8.50552130381735,0.5002497359573335,0.8401557221053078,1.4808060410150434,0.533978713768116,0.8127033111795895
C24-M,M,h0.15_otsu_d1.0,0.15,otsu,1.0,691,7.571599912606972,0.44893417442150274,0.7946768060836501,1.531013996985813,0.5157160514794686,0.7591646235870476
C24-S,S,h0.15_otsu_d1.0,0.15,otsu,1.0,2123,4.625500506243265,0.5992908186161967,0.8321428571428572,1.5202135269724832,0.5101765360809178,0.7701011831940849
C25-L,L,h0.15_otsu_d1.0,0.15,otsu,1.0,645,8.54090314099356,0.5424899241930552,0.8515625000000001,1.4487775948182453,0.5347896852355073,0.8252499431189046
C25-M,M,h0.15_otsu_d1.0,0.15,otsu,1.0,845,6.964508322140447,0.4966073745673971,0.8181818181818182,1.5028436490179709,0.5252420176630435,0.7800025382914861
C25-S,S,h0.15_otsu_d1.0,0.15,otsu,1.0,1825,5.0582035897342195,0.5617816763707484,0.8183006535947713,1.5083882828230857,0.5217004453502415,0.7639631472223648
C26-L,L,h0.15_otsu_d1.0,0.15,otsu,1.0,581,8.979365360131526,0.42735095998516676,0.7985232067510548,1.5341689454044438,0.5138063292572465,0.7777242474857937
C26-M,M,h0.15_otsu_d1.0,0.15,otsu,1.0,542,8.65718639677494,0.42376325771510304,0.7964129950685762,1.5293378951407375,0.49259746754227046,0.7651740436584323
C26-S,S,h0.15_otsu_d1.0,0.15,otsu,1.0,1572,5.261226840402518,0.5174609589998093,0.7995062801407524,1.6016885498476094,0.49835871452294683,0.7511743173913724
C27-L,L,h0.15_otsu_d1.0,0.15,otsu,1.0,617,8.488710315280805,0.5204675930842405,0.8412698412698413,1.449567932168873,0.5352831559480676,0.8144469416713371
C27-M,M,h0.15_otsu_d1.0,0.15,otsu,1.0,691,7.533773198492564,0.4472051803699461,0.8011620400258231,1.4995107258414053,0.5203818500905797,0.7599279321121002
C27-S,S,h0.15_otsu_d1.0,0.15,otsu,1.0,1771,4.846683324112317,0.5575987080544625,0.8148148148148148,1.5366167060950164,0.5070472901570048,0.7412883072578058
C01-L,L,h0.15_local_adaptive_d1.0,0.15,local_adaptive,1.0,1829,5.0456366048769885,0.5701236119931665,0.8375886524822694,1.568498906167519,0.49820491772342995,0.7960423782800087
C01-M,M,h0.15_local_adaptive_d1.0,0.15,local_adaptive,1.0,2518,4.0156942680121945,0.6621034702503865,0.8619968258548549,1.525787642880628,0.48507463390700484,0.8036633001973449
C01-S,S,h0.15_local_adaptive_d1.0,0.15,local_adaptive,1.0,4409,3.427122644743577,0.8164916782241287,0.9084507042253521,1.4018782311316058,0.47596618357487924,0.8573708753064166
C02-L,L,h0.15_local_adaptive_d1.0,0.15,local_adaptive,1.0,0,,,,,,
C02-M,M,h0.15_local_adaptive_d1.0,0.15,local_adaptive,1.0,0,,,,,,
C02-S,S,h0.15_local_adaptive_d1.0,0.15,local_adaptive,1.0,0,,,,,,
C03-L,L,h0.15_local_adaptive_d1.0,0.15,local_adaptive,1.0,1578,5.3746412466382045,0.5612293910991731,0.8456350564255206,1.577452755850076,0.509663722826087,0.8071117157274867
C03-M,M,h0.15_local_adaptive_d1.0,0.15,local_adaptive,1.0,2221,4.2237377220823085,0.6292143191391297,0.8557692307692307,1.5154100956046805,0.4961664024758454,0.8042208992522932
C03-S,S,h0.15_local_adaptive_d1.0,0.15,local_adaptive,1.0,4397,3.518528620850199,0.7922046349055146,0.9006622516556291,1.3989580833921036,0.48497980827294684,0.8548014041512308
C04-L,L,h0.15_local_adaptive_d1.0,0.15,local_adaptive,1.0,1584,5.377592725422692,0.5682304048951435,0.8420252759558471,1.549508670221214,0.5020738979468599,0.8045963510823441
C04-M,M,h0.15_local_adaptive_d1.0,0.15,local_adaptive,1.0,2223,4.393195946265654,0.6175973951575163,0.8489583333333334,1.5426012540377094,0.4939311594202898,0.794038587725939
C04-S,S,h0.15_local_adaptive_d1.0,0.15,local_adaptive,1.0,4222,3.536526327127732,0.7875563059874615,0.899641577060932,1.415498403810115,0.478316066576087,0.8520167102795955
C05-L,L,h0.15_local_adaptive_d1.0,0.15,local_adaptive,1.0,0,,,,,,
C05-M,M,h0.15_local_adaptive_d1.0,0.15,local_adaptive,1.0,0,,,,,,
C05-S,S,h0.15_local_adaptive_d1.0,0.15,local_adaptive,1.0,0,,,,,,
C06-L,L,h0.15_local_adaptive_d1.0,0.15,local_adaptive,1.0,0,,,,,,
C06-M,M,h0.15_local_adaptive_d1.0,0.15,local_adaptive,1.0,0,,,,,,
C06-S,S,h0.15_local_adaptive_d1.0,0.15,local_adaptive,1.0,0,,,,,,
C07-L,L,h0.15_local_adaptive_d1.0,0.15,local_adaptive,1.0,1756,5.1422265579875965,0.5432705881638333,0.8237626405376547,1.608899462642781,0.4973562047101449,0.7803769859200983
C07-M,M,h0.15_local_adaptive_d1.0,0.15,local_adaptive,1.0,2304,4.389580144681549,0.6081221435341891,0.8381622814381311,1.571345166758551,0.4868607525664251,0.7911127420874728
C07-S,S,h0.15_local_adaptive_d1.0,0.15,local_adaptive,1.0,4265,3.527538952173992,0.8084024497334533,0.9054054054054053,1.3978333906898268,0.47915770304951694,0.8538462526974019
C08-L,L,h0.15_local_adaptive_d1.0,0.15,local_adaptive,1.0,0,,,,,,
C08-M,M,h0.15_local_adaptive_d1.0,0.15,local_adaptive,1.0,0,,,,,,
C08-S,S,h0.15_local_adaptive_d1.0,0.15,local_adaptive,1.0,0,,,,,,
C09-L,L,h0.15_local_adaptive_d1.0,0.15,local_adaptive,1.0,1784,5.080120048353217,0.5757092733389032,0.8400527132752029,1.5990269646057198,0.5119041553442029,0.8047820435664985
C09-M,M,h0.15_local_adaptive_d1.0,0.15,local_adaptive,1.0,2242,4.253693684128203,0.6418619963434529,0.8629330943847073,1.5411644788210026,0.5003576011473431,0.8129337408731823
C09-S,S,h0.15_local_adaptive_d1.0,0.15,local_adaptive,1.0,4547,3.399221589132705,0.8260551185802474,0.9108527131782946,1.3955768649783098,0.47751075634057977,0.8604001772293188
C10-L,L,h0.15_local_adaptive_d1.0,0.15,local_adaptive,1.0,0,,,,,,
C10-M,M,h0.15_local_adaptive_d1.0,0.15,local_adaptive,1.0,0,,,,,,
C10-S,S,h0.15_local_adaptive_d1.0,0.15,local_adaptive,1.0,0,,,,,,
C11-L,L,h0.15_local_adaptive_d1.0,0.15,local_adaptive,1.0,0,,,,,,
C11-M,M,h0.15_local_adaptive_d1.0,0.15,local_adaptive,1.0,0,,,,,,
C11-S,S,h0.15_local_adaptive_d1.0,0.15,local_adaptive,1.0,0,,,,,,
C12-L,L,h0.15_local_adaptive_d1.0,0.15,local_adaptive,1.0,1720,5.273280067746964,0.565244339475751,0.8376413750111319,1.5668610601624673,0.5064646550422706,0.8020187189199893
C12-M,M,h0.15_local_adaptive_d1.0,0.15,local_adaptive,1.0,2395,4.371465247739782,0.6084000072919475,0.8401534526854221,1.5730645417336138,0.49237762303743965,0.7976017142880875
C12-S,S,h0.15_local_adaptive_d1.0,0.15,local_adaptive,1.0,3755,3.7117066869195305,0.7478355813294667,0.8852459016393444,1.4437014267959527,0.48301771965579704,0.8379072896142653
C13-L,L,h0.15_local_adaptive_d1.0,0.15,local_adaptive,1.0,0,,,,,,
C13-M,M,h0.15_local_adaptive_d1.0,0.15,local_adaptive,1.0,0,,,,,,
C13-S,S,h0.15_local_adaptive_d1.0,0.15,local_adaptive,1.0,0,,,,,,
C14-L,L,h0.15_local_adaptive_d1.0,0.15,local_adaptive,1.0,1867,5.020408263779298,0.5648025409840286,0.8341836734693878,1.554326340367658,0.5010822388285024,0.7931861409698656
C14-M,M,h0.15_local_adaptive_d1.0,0.15,local_adaptive,1.0,2420,4.371465247739782,0.6092893131840159,0.8395644071744701,1.5579847794589419,0.4932239772041063,0.7920029570180961
C14-S,S,h0.15_local_adaptive_d1.0,0.15,local_adaptive,1.0,4200,3.518528620850199,0.7797933354446875,0.893567769897557,1.427227070966862,0.48081502868357484,0.8427642424683363
C15-L,L,h0.15_local_adaptive_d1.0,0.15,local_adaptive,1.0,1738,5.28230108471508,0.5736439394178761,0.8431493572740257,1.5735961999576078,0.5086725354770532,0.8060977369707464
C15-M,M,h0.15_local_adaptive_d1.0,0.15,local_adaptive,1.0,2210,4.47906457451088,0.627449118477539,0.852872719756085,1.532626997260342,0.49837050875603867,0.7979333864973163
C15-S,S,h0.15_local_adaptive_d1.0,0.15,local_adaptive,1.0,4126,3.572249721942558,0.7763667551982634,0.8962459876301574,1.4436727476403073,0.4802055027173913,0.8474695877809073
C16-L,L,h0.15_local_adaptive_d1.0,0.15,local_adaptive,1.0,1589,5.503043830830882,0.5542329216135187,0.8398148148148149,1.5466175850295065,0.5062240526871981,0.8036191684823006
C16-M,M,h0.15_local_adaptive_d1.0,0.15,local_adaptive,1.0,2184,4.521387384732147,0.6098519187046684,0.844197640117994,1.558237733903347,0.49802753245772946,0.7949277379865135
C16-S,S,h0.15_local_adaptive_d1.0,0.15,local_adaptive,1.0,4154,3.536526327127732,0.7747700573338832,0.8915284625728374,1.4250566548075767,0.4824836767814009,0.843374498946938
C17-L,L,h0.15_local_adaptive_d1.0,0.15,local_adaptive,1.0,1568,5.670657983793729,0.5283933188072365,0.8236024542267238,1.592111317349044,0.506399550875604,0.7851150823872244
C17-M,M,h0.15_local_adaptive_d1.0,0.15,local_adaptive,1.0,1997,4.7940004189952035,0.5628460297805749,0.8217821782178218,1.602917565132589,0.49499877339975845,0.7723932400543153
C17-S,S,h0.15_local_adaptive_d1.0,0.15,local_adaptive,1.0,3479,3.8378480402648627,0.703874437681908,0.8722466960352422,1.489778091335589,0.48013190670289857,0.8201257922656688
C18-L,L,h0.15_local_adaptive_d1.0,0.15,local_adaptive,1.0,1642,5.543275496273416,0.5197342949063501,0.8177707534356023,1.617133256842199,0.49683584314613527,0.7834094099409082
C18-M,M,h0.15_local_adaptive_d1.0,0.15,local_adaptive,1.0,2269,4.542400917235657,0.5918372244098343,0.8365384615384615,1.5583780603136408,0.48970410628019323,0.7847319186095734
C18-S,S,h0.15_local_adaptive_d1.0,0.15,local_adaptive,1.0,3553,3.8046192932688725,0.708288606842735,0.8702702702702704,1.4665181325916903,0.4826068085748792,0.8240451814388552
C19-L,L,h0.15_local_adaptive_d1.0,0.15,local_adaptive,1.0,1509,5.789762428247603,0.486542068096148,0.7994579945799459,1.6211082875404108,0.49358299365942027,0.7598732506135668
C19-M,M,h0.15_local_adaptive_d1.0,0.15,local_adaptive,1.0,1968,5.014081344739102,0.5409810084315392,0.8133478741206479,1.6197087123024099,0.4908453162741546,0.7606187653660339
C19-S,S,h0.15_local_adaptive_d1.0,0.15,local_adaptive,1.0,3177,4.007781562259003,0.6616581428905339,0.8568232662192393,1.5674825326204163,0.48415279664855077,0.8067343755668254
C20-L,L,h0.15_local_adaptive_d1.0,0.15,local_adaptive,1.0,0,,,,,,
C20-M,M,h0.15_local_adaptive_d1.0,0.15,local_adaptive,1.0,0,,,,,,
C20-S,S,h0.15_local_adaptive_d1.0,0.15,local_adaptive,1.0,0,,,,,,
C21-L,L,h0.15_local_adaptive_d1.0,0.15,local_adaptive,1.0,1679,5.456701584028908,0.49229804604101846,0.7958287596048298,1.658569968599008,0.48651824803743965,0.7522310118090021
C21-M,M,h0.15_local_adaptive_d1.0,0.15,local_adaptive,1.0,2200,4.740732094352511,0.5290327992267139,0.8030114945681992,1.6295801205174176,0.4805168704710145,0.7520971164210911
C21-S,S,h0.15_local_adaptive_d1.0,0.15,local_adaptive,1.0,2661,4.385964343097444,0.5929462346249216,0.8284023668639052,1.625257824436792,0.48054423309178745,0.7785902736542862
C22-L,L,h0.15_local_adaptive_d1.0,0.15,local_adaptive,1.0,0,,,,,,
C22-M,M,h0.15_local_adaptive_d1.0,0.15,local_adaptive,1.0,0,,,,,,
C22-S,S,h0.15_local_adaptive_d1.0,0.15,local_adaptive,1.0,0,,,,,,
C23-L,L,h0.15_local_adaptive_d1.0,0.15,local_adaptive,1.0,0,,,,,,
C23-M,M,h0.15_local_adaptive_d1.0,0.15,local_adaptive,1.0,0,,,,,,
C23-S,S,h0.15_local_adaptive_d1.0,0.15,local_adaptive,1.0,0,,,,,,
C24-L,L,h0.15_local_adaptive_d1.0,0.15,local_adaptive,1.0,1538,5.687426854508109,0.5094307215830974,0.8145784804083346,1.6282494945835904,0.498371452294686,0.7778041123002956
C24-M,M,h0.15_local_adaptive_d1.0,0.15,local_adaptive,1.0,1896,4.823704230756274,0.5539590439665667,0.8212339941662135,1.5928156528418915,0.4889893757548309,0.767487593874575
C24-S,S,h0.15_local_adaptive_d1.0,0.15,local_adaptive,1.0,3990,3.6426456460683796,0.7481342920389565,0.8838639071756345,1.468702604408576,0.4813905872584541,0.8368527600252637
C25-L,L,h0.15_local_adaptive_d1.0,0.15,local_adaptive,1.0,1298,6.02880846388826,0.5214458242393851,0.8261355932203389,1.588579186570592,0.5065939198369566,0.7862132923308403
C25-M,M,h0.15_local_adaptive_d1.0,0.15,local_adaptive,1.0,2193,4.563317685959601,0.6082610257197236,0.8461538461538463,1.5681497962393136,0.4991083559782609,0.797712067251539
C25-S,S,h0.15_local_adaptive_d1.0,0.15,local_adaptive,1.0,3475,3.8129536281046623,0.7155880329305783,0.8757396449704141,1.483054661319307,0.4864295554045894,0.8222940085691447
C26-L,L,h0.15_local_adaptive_d1.0,0.15,local_adaptive,1.0,1755,5.297304247100458,0.5071762166028447,0.8014492753623188,1.6444777015577876,0.48123160099637685,0.764272835457896
C26-M,M,h0.15_local_adaptive_d1.0,0.15,local_adaptive,1.0,1660,5.345028672818396,0.48790109974279794,0.7876663194512686,1.6702198054110016,0.4747216560990338,0.7469294665883927
C26-S,S,h0.15_local_adaptive_d1.0,0.15,local_adaptive,1.0,2741,4.261149769927706,0.6088487453960723,0.8324324324324325,1.6155172947957248,0.4785613866243961,0.7804107577938834
C27-L,L,h0.15_local_adaptive_d1.0,0.15,local_adaptive,1.0,1631,5.491494932832067,0.5478496000955846,0.8358208955223881,1.5800206188919381,0.5088876622886472,0.795666005749965
C27-M,M,h0.15_local_adaptive_d1.0,0.15,local_adaptive,1.0,1950,4.717236856231072,0.5841470481934379,0.8360359768907564,1.5672302266166036,0.4965207012379227,0.7794377236002521
C27-S,S,h0.15_local_adaptive_d1.0,0.15,local_adaptive,1.0,3953,3.6339207337885258,0.7344877187801331,0.8794642857142856,1.4754906971577928,0.4815892021437198,0.8298274875664396
C01-L,L,h0.18_otsu_d1.0,0.18,otsu,1.0,697,7.927958711367745,0.5312853094299733,0.8470948012232415,1.470652784879096,0.5022418478260869,0.8065100791431825
C01-M,M,h0.18_otsu_d1.0,0.18,otsu,1.0,732,6.9690588017547075,0.44599139608559796,0.8038064696040156,1.5234774553073867,0.485321369263285,0.7468518375614072
C01-S,S,h0.18_otsu_d1.0,0.18,otsu,1.0,2456,4.238742166217072,0.6508515601082837,0.8555023187322799,1.4623348393771527,0.49313858695652174,0.7909272507887283
C02-L,L,h0.18_otsu_d1.0,0.18,otsu,1.0,0,,,,,,
C02-M,M,h0.18_otsu_d1.0,0.18,otsu,1.0,0,,,,,,
C02-S,S,h0.18_otsu_d1.0,0.18,otsu,1.0,0,,,,,,
C03-L,L,h0.18_otsu_d1.0,0.18,otsu,1.0,731,7.605065710662343,0.6094767496315334,0.8742138364779873,1.430305653624748,0.5106421724033816,0.855422236171575
C03-M,M,h0.18_otsu_d1.0,0.18,otsu,1.0,672,7.491514716949809,0.47998984650287246,0.8152440282172277,1.4850611240208016,0.4895842768719807,0.7844392206781482
C03-S,S,h0.18_otsu_d1.0,0.18,otsu,1.0,2244,4.493216472568831,0.6120556890895215,0.8369590676819678,1.48308978537949,0.5150989772041062,0.7721527759053375
C04-L,L,h0.18_otsu_d1.0,0.18,otsu,1.0,621,8.371982639286143,0.5624999699257829,0.8659793814432989,1.4189465895655684,0.50851921044686,0.8386231064573418
C04-M,M,h0.18_otsu_d1.0,0.18,otsu,1.0,699,7.294000549630446,0.44296521314239884,0.7964169381107492,1.5380947409515169,0.5012799101751207,0.7421535442401257
C04-S,S,h0.18_otsu_d1.0,0.18,otsu,1.0,2057,4.584139015461902,0.5965192354929807,0.8346456692913387,1.506221465930009,0.5045261548913044,0.767688029916277
C05-L,L,h0.18_otsu_d1.0,0.18,otsu,1.0,0,,,,,,
C05-M,M,h0.18_otsu_d1.0,0.18,otsu,1.0,0,,,,,,
C05-S,S,h0.18_otsu_d1.0,0.18,otsu,1.0,0,,,,,,
C06-L,L,h0.18_otsu_d1.0,0.18,otsu,1.0,0,,,,,,
C06-M,M,h0.18_otsu_d1.0,0.18,otsu,1.0,0,,,,,,
C06-S,S,h0.18_otsu_d1.0,0.18,otsu,1.0,0,,,,,,
C07-L,L,h0.18_otsu_d1.0,0.18,otsu,1.0,683,8.027435108004374,0.4719106574242317,0.8221726190476191,1.5140945882750974,0.5108205012077295,0.7945975602805072
C07-M,M,h0.18_otsu_d1.0,0.18,otsu,1.0,608,7.887807650626819,0.4029423662025113,0.76957604537387,1.5813844706915874,0.5017030872584541,0.7150576489484006
C07-S,S,h0.18_otsu_d1.0,0.18,otsu,1.0,2375,4.356917902080675,0.6295805987687432,0.8468468468468467,1.4659287837154285,0.5040775022644928,0.7828738246763927
C08-L,L,h0.18_otsu_d1.0,0.18,otsu,1.0,0,,,,,,
C08-M,M,h0.18_otsu_d1.0,0.18,otsu,1.0,0,,,,,,
C08-S,S,h0.18_otsu_d1.0,0.18,otsu,1.0,0,,,,,,
C09-L,L,h0.18_otsu_d1.0,0.18,otsu,1.0,715,7.7661466117142375,0.5682863046180162,0.8598848368522074,1.4560218279001798,0.5215966560990338,0.8315560470736507
C09-M,M,h0.18_otsu_d1.0,0.18,otsu,1.0,701,7.162249780419965,0.5273752235129412,0.8344079718640095,1.5037753656115884,0.501469089673913,0.8057802914485002
C09-S,S,h0.18_otsu_d1.0,0.18,otsu,1.0,1974,4.4040196115479695,0.6121657263085691,0.8402752156745767,1.506560537252234,0.49041883680555554,0.7540754066735003
C10-L,L,h0.18_otsu_d1.0,0.18,otsu,1.0,0,,,,,,
C10-M,M,h0.18_otsu_d1.0,0.18,otsu,1.0,0,,,,,,
C10-S,S,h0.18_otsu_d1.0,0.18,otsu,1.0,0,,,,,,
C11-L,L,h0.18_otsu_d1.0,0.18,otsu,1.0,0,,,,,,
C11-M,M,h0.18_otsu_d1.0,0.18,otsu,1.0,0,,,,,,
C11-S,S,h0.18_otsu_d1.0,0.18,otsu,1.0,0,,,,,,
C12-L,L,h0.18_otsu_d1.0,0.18,otsu,1.0,681,7.855555745370387,0.5565253560264796,0.8478664192949907,1.4704769778459206,0.5201492678140097,0.8191506612414226
C12-M,M,h0.18_otsu_d1.0,0.18,otsu,1.0,717,7.512676060466802,0.4028649093056125,0.7754098360655738,1.568669609217298,0.5092079936594202,0.7338485271638773
C12-S,S,h0.18_otsu_d1.0,0.18,otsu,1.0,1860,5.092601944016122,0.5563120200153593,0.8192966903073287,1.5333442750317745,0.5166086390398551,0.7670929303041977
C13-L,L,h0.18_otsu_d1.0,0.18,otsu,1.0,0,,,,,,
C13-M,M,h0.18_otsu_d1.0,0.18,otsu,1.0,0,,,,,,
C13-S,S,h0.18_otsu_d1.0,0.18,otsu,1.0,0,,,,,,
C14-L,L,h0.18_otsu_d1.0,0.18,otsu,1.0,721,7.987793210868281,0.5107579073309203,0.8311791084146664,1.4855669712356172,0.5210343070652175,0.7965595144610447
C14-M,M,h0.18_otsu_d1.0,0.18,otsu,1.0,609,8.295802869237733,0.3661660985129985,0.7601226993865031,1.6206311167160303,0.5192066727053141,0.7130730409930157
C14-S,S,h0.18_otsu_d1.0,0.18,otsu,1.0,2440,4.227492158576884,0.6467578608544823,0.8488814666877644,1.4697729718334793,0.5022031627415459,0.7801764357182442
C15-L,L,h0.18_otsu_d1.0,0.18,otsu,1.0,686,8.119829678293263,0.5484209891145744,0.8493516477884271,1.4548971311883094,0.5170360620471014,0.8176061324341906
C15-M,M,h0.18_otsu_d1.0,0.18,otsu,1.0,561,8.074748494756635,0.4267783177009144,0.7987421383647798,1.5713944507423743,0.5087263171799518,0.7417645752586342
C15-S,S,h0.18_otsu_d1.0,0.18,otsu,1.0,1915,4.680080571972979,0.5856176936522886,0.8294573643410853,1.529007389529946,0.49364196482487926,0.7636879812194464
C16-L,L,h0.18_otsu_d1.0,0.18,otsu,1.0,636,8.377667982694241,0.5529447812631101,0.8541166565153524,1.4734105032732856,0.5251014304045893,0.8221629640938821
C16-M,M,h0.18_otsu_d1.0,0.18,otsu,1.0,625,8.15299400961574,0.4287704082077605,0.7974882260596546,1.5317311111040997,0.5194581257548309,0.7525516814832653
C16-S,S,h0.18_otsu_d1.0,0.18,otsu,1.0,1647,4.9695673763539245,0.5603991903960003,0.8171557562076749,1.5220084155526512,0.5074657495471014,0.7357046062131114
C17-L,L,h0.18_otsu_d1.0,0.18,otsu,1.0,574,9.144008867956092,0.5224197213205852,0.8495852049259601,1.4421248335373562,0.5347075973731884,0.8117458409911249
C17-M,M,h0.18_otsu_d1.0,0.18,otsu,1.0,510,9.252703663873437,0.37649069734700014,0.784840787101185,1.4909191205801198,0.5194633152173913,0.7425978109425074
C17-S,S,h0.18_otsu_d1.0,0.18,otsu,1.0,1723,5.039341360248559,0.5401025705163989,0.8138479001135073,1.579618212427728,0.5008288987016908,0.7545669416536124
C18-L,L,h0.18_otsu_d1.0,0.18,otsu,1.0,539,9.387252839225006,0.48293334321558323,0.830188679245283,1.502824107001284,0.5264006831219806,0.8130608777942503
C18-M,M,h0.18_otsu_d1.0,0.18,otsu,1.0,567,8.398482311468427,0.4218689835354413,0.7869458128078819,1.5404577394023866,0.5161415874094203,0.7435979580493539
C18-S,S,h0.18_otsu_d1.0,0.18,otsu,1.0,1545,5.350964297826473,0.5172439774917444,0.8029045643153526,1.5455703908278555,0.5191151494565217,0.7438376848108349
C19-L,L,h0.18_otsu_d1.0,0.18,otsu,1.0,447,9.897528145389069,0.42764819414430527,0.8056597340606886,1.5251975185777267,0.5220240791062802,0.7718536274613116
C19-M,M,h0.18_otsu_d1.0,0.18,otsu,1.0,446,9.581367837636957,0.37578938319960353,0.7708565407195543,1.5404914052328311,0.5132189764492753,0.7323943584705067
C19-S,S,h0.18_otsu_d1.0,0.18,otsu,1.0,1361,5.767789816047085,0.4792176211113167,0.7853982300884955,1.6456339392702077,0.5011563066123189,0.7287616222970046
C20-L,L,h0.18_otsu_d1.0,0.18,otsu,1.0,0,,,,,,
C20-M,M,h0.18_otsu_d1.0,0.18,otsu,1.0,0,,,,,,
C20-S,S,h0.18_otsu_d1.0,0.18,otsu,1.0,0,,,,,,
C21-L,L,h0.18_otsu_d1.0,0.18,otsu,1.0,421,10.45283794896599,0.37429581910352683,0.7792843691148776,1.526377710674221,0.5223618659420289,0.7628885119663553
C21-M,M,h0.18_otsu_d1.0,0.18,otsu,1.0,561,8.518573944250116,0.34249688513261517,0.7479526842584167,1.6212364937514947,0.5164685235507246,0.6948153395871077
C21-S,S,h0.18_otsu_d1.0,0.18,otsu,1.0,1288,5.903777133849647,0.48291214967594637,0.7902198376336308,1.612934847493832,0.4980728223128019,0.7287061568094105
C22-L,L,h0.18_otsu_d1.0,0.18,otsu,1.0,0,,,,,,
C22-M,M,h0.18_otsu_d1.0,0.18,otsu,1.0,0,,,,,,
C22-S,S,h0.18_otsu_d1.0,0.18,otsu,1.0,0,,,,,,
C23-L,L,h0.18_otsu_d1.0,0.18,otsu,1.0,0,,,,,,
C23-M,M,h0.18_otsu_d1.0,0.18,otsu,1.0,0,,,,,,
C23-S,S,h0.18_otsu_d1.0,0.18,otsu,1.0,0,,,,,,
C24-L,L,h0.18_otsu_d1.0,0.18,otsu,1.0,560,9.244125499799217,0.4735601606719798,0.8319423471038723,1.4802015923035083,0.533978713768116,0.8007343818539286
C24-M,M,h0.18_otsu_d1.0,0.18,otsu,1.0,548,8.895891878306104,0.39529377213538064,0.7785798317178589,1.550262898059803,0.5157160514794686,0.7463904344068287
C24-S,S,h0.18_otsu_d1.0,0.18,otsu,1.0,1726,4.9503674306088525,0.548594881216951,0.809157613874595,1.5678949286540007,0.5101765360809178,0.7417160134530985
C25-L,L,h0.18_otsu_d1.0,0.18,otsu,1.0,536,9.52155279054112,0.5174825614181049,0.8422782721272017,1.4819013727025734,0.5347896852355073,0.8081052544143776
C25-M,M,h0.18_otsu_d1.0,0.18,otsu,1.0,654,7.929954153724731,0.44551018484074323,0.803778392592641,1.5114519306794234,0.5252420176630435,0.7576649463675068
C25-S,S,h0.18_otsu_d1.0,0.18,otsu,1.0,1476,5.600247964261322,0.5181100204024511,0.8036571546150925,1.5450286171547596,0.5217004453502415,0.7365222267478093
C26-L,L,h0.18_otsu_d1.0,0.18,otsu,1.0,496,9.915149017832707,0.40209890529671505,0.7928168773837452,1.5522023475155045,0.5138063292572465,0.7672175746371465
C26-M,M,h0.18_otsu_d1.0,0.18,otsu,1.0,442,10.347536103756685,0.37087681586341986,0.7793543295571731,1.5331653003787427,0.49259746754227046,0.7513974261459775
C26-S,S,h0.18_otsu_d1.0,0.18,otsu,1.0,1314,5.754013663951326,0.47412619335322104,0.7828887443070918,1.6231273570495885,0.49835871452294683,0.729204211592023
C27-L,L,h0.18_otsu_d1.0,0.18,otsu,1.0,533,9.060309737976617,0.4982759987302448,0.832515337423313,1.459281954048266,0.5352831559480676,0.805172047287201
C27-M,M,h0.18_otsu_d1.0,0.18,otsu,1.0,516,8.90659908866187,0.4003150226489086,0.7817553763199863,1.5263926651911242,0.5203818500905797,0.7403396334351182
C27-S,S,h0.18_otsu_d1.0,0.18,otsu,1.0,1409,5.380544204207179,0.5009886021514403,0.7961926091825308,1.5963005456178025,0.5070472901570048,0.712899521020977
C01-L,L,h0.18_local_adaptive_d1.0,0.18,local_adaptive,1.0,1590,5.3628158390288885,0.5437537534153501,0.8322930853340598,1.5616444879160796,0.49820491772342995,0.7858480278712978
C01-M,M,h0.18_local_adaptive_d1.0,0.18,local_adaptive,1.0,2157,4.261149769927706,0.6278153983179761,0.8502824858757063,1.5361689232026154,0.48507463390700484,0.788460347136026
C01-S,S,h0.18_local_adaptive_d1.0,0.18,local_adaptive,1.0,4038,3.536526327127732,0.7865096595599586,0.8987319195990654,1.4303123875230608,0.47596618357487924,0.8436339620754799
C02-L,L,h0.18_local_adaptive_d1.0,0.18,local_adaptive,1.0,0,,,,,,
C02-M,M,h0.18_local_adaptive_d1.0,0.18,local_adaptive,1.0,0,,,,,,
C02-S,S,h0.18_local_adaptive_d1.0,0.18,local_adaptive,1.0,0,,,,,,
C03-L,L,h0.18_local_adaptive_d1.0,0.18,local_adaptive,1.0,1367,5.740205775517335,0.5431093631053273,0.838655462184874,1.5662389840588642,0.509663722826087,0.8031511909889876
C03-M,M,h0.18_local_adaptive_d1.0,0.18,local_adaptive,1.0,1888,4.545892388103343,0.5884529030865671,0.8402476137400494,1.5324809779469273,0.4961664024758454,0.7917479200208507
C03-S,S,h0.18_local_adaptive_d1.0,0.18,local_adaptive,1.0,4060,3.616407760849512,0.7710944766610355,0.8936170212765957,1.4229655782740038,0.48497980827294684,0.8419136003314897
C04-L,L,h0.18_local_adaptive_d1.0,0.18,local_adaptive,1.0,1407,5.695793458191785,0.5400674713052273,0.8338658146964856,1.5677511697746551,0.5020738979468599,0.7965733887999198
C04-M,M,h0.18_local_adaptive_d1.0,0.18,local_adaptive,1.0,1888,4.780738981642966,0.5734334888684054,0.8342213433669312,1.5734584483741907,0.4939311594202898,0.7770116508293562
C04-S,S,h0.18_local_adaptive_d1.0,0.18,local_adaptive,1.0,3897,3.6513497102008317,0.760389903481185,0.891566265060241,1.4421150967846001,0.478316066576087,0.839393843299016
C05-L,L,h0.18_local_adaptive_d1.0,0.18,local_adaptive,1.0,0,,,,,,
C05-M,M,h0.18_local_adaptive_d1.0,0.18,local_adaptive,1.0,0,,,,,,
C05-S,S,h0.18_local_adaptive_d1.0,0.18,local_adaptive,1.0,0,,,,,,
C06-L,L,h0.18_local_adaptive_d1.0,0.18,local_adaptive,1.0,0,,,,,,
C06-M,M,h0.18_local_adaptive_d1.0,0.18,local_adaptive,1.0,0,,,,,,
C06-S,S,h0.18_local_adaptive_d1.0,0.18,local_adaptive,1.0,0,,,,,,
C07-L,L,h0.18_local_adaptive_d1.0,0.18,local_adaptive,1.0,1498,5.503040807561657,0.5127489017625683,0.8155684087309785,1.6255865335257986,0.4973562047101449,0.7699680840629197
C07-M,M,h0.18_local_adaptive_d1.0,0.18,local_adaptive,1.0,1954,4.676686748162366,0.5697101713824431,0.8255994174858272,1.6029534508217318,0.4868607525664251,0.7711412566111553
C07-S,S,h0.18_local_adaptive_d1.0,0.18,local_adaptive,1.0,3870,3.660033074925209,0.7818516675437572,0.8963346766455575,1.4286174355058132,0.47915770304951694,0.8373495967868825
C08-L,L,h0.18_local_adaptive_d1.0,0.18,local_adaptive,1.0,0,,,,,,
C08-M,M,h0.18_local_adaptive_d1.0,0.18,local_adaptive,1.0,0,,,,,,
C08-S,S,h0.18_local_adaptive_d1.0,0.18,local_adaptive,1.0,0,,,,,,
C09-L,L,h0.18_local_adaptive_d1.0,0.18,local_adaptive,1.0,1569,5.404091556115475,0.552069963319294,0.8333333333333334,1.600092701938604,0.5119041553442029,0.7974536865395337
C09-M,M,h0.18_local_adaptive_d1.0,0.18,local_adaptive,1.0,1930,4.570268668946549,0.6050475611042732,0.8501012145748987,1.5578570344709597,0.5003576011473431,0.8017363193476423
C09-S,S,h0.18_local_adaptive_d1.0,0.18,local_adaptive,1.0,4094,3.527538952173992,0.7985080088151681,0.9035714285714286,1.426407122796041,0.47751075634057977,0.8447464765232128
C10-L,L,h0.18_local_adaptive_d1.0,0.18,local_adaptive,1.0,0,,,,,,
C10-M,M,h0.18_local_adaptive_d1.0,0.18,local_adaptive,1.0,0,,,,,,
C10-S,S,h0.18_local_adaptive_d1.0,0.18,local_adaptive,1.0,0,,,,,,
C11-L,L,h0.18_local_adaptive_d1.0,0.18,local_adaptive,1.0,0,,,,,,
C11-M,M,h0.18_local_adaptive_d1.0,0.18,local_adaptive,1.0,0,,,,,,
C11-S,S,h0.18_local_adaptive_d1.0,0.18,local_adaptive,1.0,0,,,,,,
C12-L,L,h0.18_local_adaptive_d1.0,0.18,local_adaptive,1.0,1509,5.651032108515939,0.5321312539305073,0.831858407079646,1.578747288172481,0.5064646550422706,0.7938169726929419
C12-M,M,h0.18_local_adaptive_d1.0,0.18,local_adaptive,1.0,2063,4.693626419612503,0.5651151253663932,0.8244620611551529,1.6025481690183119,0.49237762303743965,0.7809472865224883
C12-S,S,h0.18_local_adaptive_d1.0,0.18,local_adaptive,1.0,3382,3.8707915461331637,0.7095335397300044,0.8734177215189873,1.4866312143453242,0.48301771965579704,0.8224456337373707
C13-L,L,h0.18_local_adaptive_d1.0,0.18,local_adaptive,1.0,0,,,,,,
C13-M,M,h0.18_local_adaptive_d1.0,0.18,local_adaptive,1.0,0,,,,,,
C13-S,S,h0.18_local_adaptive_d1.0,0.18,local_adaptive,1.0,0,,,,,,
C14-L,L,h0.18_local_adaptive_d1.0,0.18,local_adaptive,1.0,1599,5.356893345958676,0.5343695385967262,0.8233438485804416,1.5570840874582534,0.5010822388285024,0.7808690448773894
C14-M,M,h0.18_local_adaptive_d1.0,0.18,local_adaptive,1.0,2109,4.693626419612503,0.5736198678692515,0.8255813953488372,1.583990323772775,0.4932239772041063,0.7763156766235002
C14-S,S,h0.18_local_adaptive_d1.0,0.18,local_adaptive,1.0,3815,3.660033074925209,0.7489933133569203,0.8831521739130436,1.455463859322719,0.48081502868357484,0.8272046547350606
C15-L,L,h0.18_local_adaptive_d1.0,0.18,local_adaptive,1.0,1515,5.662255619291985,0.5421183131650631,0.834061135371179,1.578553890025133,0.5086725354770532,0.7946085208003364
C15-M,M,h0.18_local_adaptive_d1.0,0.18,local_adaptive,1.0,1878,4.787374292236132,0.5815485709169481,0.8383256429975219,1.555735927890181,0.49837050875603867,0.7811914925394936
C15-S,S,h0.18_local_adaptive_d1.0,0.18,local_adaptive,1.0,3741,3.6945624535251254,0.7369715930324274,0.8842975206611571,1.4778183794705115,0.4802055027173913,0.8322112364877031
C16-L,L,h0.18_local_adaptive_d1.0,0.18,local_adaptive,1.0,1415,5.767789816047085,0.5358797247123214,0.8345356176735799,1.5466175850295065,0.5062240526871981,0.7937067059476637
C16-M,M,h0.18_local_adaptive_d1.0,0.18,local_adaptive,1.0,1866,4.876066238680025,0.564262517860951,0.8287176281408616,1.5882942845177093,0.49802753245772946,0.7786414462351116
C16-S,S,h0.18_local_adaptive_d1.0,0.18,local_adaptive,1.0,3765,3.6513497102008317,0.7428818541346688,0.8833333333333332,1.4478845540265168,0.4824836767814009,0.8281062918149722
C17-L,L,h0.18_local_adaptive_d1.0,0.18,local_adaptive,1.0,1355,6.036701875215923,0.49050099685190884,0.8106870229007633,1.5742699115768026,0.506399550875604,0.7738826987144644
C17-M,M,h0.18_local_adaptive_d1.0,0.18,local_adaptive,1.0,1664,5.25518985982515,0.512096280895785,0.8038595184909406,1.6315078386847168,0.49499877339975845,0.7523997037458531
C17-S,S,h0.18_local_adaptive_d1.0,0.18,local_adaptive,1.0,3063,4.062846892798531,0.6619576994486162,0.8563327032136107,1.5270909212996568,0.48013190670289857,0.8013867631882374
C18-L,L,h0.18_local_adaptive_d1.0,0.18,local_adaptive,1.0,1438,5.893013629666946,0.4943110911102325,0.8093066608707282,1.6222575888672024,0.49683584314613527,0.7722191070913909
C18-M,M,h0.18_local_adaptive_d1.0,0.18,local_adaptive,1.0,1990,4.754105131057737,0.556851323510281,0.824486269206206,1.59423185745746,0.48970410628019323,0.7686902265276239
C18-S,S,h0.18_local_adaptive_d1.0,0.18,local_adaptive,1.0,3181,4.007781562259003,0.6712396062317121,0.8574610244988863,1.507212360413404,0.4826068085748792,0.8064787522694316
C19-L,L,h0.18_local_adaptive_d1.0,0.18,local_adaptive,1.0,1277,6.182185440796261,0.4539889485918358,0.7888563049853372,1.635696382613246,0.49358299365942027,0.7453852234986983
C19-M,M,h0.18_local_adaptive_d1.0,0.18,local_adaptive,1.0,1669,5.3746412466382045,0.4975182310861408,0.7955555555555556,1.65763814380663,0.4908453162741546,0.742609031981575
C19-S,S,h0.18_local_adaptive_d1.0,0.18,local_adaptive,1.0,2842,4.2162154761798245,0.627290629744973,0.8434397257597557,1.5971634789280098,0.48415279664855077,0.7895713006923408
C20-L,L,h0.18_local_adaptive_d1.0,0.18,local_adaptive,1.0,0,,,,,,
C20-M,M,h0.18_local_adaptive_d1.0,0.18,local_adaptive,1.0,0,,,,,,
C20-S,S,h0.18_local_adaptive_d1.0,0.18,local_adaptive,1.0,0,,,,,,
C21-L,L,h0.18_local_adaptive_d1.0,0.18,local_adaptive,1.0,1418,5.8876244985628645,0.4566478660147789,0.7808685893126578,1.6590727326414716,0.48651824803743965,0.7330541400517018
C21-M,M,h0.18_local_adaptive_d1.0,0.18,local_adaptive,1.0,1911,4.995052504385949,0.49797440297018325,0.7876712328767124,1.650173053031028,0.4805168704710145,0.7333112250953621
C21-S,S,h0.18_local_adaptive_d1.0,0.18,local_adaptive,1.0,2377,4.591058474517919,0.566510670997517,0.8179723502304147,1.6336037281420481,0.48054423309178745,0.7621389002978477
C22-L,L,h0.18_local_adaptive_d1.0,0.18,local_adaptive,1.0,0,,,,,,
C22-M,M,h0.18_local_adaptive_d1.0,0.18,local_adaptive,1.0,0,,,,,,
C22-S,S,h0.18_local_adaptive_d1.0,0.18,local_adaptive,1.0,0,,,,,,
C23-L,L,h0.18_local_adaptive_d1.0,0.18,local_adaptive,1.0,0,,,,,,
C23-M,M,h0.18_local_adaptive_d1.0,0.18,local_adaptive,1.0,0,,,,,,
C23-S,S,h0.18_local_adaptive_d1.0,0.18,local_adaptive,1.0,0,,,,,,
C24-L,L,h0.18_local_adaptive_d1.0,0.18,local_adaptive,1.0,1334,6.018263954100426,0.4871264433680689,0.8065569782937179,1.628790462765092,0.498371452294686,0.765280685039761
C24-M,M,h0.18_local_adaptive_d1.0,0.18,local_adaptive,1.0,1601,5.261226840402518,0.5087021065847527,0.8064516129032258,1.618748438082154,0.4889893757548309,0.7483529871167773
C24-S,S,h0.18_local_adaptive_d1.0,0.18,local_adaptive,1.0,3661,3.762670720366032,0.7204889056518464,0.8744588744588744,1.5016454266623191,0.4813905872584541,0.822694763345353
C25-L,L,h0.18_local_adaptive_d1.0,0.18,local_adaptive,1.0,1129,6.473151181567945,0.4858077227369145,0.8169014084507042,1.6035403227484293,0.5065939198369566,0.7769473188374085
C25-M,M,h0.18_local_adaptive_d1.0,0.18,local_adaptive,1.0,1885,4.892315511878591,0.5674441936786523,0.8327868852459016,1.5948921584310018,0.4991083559782609,0.7814962752034397
C25-S,S,h0.18_local_adaptive_d1.0,0.18,local_adaptive,1.0,3050,4.007781562259003,0.6741424195411525,0.861150456405414,1.5225251573051621,0.4864295554045894,0.8022903230505155
C26-L,L,h0.18_local_adaptive_d1.0,0.18,local_adaptive,1.0,1545,5.706928939903308,0.4715430696048577,0.7905525846702318,1.6528118308462565,0.48123160099637685,0.752148287299949
C26-M,M,h0.18_local_adaptive_d1.0,0.18,local_adaptive,1.0,1402,5.720817138853696,0.44932152844378254,0.7720275528587598,1.6782505182701253,0.4747216560990338,0.7277682866075592
C26-S,S,h0.18_local_adaptive_d1.0,0.18,local_adaptive,1.0,2382,4.521387384732147,0.5731371379070176,0.8190260719672484,1.650780018261489,0.4785613866243961,0.7607206881994095
C27-L,L,h0.18_local_adaptive_d1.0,0.18,local_adaptive,1.0,1400,5.836178930440136,0.5161556603368735,0.8288204541760649,1.5953343162958669,0.5088876622886472,0.786546175483265
C27-M,M,h0.18_local_adaptive_d1.0,0.18,local_adaptive,1.0,1657,5.120575904019775,0.5438914053542139,0.8225308641975309,1.5914049409550468,0.4965207012379227,0.7597800172216951
C27-S,S,h0.18_local_adaptive_d1.0,0.18,local_adaptive,1.0,3557,3.7795060201864197,0.6989606008966381,0.8673469387755103,1.5118573245728248,0.4815892021437198,0.8120307302542323
C01-L,L,h0.21_otsu_d1.0,0.21,otsu,1.0,602,8.41735957131819,0.508393694760805,0.839771266943949,1.461384711622223,0.5022418478260869,0.7959325936534303
C01-M,M,h0.21_otsu_d1.0,0.21,otsu,1.0,519,8.462493190142919,0.39211120476984773,0.7716383307573416,1.579332433449004,0.485321369263285,0.7246730816064096
C01-S,S,h0.21_otsu_d1.0,0.21,otsu,1.0,2090,4.549383858971028,0.5980848362295943,0.8330335731414868,1.5010525923703342,0.49313858695652174,0.7689866995695844
C02-L,L,h0.21_otsu_d1.0,0.21,otsu,1.0,0,,,,,,
C02-M,M,h0.21_otsu_d1.0,0.21,otsu,1.0,0,,,,,,
C02-S,S,h0.21_otsu_d1.0,0.21,otsu,1.0,0,,,,,,
C03-L,L,h0.21_otsu_d1.0,0.21,otsu,1.0,624,8.26513079237932,0.5980381163251214,0.8740970445609276,1.4088313821529792,0.5106421724033816,0.8475159072060048
C03-M,M,h0.21_otsu_d1.0,0.21,otsu,1.0,510,8.81343741686181,0.4451605071073927,0.7997103550294609,1.490551222546576,0.4895842768719807,0.7733603988884579
C03-S,S,h0.21_otsu_d1.0,0.21,otsu,1.0,1858,4.866292372465588,0.5555099088961626,0.8134882564047898,1.5466778417195688,0.5150989772041062,0.747236351359925
C04-L,L,h0.21_otsu_d1.0,0.21,otsu,1.0,554,8.968750746461996,0.5529978284799135,0.8635979717258345,1.4190660285137513,0.50851921044686,0.8317037546394495
C04-M,M,h0.21_otsu_d1.0,0.21,otsu,1.0,527,8.648014868243132,0.4023325430479916,0.778524449528167,1.5722330543482435,0.5012799101751207,0.7200946769977873
C04-S,S,h0.21_otsu_d1.0,0.21,otsu,1.0,1731,5.001403495513547,0.5508115473623836,0.8142493638676845,1.5595567186214039,0.5045261548913044,0.7441633764038327
C05-L,L,h0.21_otsu_d1.0,0.21,otsu,1.0,0,,,,,,
C05-M,M,h0.21_otsu_d1.0,0.21,otsu,1.0,0,,,,,,
C05-S,S,h0.21_otsu_d1.0,0.21,otsu,1.0,0,,,,,,
C06-L,L,h0.21_otsu_d1.0,0.21,otsu,1.0,0,,,,,,
C06-M,M,h0.21_otsu_d1.0,0.21,otsu,1.0,0,,,,,,
C06-S,S,h0.21_otsu_d1.0,0.21,otsu,1.0,0,,,,,,
C07-L,L,h0.21_otsu_d1.0,0.21,otsu,1.0,587,8.822446175679831,0.45932268928665687,0.8184764991896272,1.5082470429469577,0.5108205012077295,0.7848760056138833
C07-M,M,h0.21_otsu_d1.0,0.21,otsu,1.0,456,9.51321546279744,0.34805135710151747,0.7507084061897422,1.572437873715603,0.5017030872584541,0.6959684526260299
C07-S,S,h0.21_otsu_d1.0,0.21,otsu,1.0,1985,4.774094448923046,0.5788221387068153,0.8224299065420562,1.5153465606723178,0.5040775022644928,0.7572435104333927
C08-L,L,h0.21_otsu_d1.0,0.21,otsu,1.0,0,,,,,,
C08-M,M,h0.21_otsu_d1.0,0.21,otsu,1.0,0,,,,,,
C08-S,S,h0.21_otsu_d1.0,0.21,otsu,1.0,0,,,,,,
C09-L,L,h0.21_otsu_d1.0,0.21,otsu,1.0,607,8.55946630816709,0.5209909386549212,0.8538961038961038,1.4480279624847592,0.5215966560990338,0.8224620435434677
C09-M,M,h0.21_otsu_d1.0,0.21,otsu,1.0,532,8.568732610955056,0.47271498014020247,0.8213903444030137,1.5119400052692427,0.501469089673913,0.791753854865062
C09-S,S,h0.21_otsu_d1.0,0.21,otsu,1.0,1591,4.760777562595452,0.5707069807419782,0.8234019501625135,1.5620122973870891,0.49041883680555554,0.723519838873988
C10-L,L,h0.21_otsu_d1.0,0.21,otsu,1.0,0,,,,,,
C10-M,M,h0.21_otsu_d1.0,0.21,otsu,1.0,0,,,,,,
C10-S,S,h0.21_otsu_d1.0,0.21,otsu,1.0,0,,,,,,
C11-L,L,h0.21_otsu_d1.0,0.21,otsu,1.0,0,,,,,,
C11-M,M,h0.21_otsu_d1.0,0.21,otsu,1.0,0,,,,,,
C11-S,S,h0.21_otsu_d1.0,0.21,otsu,1.0,0,,,,,,
C12-L,L,h0.21_otsu_d1.0,0.21,otsu,1.0,589,8.394701765559349,0.5212178637581599,0.8358647721705046,1.4621774007510835,0.5201492678140097,0.8084591385249339
C12-M,M,h0.21_otsu_d1.0,0.21,otsu,1.0,544,8.579834418316548,0.3673438229571926,0.7560370581667833,1.5868762646714012,0.5092079936594202,0.7114839175883584
C12-S,S,h0.21_otsu_d1.0,0.21,otsu,1.0,1552,5.580373039485165,0.5111845866003095,0.800444459359188,1.5823808463709093,0.5166086390398551,0.7428596811638227
C13-L,L,h0.21_otsu_d1.0,0.21,otsu,1.0,0,,,,,,
C13-M,M,h0.21_otsu_d1.0,0.21,otsu,1.0,0,,,,,,
C13-S,S,h0.21_otsu_d1.0,0.21,otsu,1.0,0,,,,,,
C14-L,L,h0.21_otsu_d1.0,0.21,otsu,1.0,616,8.659018993633655,0.4686065226350744,0.8224975835205706,1.5039472465420127,0.5210343070652175,0.7829383868328236
C14-M,M,h0.21_otsu_d1.0,0.21,otsu,1.0,448,9.491488067737286,0.3211511896610594,0.7343060674404532,1.6338571455633946,0.5192066727053141,0.6862695508633118
C14-S,S,h0.21_otsu_d1.0,0.21,otsu,1.0,2078,4.521387384732147,0.5971677358982248,0.8294723787359137,1.507042225594299,0.5022031627415459,0.7589104040130844
C15-L,L,h0.21_otsu_d1.0,0.21,otsu,1.0,594,8.860130604340728,0.5245863640853659,0.8452995462859585,1.4679223159516162,0.5170360620471014,0.8072315376152832
C15-M,M,h0.21_otsu_d1.0,0.21,otsu,1.0,416,9.36352979883019,0.37307195438153057,0.7695104700337885,1.569391695175664,0.5087263171799518,0.7291434346650546
C15-S,S,h0.21_otsu_d1.0,0.21,otsu,1.0,1583,5.218821326950407,0.5442034643887773,0.8124999999999999,1.5871894505215078,0.49364196482487926,0.7376972727376925
C16-L,L,h0.21_otsu_d1.0,0.21,otsu,1.0,557,9.000551465932888,0.5338891127753344,0.8503937007874015,1.4754257479051947,0.5251014304045893,0.8110464491436875
C16-M,M,h0.21_otsu_d1.0,0.21,otsu,1.0,464,9.915145916564846,0.38173232755464387,0.7789080784718556,1.5460840156303828,0.5194581257548309,0.7320391911196302
C16-S,S,h0.21_otsu_d1.0,0.21,otsu,1.0,1317,5.433382239792492,0.5074386218937861,0.7986111111111112,1.5435863664652967,0.5074657495471014,0.7100697777021153
C17-L,L,h0.21_otsu_d1.0,0.21,otsu,1.0,504,9.791103936640104,0.494550539161996,0.8415071775824108,1.4648265508453875,0.5347075973731884,0.8024172156747098
C17-M,M,h0.21_otsu_d1.0,0.21,otsu,1.0,411,10.247349177325681,0.33484938176418666,0.7639225181598064,1.4990753291733825,0.5194633152173913,0.7339398797968262
C17-S,S,h0.21_otsu_d1.0,0.21,otsu,1.0,1432,5.488603149548009,0.5006909659386605,0.7975193261797623,1.6142855372453147,0.5008288987016908,0.7299682268459421
C18-L,L,h0.21_otsu_d1.0,0.21,otsu,1.0,457,10.225641952390951,0.4507016890041172,0.8194192377495464,1.520928821494356,0.5264006831219806,0.8007172149287216
C18-M,M,h0.21_otsu_d1.0,0.21,otsu,1.0,448,9.632575538211452,0.3719320165222212,0.7727514944147025,1.5537188158918451,0.5161415874094203,0.7291137513870974
C18-S,S,h0.21_otsu_d1.0,0.21,otsu,1.0,1248,5.954637493032876,0.46206527205131254,0.7813813708874251,1.5873207611039595,0.5191151494565217,0.718207862759897
C19-L,L,h0.21_otsu_d1.0,0.21,otsu,1.0,385,10.959843391325391,0.3984855610871835,0.8008411677387433,1.5376683437321172,0.5220240791062802,0.7621923432562138
C19-M,M,h0.21_otsu_d1.0,0.21,otsu,1.0,363,10.546560135493928,0.33607611199977966,0.7582304526748971,1.5412503042868377,0.5132189764492753,0.7178387725297549
C19-S,S,h0.21_otsu_d1.0,0.21,otsu,1.0,1123,6.334353868018162,0.4446608553566312,0.7651869158878504,1.6731006560144919,0.5011563066123189,0.7072576370267784
C20-L,L,h0.21_otsu_d1.0,0.21,otsu,1.0,0,,,,,,
C20-M,M,h0.21_otsu_d1.0,0.21,otsu,1.0,0,,,,,,
C20-S,S,h0.21_otsu_d1.0,0.21,otsu,1.0,0,,,,,,
C21-L,L,h0.21_otsu_d1.0,0.21,otsu,1.0,355,11.330116045281274,0.3521420765356637,0.7736129151976249,1.5706162497295844,0.5223618659420289,0.7452910023843115
C21-M,M,h0.21_otsu_d1.0,0.21,otsu,1.0,447,9.319375934057085,0.3092784320061216,0.7219973009446694,1.6342179276852555,0.5164685235507246,0.674497851890881
C21-S,S,h0.21_otsu_d1.0,0.21,otsu,1.0,1069,6.404128556826101,0.4434540679034401,0.7685774946921443,1.6385665724535798,0.4980728223128019,0.7089922391115347
C22-L,L,h0.21_otsu_d1.0,0.21,otsu,1.0,0,,,,,,
C22-M,M,h0.21_otsu_d1.0,0.21,otsu,1.0,0,,,,,,
C22-S,S,h0.21_otsu_d1.0,0.21,otsu,1.0,0,,,,,,
C23-L,L,h0.21_otsu_d1.0,0.21,otsu,1.0,0,,,,,,
C23-M,M,h0.21_otsu_d1.0,0.21,otsu,1.0,0,,,,,,
C23-S,S,h0.21_otsu_d1.0,0.21,otsu,1.0,0,,,,,,
C24-L,L,h0.21_otsu_d1.0,0.21,otsu,1.0,479,9.990105008771899,0.4565948396805989,0.8255519363011219,1.4802641994832122,0.533978713768116,0.787186959935436
C24-M,M,h0.21_otsu_d1.0,0.21,otsu,1.0,422,9.961465820916533,0.35819191630991165,0.7640100495498638,1.5570825193686226,0.5157160514794686,0.7354236316990412
C24-S,S,h0.21_otsu_d1.0,0.21,otsu,1.0,1372,5.45960872474922,0.4812393129613724,0.7858325187357446,1.617425167492242,0.5101765360809178,0.7143479802261716
C25-L,L,h0.21_otsu_d1.0,0.21,otsu,1.0,458,10.304488825434749,0.47901505415049717,0.8321433044652631,1.5009855056866492,0.5347896852355073,0.7977126291064828
C25-M,M,h0.21_otsu_d1.0,0.21,otsu,1.0,501,9.130112847896761,0.39908589535270367,0.7806122448979592,1.5305290254131259,0.5252420176630435,0.7402914549341324
C25-S,S,h0.21_otsu_d1.0,0.21,otsu,1.0,1177,6.1306233607004,0.46173298251536676,0.7870879120879121,1.5855666851418941,0.5217004453502415,0.707439375846254
C26-L,L,h0.21_otsu_d1.0,0.21,otsu,1.0,416,10.695994617600025,0.3773269945310336,0.7810841472362919,1.5538096483391857,0.5138063292572465,0.7536052555175413
C26-M,M,h0.21_otsu_d1.0,0.21,otsu,1.0,365,11.03489191835657,0.339065990331304,0.768595041322314,1.535639432412302,0.49259746754227046,0.7358768458923574
C26-S,S,h0.21_otsu_d1.0,0.21,otsu,1.0,1075,6.253658167142827,0.42495682023407005,0.7658349328214972,1.6579161503378084,0.49835871452294683,0.7073058136576239
C27-L,L,h0.21_otsu_d1.0,0.21,otsu,1.0,462,10.132083765050389,0.48638704369843855,0.8267451371573584,1.4806230483190657,0.5352831559480676,0.793566201621377
C27-M,M,h0.21_otsu_d1.0,0.21,otsu,1.0,408,10.46339280519176,0.3537015774799711,0.7632083996231136,1.528380226282942,0.5203818500905797,0.7265241180855913
C27-S,S,h0.21_otsu_d1.0,0.21,otsu,1.0,1108,5.898388016186418,0.44722525619201403,0.768383244948182,1.6383737310347843,0.5070472901570048,0.6836878187536201
C01-L,L,h0.21_local_adaptive_d1.0,0.21,local_adaptive,1.0,1372,5.751255267505358,0.5022791389686256,0.8206942943219189,1.5745654424530942,0.49820491772342995,0.7757569308666374
C01-M,M,h0.21_local_adaptive_d1.0,0.21,local_adaptive,1.0,1857,4.5284027301221546,0.582421364215815,0.834710743801653,1.5487159641820654,0.48507463390700484,0.772059832654987
C01-S,S,h0.21_local_adaptive_d1.0,0.21,local_adaptive,1.0,3688,3.6643644810728984,0.755105708040827,0.888888888888889,1.466649577567446,0.47596618357487924,0.8293403794659902
C02-L,L,h0.21_local_adaptive_d1.0,0.21,local_adaptive,1.0,0,,,,,,
C02-M,M,h0.21_local_adaptive_d1.0,0.21,local_adaptive,1.0,0,,,,,,
C02-S,S,h0.21_local_adaptive_d1.0,0.21,local_adaptive,1.0,0,,,,,,
C03-L,L,h0.21_local_adaptive_d1.0,0.21,local_adaptive,1.0,1210,6.0812338918072095,0.5311053188016277,0.8371231696813093,1.5479333741175245,0.509663722826087,0.7992430537804817
C03-M,M,h0.21_local_adaptive_d1.0,0.21,local_adaptive,1.0,1604,4.947159154840088,0.555820495786175,0.8289728313685722,1.5446887377922331,0.4961664024758454,0.7800152316486785
C03-S,S,h0.21_local_adaptive_d1.0,0.21,local_adaptive,1.0,3721,3.720249176209294,0.7441437838180562,0.8846153846153847,1.4501318398196146,0.48497980827294684,0.8276798452695522
C04-L,L,h0.21_local_adaptive_d1.0,0.21,local_adaptive,1.0,1232,6.047209632298272,0.5040900605942609,0.8248562425854422,1.5589021428959149,0.5020738979468599,0.7899748468337695
C04-M,M,h0.21_local_adaptive_d1.0,0.21,local_adaptive,1.0,1593,5.1267714004225615,0.5329247622980614,0.82,1.608123085595185,0.4939311594202898,0.7607129344204426
C04-S,S,h0.21_local_adaptive_d1.0,0.21,local_adaptive,1.0,3556,3.7668842426879627,0.7357241635346401,0.8814697562894555,1.4644862817748865,0.478316066576087,0.8238919737314178
C05-L,L,h0.21_local_adaptive_d1.0,0.21,local_adaptive,1.0,0,,,,,,
C05-M,M,h0.21_local_adaptive_d1.0,0.21,local_adaptive,1.0,0,,,,,,
C05-S,S,h0.21_local_adaptive_d1.0,0.21,local_adaptive,1.0,0,,,,,,
C06-L,L,h0.21_local_adaptive_d1.0,0.21,local_adaptive,1.0,0,,,,,,
C06-M,M,h0.21_local_adaptive_d1.0,0.21,local_adaptive,1.0,0,,,,,,
C06-S,S,h0.21_local_adaptive_d1.0,0.21,local_adaptive,1.0,0,,,,,,
C07-L,L,h0.21_local_adaptive_d1.0,0.21,local_adaptive,1.0,1296,5.866015968163055,0.4769751666168642,0.8080096189419164,1.6390369430223601,0.4973562047101449,0.7583936104189618
C07-M,M,h0.21_local_adaptive_d1.0,0.21,local_adaptive,1.0,1647,5.033038241633877,0.5278031207123124,0.8105515587529977,1.6300754490717246,0.4868607525664251,0.7507741095745651
C07-S,S,h0.21_local_adaptive_d1.0,0.21,local_adaptive,1.0,3553,3.7878956110204745,0.7466467750549851,0.8856382978723405,1.4602748034556172,0.47915770304951694,0.8229871372657634
C08-L,L,h0.21_local_adaptive_d1.0,0.21,local_adaptive,1.0,0,,,,,,
C08-M,M,h0.21_local_adaptive_d1.0,0.21,local_adaptive,1.0,0,,,,,,
C08-S,S,h0.21_local_adaptive_d1.0,0.21,local_adaptive,1.0,0,,,,,,
C09-L,L,h0.21_local_adaptive_d1.0,0.21,local_adaptive,1.0,1362,5.781531832828592,0.5285437489193674,0.8236945476281969,1.5962601423429497,0.5119041553442029,0.7878219266218379
C09-M,M,h0.21_local_adaptive_d1.0,0.21,local_adaptive,1.0,1665,4.88582272134439,0.5680427551286701,0.8386654478976234,1.5801636472361444,0.5003576011473431,0.7898968407787279
C09-S,S,h0.21_local_adaptive_d1.0,0.21,local_adaptive,1.0,3673,3.660033074925209,0.7609426409893043,0.8905109489051095,1.4593525583678801,0.47751075634057977,0.8279777762907385
C10-L,L,h0.21_local_adaptive_d1.0,0.21,local_adaptive,1.0,0,,,,,,
C10-M,M,h0.21_local_adaptive_d1.0,0.21,local_adaptive,1.0,0,,,,,,
C10-S,S,h0.21_local_adaptive_d1.0,0.21,local_adaptive,1.0,0,,,,,,
C11-L,L,h0.21_local_adaptive_d1.0,0.21,local_adaptive,1.0,0,,,,,,
C11-M,M,h0.21_local_adaptive_d1.0,0.21,local_adaptive,1.0,0,,,,,,
C11-S,S,h0.21_local_adaptive_d1.0,0.21,local_adaptive,1.0,0,,,,,,
C12-L,L,h0.21_local_adaptive_d1.0,0.21,local_adaptive,1.0,1331,5.989188834889949,0.5107305861943294,0.8250000000000001,1.5793327146386558,0.5064646550422706,0.7854072392532729
C12-M,M,h0.21_local_adaptive_d1.0,0.21,local_adaptive,1.0,1760,5.0707394295039165,0.5212070266248586,0.8101539994368516,1.6151476271962855,0.49237762303743965,0.7628841384198654
C12-S,S,h0.21_local_adaptive_d1.0,0.21,local_adaptive,1.0,3029,4.0550261985540725,0.66784030876441,0.858910891089109,1.5241783696127171,0.48301771965579704,0.8053642421969922
C13-L,L,h0.21_local_adaptive_d1.0,0.21,local_adaptive,1.0,0,,,,,,
C13-M,M,h0.21_local_adaptive_d1.0,0.21,local_adaptive,1.0,0,,,,,,
C13-S,S,h0.21_local_adaptive_d1.0,0.21,local_adaptive,1.0,0,,,,,,
C14-L,L,h0.21_local_adaptive_d1.0,0.21,local_adaptive,1.0,1384,5.778786565432402,0.5041605112351374,0.816952088212334,1.5568982646564309,0.5010822388285024,0.7704856482068215
C14-M,M,h0.21_local_adaptive_d1.0,0.21,local_adaptive,1.0,1852,4.982326235288772,0.5426820169017437,0.8158236803606975,1.607355152243915,0.4932239772041063,0.759838111060895
C14-S,S,h0.21_local_adaptive_d1.0,0.21,local_adaptive,1.0,3448,3.79626666125431,0.7056106950787162,0.8707809323832287,1.4923922347745118,0.48081502868357484,0.8120157880147687
C15-L,L,h0.21_local_adaptive_d1.0,0.21,local_adaptive,1.0,1344,5.911836291989456,0.5176227716348241,0.826611790674147,1.5759080591108394,0.5086725354770532,0.7871164614682273
C15-M,M,h0.21_local_adaptive_d1.0,0.21,local_adaptive,1.0,1616,5.105053321391226,0.5396413010325611,0.8235476606305727,1.5595325954472543,0.49837050875603867,0.7649935081923932
C15-S,S,h0.21_local_adaptive_d1.0,0.21,local_adaptive,1.0,3429,3.829567883822151,0.7069857605842734,0.872549019607843,1.508339335097559,0.4802055027173913,0.8194086441946478
C16-L,L,h0.21_local_adaptive_d1.0,0.21,local_adaptive,1.0,1246,6.11247332399022,0.5178018923666121,0.8301087846531758,1.55563260659179,0.5062240526871981,0.785773736364694
C16-M,M,h0.21_local_adaptive_d1.0,0.21,local_adaptive,1.0,1611,5.1944341779621475,0.5288005849573189,0.8146853146853148,1.6179231250090576,0.49802753245772946,0.7627970075388297
C16-S,S,h0.21_local_adaptive_d1.0,0.21,local_adaptive,1.0,3392,3.8378480402648627,0.6993546326678495,0.8682301487534047,1.4907952292876194,0.4824836767814009,0.8128822249695078
C17-L,L,h0.21_local_adaptive_d1.0,0.21,local_adaptive,1.0,1204,6.399167958528461,0.4664227701075695,0.8036562225421099,1.5813184790763994,0.506399550875604,0.7663642859846231
C17-M,M,h0.21_local_adaptive_d1.0,0.21,local_adaptive,1.0,1400,5.6341521045900365,0.4679623962723095,0.7899815787424106,1.6361580091264996,0.49499877339975845,0.7339844055345268
C17-S,S,h0.21_local_adaptive_d1.0,0.21,local_adaptive,1.0,2706,4.312981472867047,0.620684999860605,0.8384615384615385,1.5661685496662408,0.48013190670289857,0.782487918432228
C18-L,L,h0.21_local_adaptive_d1.0,0.21,local_adaptive,1.0,1275,6.253658167142827,0.4645079724876967,0.8006535947712418,1.6286586596294548,0.49683584314613527,0.7656616845753125
C18-M,M,h0.21_local_adaptive_d1.0,0.21,local_adaptive,1.0,1725,5.0456366048769885,0.5258114452939263,0.8103130755064457,1.6138891489512162,0.48970410628019323,0.750667612975572
C18-S,S,h0.21_local_adaptive_d1.0,0.21,local_adaptive,1.0,2825,4.2237377220823085,0.6283990611061421,0.841860465116279,1.5463141658633184,0.4826068085748792,0.7878074467077558
C19-L,L,h0.21_local_adaptive_d1.0,0.21,local_adaptive,1.0,1110,6.524438522725676,0.42384139140664057,0.7787784463719873,1.6327470436806089,0.49358299365942027,0.7324683770236037
C19-M,M,h0.21_local_adaptive_d1.0,0.21,local_adaptive,1.0,1438,5.778786565432402,0.4587627774902375,0.7772543445959041,1.6789017211905142,0.4908453162741546,0.7253525660728299
C19-S,S,h0.21_local_adaptive_d1.0,0.21,local_adaptive,1.0,2538,4.471971831225634,0.5903101909130959,0.8280588062019656,1.6377147629563962,0.48415279664855077,0.7728800269506876
C20-L,L,h0.21_local_adaptive_d1.0,0.21,local_adaptive,1.0,0,,,,,,
C20-M,M,h0.21_local_adaptive_d1.0,0.21,local_adaptive,1.0,0,,,,,,
C20-S,S,h0.21_local_adaptive_d1.0,0.21,local_adaptive,1.0,0,,,,,,
C21-L,L,h0.21_local_adaptive_d1.0,0.21,local_adaptive,1.0,1232,6.187318015728304,0.42376755647765574,0.7682998387200539,1.6633998318269265,0.48651824803743965,0.7183790223286287
C21-M,M,h0.21_local_adaptive_d1.0,0.21,local_adaptive,1.0,1653,5.368731798730674,0.46359838542730697,0.7739837398373983,1.6682344499147086,0.4805168704710145,0.7163592435042521
C21-S,S,h0.21_local_adaptive_d1.0,0.21,local_adaptive,1.0,2106,4.853228476755571,0.5313153794065112,0.8044749627370887,1.6633715371782158,0.48054423309178745,0.7452090088633069
C22-L,L,h0.21_local_adaptive_d1.0,0.21,local_adaptive,1.0,0,,,,,,
C22-M,M,h0.21_local_adaptive_d1.0,0.21,local_adaptive,1.0,0,,,,,,
C22-S,S,h0.21_local_adaptive_d1.0,0.21,local_adaptive,1.0,0,,,,,,
C23-L,L,h0.21_local_adaptive_d1.0,0.21,local_adaptive,1.0,0,,,,,,
C23-M,M,h0.21_local_adaptive_d1.0,0.21,local_adaptive,1.0,0,,,,,,
C23-S,S,h0.21_local_adaptive_d1.0,0.21,local_adaptive,1.0,0,,,,,,
C24-L,L,h0.21_local_adaptive_d1.0,0.21,local_adaptive,1.0,1175,6.409083395909149,0.45978056889888635,0.8009015777610818,1.6207364435440508,0.498371452294686,0.7549946025108457
C24-M,M,h0.21_local_adaptive_d1.0,0.21,local_adaptive,1.0,1340,5.642599124006871,0.46599532984947517,0.7860328225628819,1.628946206399881,0.4889893757548309,0.7269121972587935
C24-S,S,h0.21_local_adaptive_d1.0,0.21,local_adaptive,1.0,3296,3.903457032819381,0.6793392108202017,0.8612451696006871,1.5326675646764425,0.4813905872584541,0.8060644495331443
C25-L,L,h0.21_local_adaptive_d1.0,0.21,local_adaptive,1.0,986,6.838016319744554,0.45000464786078404,0.8082097902097902,1.6074134790791796,0.5065939198369566,0.7656264665775767
C25-M,M,h0.21_local_adaptive_d1.0,0.21,local_adaptive,1.0,1598,5.237037163580257,0.5266437271131837,0.8212350827930792,1.6209412107571466,0.4991083559782609,0.7648516495595066
C25-S,S,h0.21_local_adaptive_d1.0,0.21,local_adaptive,1.0,2659,4.231246595071459,0.6304701535890141,0.8440366972477064,1.5658270941041896,0.4864295554045894,0.7798357116125773
C26-L,L,h0.21_local_adaptive_d1.0,0.21,local_adaptive,1.0,1340,6.115067753798197,0.4345279413663735,0.7787866613097629,1.6484239832196952,0.48123160099637685,0.7377614983214308
C26-M,M,h0.21_local_adaptive_d1.0,0.21,local_adaptive,1.0,1203,6.041958038053411,0.416785323346835,0.7620087336244541,1.6889027351271537,0.4747216560990338,0.7161812649434557
C26-S,S,h0.21_local_adaptive_d1.0,0.21,local_adaptive,1.0,2087,4.740732094352511,0.5375398657666346,0.8023255813953488,1.6902390954359687,0.4785613866243961,0.7405538324190727
C27-L,L,h0.21_local_adaptive_d1.0,0.21,local_adaptive,1.0,1218,6.169330494211794,0.4869872802309308,0.8223250777771001,1.5985641054126003,0.5088876622886472,0.7749239762883945
C27-M,M,h0.21_local_adaptive_d1.0,0.21,local_adaptive,1.0,1382,5.557572633789759,0.49741698193887773,0.8050053498264568,1.6110587002699615,0.4965207012379227,0.7399978295144338
C27-S,S,h0.21_local_adaptive_d1.0,0.21,local_adaptive,1.0,3172,3.9559611767175857,0.6579183203669858,0.8552878191805227,1.5478079585048148,0.4815892021437198,0.794710888616022
C01-L,L,h0.25_otsu_d1.0,0.25,otsu,1.0,488,9.276692935525853,0.4800723495088543,0.8281766650921114,1.464744513264781,0.5022418478260869,0.7788324389295933
C01-M,M,h0.25_otsu_d1.0,0.25,otsu,1.0,353,10.225641952390951,0.3497944008079548,0.7625624449015573,1.535606249935781,0.485321369263285,0.7100651268281725
C01-S,S,h0.25_otsu_d1.0,0.25,otsu,1.0,1629,5.039341360248559,0.5299095584124961,0.8046181172291297,1.559140906021582,0.49313858695652174,0.7320787051274644
C02-L,L,h0.25_otsu_d1.0,0.25,otsu,1.0,0,,,,,,
C02-M,M,h0.25_otsu_d1.0,0.25,otsu,1.0,0,,,,,,
C02-S,S,h0.25_otsu_d1.0,0.25,otsu,1.0,0,,,,,,
C03-L,L,h0.25_otsu_d1.0,0.25,otsu,1.0,520,9.023446775974055,0.5791512624971982,0.8670384138785625,1.4274911287789949,0.5106421724033816,0.8375014880338911
C03-M,M,h0.25_otsu_d1.0,0.25,otsu,1.0,384,10.322963976905164,0.40657609776122194,0.796018288705392,1.4663076947583267,0.4895842768719807,0.7659698994436703
C03-S,S,h0.25_otsu_d1.0,0.25,otsu,1.0,1424,5.389385713170519,0.4898218852820919,0.7838921561870631,1.6092786491175586,0.5150989772041062,0.7091719645794587
C04-L,L,h0.25_otsu_d1.0,0.25,otsu,1.0,461,10.053454438825739,0.5299413957177493,0.8500255493101686,1.4243793498053332,0.50851921044686,0.8187509094952929
C04-M,M,h0.25_otsu_d1.0,0.25,otsu,1.0,379,10.333722100782232,0.33559008721536354,0.7613636363636364,1.5684580252880225,0.5012799101751207,0.7021060663431336
C04-S,S,h0.25_otsu_d1.0,0.25,otsu,1.0,1340,5.430459494331032,0.4820315274196766,0.7889598587526614,1.6039397818953636,0.5045261548913044,0.710416428848646
C05-L,L,h0.25_otsu_d1.0,0.25,otsu,1.0,0,,,,,,
C05-M,M,h0.25_otsu_d1.0,0.25,otsu,1.0,0,,,,,,
C05-S,S,h0.25_otsu_d1.0,0.25,otsu,1.0,0,,,,,,
C06-L,L,h0.25_otsu_d1.0,0.25,otsu,1.0,0,,,,,,
C06-M,M,h0.25_otsu_d1.0,0.25,otsu,1.0,0,,,,,,
C06-S,S,h0.25_otsu_d1.0,0.25,otsu,1.0,0,,,,,,
C07-L,L,h0.25_otsu_d1.0,0.25,otsu,1.0,481,9.581377002423983,0.41721973548394586,0.7968835429196283,1.513971924279847,0.5108205012077295,0.7684547212198862
C07-M,M,h0.25_otsu_d1.0,0.25,otsu,1.0,333,11.01185454058075,0.29050013705255673,0.729608938547486,1.6085532650499996,0.5017030872584541,0.6719082205707642
C07-S,S,h0.25_otsu_d1.0,0.25,otsu,1.0,1532,5.209688633287113,0.5227775363457716,0.8,1.5632919105473913,0.5040775022644928,0.7210301074606168
C08-L,L,h0.25_otsu_d1.0,0.25,otsu,1.0,0,,,,,,
C08-M,M,h0.25_otsu_d1.0,0.25,otsu,1.0,0,,,,,,
C08-S,S,h0.25_otsu_d1.0,0.25,otsu,1.0,0,,,,,,
C09-L,L,h0.25_otsu_d1.0,0.25,otsu,1.0,511,9.521555125190904,0.49955410986102494,0.8391118036618621,1.4621583934213076,0.5215966560990338,0.8109232699059219
C09-M,M,h0.25_otsu_d1.0,0.25,otsu,1.0,400,9.863772507270212,0.4249436828352726,0.810206962503452,1.5109142143306902,0.501469089673913,0.7806354705376658
C09-S,S,h0.25_otsu_d1.0,0.25,otsu,1.0,1178,5.3062844292839735,0.5121874707527784,0.7948459171030018,1.6453329989968588,0.49041883680555554,0.6875879098435967
C10-L,L,h0.25_otsu_d1.0,0.25,otsu,1.0,0,,,,,,
C10-M,M,h0.25_otsu_d1.0,0.25,otsu,1.0,0,,,,,,
C10-S,S,h0.25_otsu_d1.0,0.25,otsu,1.0,0,,,,,,
C11-L,L,h0.25_otsu_d1.0,0.25,otsu,1.0,0,,,,,,
C11-M,M,h0.25_otsu_d1.0,0.25,otsu,1.0,0,,,,,,
C11-S,S,h0.25_otsu_d1.0,0.25,otsu,1.0,0,,,,,,
C12-L,L,h0.25_otsu_d1.0,0.25,otsu,1.0,482,9.29202354225114,0.4916942761166896,0.8288636913401064,1.4575103909240226,0.5201492678140097,0.7953616426753548
C12-M,M,h0.25_otsu_d1.0,0.25,otsu,1.0,370,10.37509562489355,0.29667140632669975,0.7287719855901673,1.5861871140303334,0.5092079936594202,0.6865385934741304
C12-S,S,h0.25_otsu_d1.0,0.25,otsu,1.0,1229,6.115069957136806,0.4535322848038618,0.7726550079491256,1.6363703389197741,0.5166086390398551,0.7121368124634098
C13-L,L,h0.25_otsu_d1.0,0.25,otsu,1.0,0,,,,,,
C13-M,M,h0.25_otsu_d1.0,0.25,otsu,1.0,0,,,,,,
C13-S,S,h0.25_otsu_d1.0,0.25,otsu,1.0,0,,,,,,
C14-L,L,h0.25_otsu_d1.0,0.25,otsu,1.0,501,9.504871118812462,0.43045085124937965,0.8106134371957157,1.5215120139997638,0.5210343070652175,0.7624046866024522
C14-M,M,h0.25_otsu_d1.0,0.25,otsu,1.0,320,11.316030674781034,0.2761539901158456,0.7143472654435419,1.6148916700713536,0.5192066727053141,0.6687373130978265
C14-S,S,h0.25_otsu_d1.0,0.25,otsu,1.0,1593,5.0519240049546825,0.5214160872786577,0.8016877637130801,1.5818295338431676,0.5022031627415459,0.7244357826258984
C15-L,L,h0.25_otsu_d1.0,0.25,otsu,1.0,494,9.66384807190231,0.49309506796082403,0.8382832272413528,1.4770864803414034,0.5170360620471014,0.794242455081762
C15-M,M,h0.25_otsu_d1.0,0.25,otsu,1.0,293,10.907584237669164,0.3352986111304551,0.7551020408163266,1.5745631763890384,0.5087263171799518,0.7178168512529314
C15-S,S,h0.25_otsu_d1.0,0.25,otsu,1.0,1159,5.833459368372237,0.476306272984669,0.7820895522388059,1.6583968298363896,0.49364196482487926,0.6971467871285753
C16-L,L,h0.25_otsu_d1.0,0.25,otsu,1.0,455,9.9103487830762,0.49289444686562434,0.8396299151888974,1.4969980793469737,0.5251014304045893,0.7976836977859924
C16-M,M,h0.25_otsu_d1.0,0.25,otsu,1.0,338,10.926483562115873,0.3220283834748572,0.7602101682106728,1.5660668174111692,0.5194581257548309,0.7150357530867191
C16-S,S,h0.25_otsu_d1.0,0.25,otsu,1.0,943,6.120258816752761,0.43962482856367807,0.773224043715847,1.604707574500639,0.5074657495471014,0.6696828075479055
C17-L,L,h0.25_otsu_d1.0,0.25,otsu,1.0,432,10.364393323668484,0.4775782756032433,0.8374950236652365,1.4723445711223024,0.5347075973731884,0.788378395783004
C17-M,M,h0.25_otsu_d1.0,0.25,otsu,1.0,299,12.266423519909438,0.2882968616230176,0.7407894736842106,1.480349729340476,0.5194633152173913,0.7160268522507646
C17-S,S,h0.25_otsu_d1.0,0.25,otsu,1.0,1091,6.273929397508653,0.4457308589995984,0.7683664649956785,1.6605015417290958,0.5008288987016908,0.6957802231378591
C18-L,L,h0.25_otsu_d1.0,0.25,otsu,1.0,388,10.941000728272481,0.4242574256982087,0.8117440403055018,1.526311281622069,0.5264006831219806,0.7884487260882214
C18-M,M,h0.25_otsu_d1.0,0.25,otsu,1.0,322,11.582260708560167,0.32981019405010636,0.7495931254045629,1.5885964565428377,0.5161415874094203,0.7029561232536816
C18-S,S,h0.25_otsu_d1.0,0.25,otsu,1.0,954,6.642563811372897,0.40087812778709764,0.7449261819987375,1.648058738601781,0.5191151494565217,0.6865766321259162
C19-L,L,h0.25_otsu_d1.0,0.25,otsu,1.0,326,11.67914964925576,0.3787185251660223,0.7933799006235687,1.5378461039337372,0.5220240791062802,0.7473230709219643
C19-M,M,h0.25_otsu_d1.0,0.25,otsu,1.0,269,12.492078988931826,0.2903021416531892,0.7376561570493755,1.575781614553919,0.5132189764492753,0.6951238337054444
C19-S,S,h0.25_otsu_d1.0,0.25,otsu,1.0,854,6.9667865390417045,0.3916009912393291,0.7364614025766117,1.720773730904419,0.5011563066123189,0.6765844632954308
C20-L,L,h0.25_otsu_d1.0,0.25,otsu,1.0,0,,,,,,
C20-M,M,h0.25_otsu_d1.0,0.25,otsu,1.0,0,,,,,,
C20-S,S,h0.25_otsu_d1.0,0.25,otsu,1.0,0,,,,,,
C21-L,L,h0.25_otsu_d1.0,0.25,otsu,1.0,294,11.91726511411259,0.316914227902082,0.758755330449003,1.5604668640427746,0.5223618659420289,0.7305239555612968
C21-M,M,h0.25_otsu_d1.0,0.25,otsu,1.0,341,10.35826779355976,0.26231943208776576,0.7093645484949833,1.6121823701194469,0.5164685235507246,0.6539078252991853
C21-S,S,h0.25_otsu_d1.0,0.25,otsu,1.0,828,7.243778991549509,0.3856547266251272,0.7472511366165389,1.6896617039572563,0.4980728223128019,0.6760249092329909
C22-L,L,h0.25_otsu_d1.0,0.25,otsu,1.0,0,,,,,,
C22-M,M,h0.25_otsu_d1.0,0.25,otsu,1.0,0,,,,,,
C22-S,S,h0.25_otsu_d1.0,0.25,otsu,1.0,0,,,,,,
C23-L,L,h0.25_otsu_d1.0,0.25,otsu,1.0,0,,,,,,
C23-M,M,h0.25_otsu_d1.0,0.25,otsu,1.0,0,,,,,,
C23-S,S,h0.25_otsu_d1.0,0.25,otsu,1.0,0,,,,,,
C24-L,L,h0.25_otsu_d1.0,0.25,otsu,1.0,391,10.816990542549377,0.43456451470265944,0.81311706629055,1.488225947687519,0.533978713768116,0.7682469593836194
C24-M,M,h0.25_otsu_d1.0,0.25,otsu,1.0,337,11.408294214899001,0.3280703599992012,0.7498786996603591,1.537826780722968,0.5157160514794686,0.7216938301135553
C24-S,S,h0.25_otsu_d1.0,0.25,otsu,1.0,1025,6.08384386391535,0.43057153142246934,0.7587740978744438,1.6923750831769455,0.5101765360809178,0.6787692526633902
C25-L,L,h0.25_otsu_d1.0,0.25,otsu,1.0,380,11.12362876132938,0.4342012012525407,0.8224826698120924,1.5039704196341976,0.5347896852355073,0.7806590121822384
C25-M,M,h0.25_otsu_d1.0,0.25,otsu,1.0,371,10.555585862550599,0.3554048753411007,0.767786299920656,1.5370980054493937,0.5252420176630435,0.7145405681613656
C25-S,S,h0.25_otsu_d1.0,0.25,otsu,1.0,867,7.005409538308847,0.3864665610477126,0.7459807073954984,1.6404614552297214,0.5217004453502415,0.6744216776992332
C26-L,L,h0.25_otsu_d1.0,0.25,otsu,1.0,348,11.687161254174171,0.3393639985238034,0.7686405980016527,1.5782447773150565,0.5138063292572465,0.736768928053197
C26-M,M,h0.25_otsu_d1.0,0.25,otsu,1.0,293,12.29485694942312,0.2937508439284402,0.7499238037183785,1.510840424077319,0.49259746754227046,0.7196212194160788
C26-S,S,h0.25_otsu_d1.0,0.25,otsu,1.0,815,7.148941159852801,0.3638513730751516,0.7371638141809291,1.679864297530157,0.49835871452294683,0.6761140325964664
C27-L,L,h0.25_otsu_d1.0,0.25,otsu,1.0,375,11.05788130143896,0.4467432555783481,0.8193869096934548,1.5016984564565514,0.5352831559480676,0.7762396995861911
C27-M,M,h0.25_otsu_d1.0,0.25,otsu,1.0,317,11.645131754638804,0.3221257169812865,0.7448347107438016,1.5684536531395012,0.5203818500905797,0.7066681235416169
C27-S,S,h0.25_otsu_d1.0,0.25,otsu,1.0,768,6.984985541498439,0.36448888037896265,0.73277966367757,1.671528406060611,0.5070472901570048,0.6470117301673107
C01-L,L,h0.25_local_adaptive_d1.0,0.25,local_adaptive,1.0,1164,6.171907486155938,0.4826760814680384,0.8178704680252668,1.5597696704358437,0.49820491772342995,0.7668139117307425
C01-M,M,h0.25_local_adaptive_d1.0,0.25,local_adaptive,1.0,1451,5.206642030705284,0.5087392141472017,0.814516129032258,1.5929361252330974,0.48507463390700484,0.7513767749916546
C01-S,S,h0.25_local_adaptive_d1.0,0.25,local_adaptive,1.0,3240,3.8625820108126097,0.6977087274265485,0.8711834486654428,1.5071424061208856,0.47596618357487924,0.808616216393632
C02-L,L,h0.25_local_adaptive_d1.0,0.25,local_adaptive,1.0,0,,,,,,
C02-M,M,h0.25_local_adaptive_d1.0,0.25,local_adaptive,1.0,0,,,,,,
C02-S,S,h0.25_local_adaptive_d1.0,0.25,local_adaptive,1.0,0,,,,,,
C03-L,L,h0.25_local_adaptive_d1.0,0.25,local_adaptive,1.0,1026,6.548716523448213,0.4999650775051767,0.8269130845536137,1.5237439389826473,0.509663722826087,0.7936141457374308
C03-M,M,h0.25_local_adaptive_d1.0,0.25,local_adaptive,1.0,1274,5.514568542576236,0.504761801221287,0.8153453988695312,1.5672207720378108,0.4961664024758454,0.7670170739507713
C03-S,S,h0.25_local_adaptive_d1.0,0.25,local_adaptive,1.0,3339,3.8707915461331637,0.6995044471020785,0.8702290076335878,1.4923780893520109,0.48497980827294684,0.8100408147677084
C04-L,L,h0.25_local_adaptive_d1.0,0.25,local_adaptive,1.0,1033,6.531732929306574,0.48046005399547925,0.8160000000000001,1.5455715331329676,0.5020738979468599,0.7806176887694871
C04-M,M,h0.25_local_adaptive_d1.0,0.25,local_adaptive,1.0,1252,5.600247964261322,0.48669639040542667,0.8015898050596177,1.659285924289687,0.4939311594202898,0.734950077056056
C04-S,S,h0.25_local_adaptive_d1.0,0.25,local_adaptive,1.0,3151,3.9519490415798333,0.6947716572297067,0.8688524590163934,1.507719727820931,0.478316066576087,0.8027861513531814
C05-L,L,h0.25_local_adaptive_d1.0,0.25,local_adaptive,1.0,0,,,,,,
C05-M,M,h0.25_local_adaptive_d1.0,0.25,local_adaptive,1.0,0,,,,,,
C05-S,S,h0.25_local_adaptive_d1.0,0.25,local_adaptive,1.0,0,,,,,,
C06-L,L,h0.25_local_adaptive_d1.0,0.25,local_adaptive,1.0,0,,,,,,
C06-M,M,h0.25_local_adaptive_d1.0,0.25,local_adaptive,1.0,0,,,,,,
C06-S,S,h0.25_local_adaptive_d1.0,0.25,local_adaptive,1.0,0,,,,,,
C07-L,L,h0.25_local_adaptive_d1.0,0.25,local_adaptive,1.0,1041,6.473151181567945,0.4338109595164673,0.7872195785180149,1.613625258585748,0.4973562047101449,0.7434214308849696
C07-M,M,h0.25_local_adaptive_d1.0,0.25,local_adaptive,1.0,1317,5.474125901660642,0.4819040531707697,0.7939698492462313,1.6572609614741673,0.4868607525664251,0.7268686302754334
C07-S,S,h0.25_local_adaptive_d1.0,0.25,local_adaptive,1.0,3072,3.9599733118553386,0.68082392764789,0.8641796902875901,1.5213776825535645,0.47915770304951694,0.8002464510229134
C08-L,L,h0.25_local_adaptive_d1.0,0.25,local_adaptive,1.0,0,,,,,,
C08-M,M,h0.25_local_adaptive_d1.0,0.25,local_adaptive,1.0,0,,,,,,
C08-S,S,h0.25_local_adaptive_d1.0,0.25,local_adaptive,1.0,0,,,,,,
C09-L,L,h0.25_local_adaptive_d1.0,0.25,local_adaptive,1.0,1132,6.24603484230968,0.5006040062258741,0.820230503520659,1.5654544862276945,0.5119041553442029,0.781861182638782
C09-M,M,h0.25_local_adaptive_d1.0,0.25,local_adaptive,1.0,1371,5.218821326950407,0.5253662092218637,0.8251366120218578,1.5882866729754261,0.5003576011473431,0.7751324490565147
C09-S,S,h0.25_local_adaptive_d1.0,0.25,local_adaptive,1.0,3208,3.8461103706897997,0.7127667185944955,0.876277035569071,1.4975708926591724,0.47751075634057977,0.8054177346384963
C10-L,L,h0.25_local_adaptive_d1.0,0.25,local_adaptive,1.0,0,,,,,,
C10-M,M,h0.25_local_adaptive_d1.0,0.25,local_adaptive,1.0,0,,,,,,
C10-S,S,h0.25_local_adaptive_d1.0,0.25,local_adaptive,1.0,0,,,,,,
C11-L,L,h0.25_local_adaptive_d1.0,0.25,local_adaptive,1.0,0,,,,,,
C11-M,M,h0.25_local_adaptive_d1.0,0.25,local_adaptive,1.0,0,,,,,,
C11-S,S,h0.25_local_adaptive_d1.0,0.25,local_adaptive,1.0,0,,,,,,
C12-L,L,h0.25_local_adaptive_d1.0,0.25,local_adaptive,1.0,1119,6.492737160311173,0.47001853764270835,0.8145363408521304,1.5963031420282419,0.5064646550422706,0.7748718049728776
C12-M,M,h0.25_local_adaptive_d1.0,0.25,local_adaptive,1.0,1383,5.600247964261322,0.4671549118639263,0.7940199335548173,1.6604395942408436,0.49237762303743965,0.7352947261732213
C12-S,S,h0.25_local_adaptive_d1.0,0.25,local_adaptive,1.0,2590,4.407623557997045,0.6104099198248709,0.8385016025641026,1.577662523427688,0.48301771965579704,0.7813529300574731
C13-L,L,h0.25_local_adaptive_d1.0,0.25,local_adaptive,1.0,0,,,,,,
C13-M,M,h0.25_local_adaptive_d1.0,0.25,local_adaptive,1.0,0,,,,,,
C13-S,S,h0.25_local_adaptive_d1.0,0.25,local_adaptive,1.0,0,,,,,,
C14-L,L,h0.25_local_adaptive_d1.0,0.25,local_adaptive,1.0,1169,6.223127513661881,0.47127529742676744,0.8051948051948052,1.572379124321856,0.5010822388285024,0.7587426643901488
C14-M,M,h0.25_local_adaptive_d1.0,0.25,local_adaptive,1.0,1515,5.345028672818396,0.48423010319570853,0.8,1.6243842157228803,0.4932239772041063,0.7372855192404373
C14-S,S,h0.25_local_adaptive_d1.0,0.25,local_adaptive,1.0,2990,4.0156942680121945,0.6583844103853714,0.8553245490873744,1.5390819973449923,0.48081502868357484,0.787845257718617
C15-L,L,h0.25_local_adaptive_d1.0,0.25,local_adaptive,1.0,1179,6.289089941717453,0.49748981424610506,0.8234519104084322,1.5702799632299538,0.5086725354770532,0.7798190571129386
C15-M,M,h0.25_local_adaptive_d1.0,0.25,local_adaptive,1.0,1262,5.6790492961667445,0.4855386305532213,0.8022983976884686,1.5939121594664711,0.49837050875603867,0.7424015196350627
C15-S,S,h0.25_local_adaptive_d1.0,0.25,local_adaptive,1.0,3007,4.0550261985540725,0.6601376667586796,0.8558718861209965,1.5439943443531945,0.4802055027173913,0.7983436923346573
C16-L,L,h0.25_local_adaptive_d1.0,0.25,local_adaptive,1.0,1062,6.613835567728841,0.4816007464434671,0.824980726477338,1.5346170011075762,0.5062240526871981,0.7767920046455347
C16-M,M,h0.25_local_adaptive_d1.0,0.25,local_adaptive,1.0,1280,5.695793458191785,0.4678898320919886,0.7939660400242571,1.6528594003584955,0.49802753245772946,0.738621813640377
C16-S,S,h0.25_local_adaptive_d1.0,0.25,local_adaptive,1.0,2944,4.07065256165218,0.6469053447471607,0.8508017676767677,1.5503164782985566,0.4824836767814009,0.7915676592901912
C17-L,L,h0.25_local_adaptive_d1.0,0.25,local_adaptive,1.0,1023,6.835695200563416,0.43396308659679267,0.7965708989805376,1.583327376042787,0.506399550875604,0.7566447878663204
C17-M,M,h0.25_local_adaptive_d1.0,0.25,local_adaptive,1.0,1107,6.253658167142827,0.40224360186762037,0.7700617283950617,1.6608907137442663,0.49499877339975845,0.7099430058010419
C17-S,S,h0.25_local_adaptive_d1.0,0.25,local_adaptive,1.0,2275,4.5979675205253,0.5653869132410921,0.8187134502923976,1.6095317525698087,0.48013190670289857,0.7555042804281032
C18-L,L,h0.25_local_adaptive_d1.0,0.25,local_adaptive,1.0,1094,6.683066857768079,0.4391539346246919,0.7928195616790945,1.6260580807495448,0.49683584314613527,0.7534602009411424
C18-M,M,h0.25_local_adaptive_d1.0,0.25,local_adaptive,1.0,1397,5.531810591556775,0.4733402726215501,0.7894736842105262,1.6387371590259352,0.48970410628019323,0.7279249478845868
C18-S,S,h0.25_local_adaptive_d1.0,0.25,local_adaptive,1.0,2420,4.545892388103343,0.5748262899441554,0.8175403598971722,1.603743402652972,0.4826068085748792,0.7644570268936607
C19-L,L,h0.25_local_adaptive_d1.0,0.25,local_adaptive,1.0,916,7.1843746708645835,0.38339772401186956,0.7631945341751973,1.6343371633551516,0.49358299365942027,0.7169352093182656
C19-M,M,h0.25_local_adaptive_d1.0,0.25,local_adaptive,1.0,1179,6.233321013554577,0.41209599392793256,0.7588357588357588,1.705670560876518,0.4908453162741546,0.7047421736635087
C19-S,S,h0.25_local_adaptive_d1.0,0.25,local_adaptive,1.0,2111,4.807225272862896,0.543482285401928,0.8060538116591928,1.6839240497232475,0.48415279664855077,0.7443766091678559
C20-L,L,h0.25_local_adaptive_d1.0,0.25,local_adaptive,1.0,0,,,,,,
C20-M,M,h0.25_local_adaptive_d1.0,0.25,local_adaptive,1.0,0,,,,,,
C20-S,S,h0.25_local_adaptive_d1.0,0.25,local_adaptive,1.0,0,,,,,,
C21-L,L,h0.25_local_adaptive_d1.0,0.25,local_adaptive,1.0,1013,6.613835567728841,0.38950292599010244,0.7553444180522566,1.6656795932336086,0.48651824803743965,0.7013751523746317
C21-M,M,h0.25_local_adaptive_d1.0,0.25,local_adaptive,1.0,1361,5.822565877319402,0.4193174304758169,0.7537128712871288,1.6939293336973213,0.4805168704710145,0.6930846753807115
C21-S,S,h0.25_local_adaptive_d1.0,0.25,local_adaptive,1.0,1733,5.273280067746964,0.4795726485296677,0.7818181818181817,1.7008404288405448,0.48054423309178745,0.7193353886840079
C22-L,L,h0.25_local_adaptive_d1.0,0.25,local_adaptive,1.0,0,,,,,,
C22-M,M,h0.25_local_adaptive_d1.0,0.25,local_adaptive,1.0,0,,,,,,
C22-S,S,h0.25_local_adaptive_d1.0,0.25,local_adaptive,1.0,0,,,,,,
C23-L,L,h0.25_local_adaptive_d1.0,0.25,local_adaptive,1.0,0,,,,,,
C23-M,M,h0.25_local_adaptive_d1.0,0.25,local_adaptive,1.0,0,,,,,,
C23-S,S,h0.25_local_adaptive_d1.0,0.25,local_adaptive,1.0,0,,,,,,
C24-L,L,h0.25_local_adaptive_d1.0,0.25,local_adaptive,1.0,1005,6.831049807433915,0.4300061367211626,0.7923627684964201,1.622443776579781,0.498371452294686,0.74205091013013
C24-M,M,h0.25_local_adaptive_d1.0,0.25,local_adaptive,1.0,1040,6.240954694220851,0.4130898929596626,0.7660477647405876,1.6345511258964698,0.4889893757548309,0.6999273393145735
C24-S,S,h0.25_local_adaptive_d1.0,0.25,local_adaptive,1.0,2870,4.147901434618866,0.6335684192174854,0.8421052631578947,1.581908786699953,0.4813905872584541,0.7847676317120986
C25-L,L,h0.25_local_adaptive_d1.0,0.25,local_adaptive,1.0,815,7.600890543885589,0.40586494180202576,0.7991218441273326,1.605075269500932,0.5065939198369566,0.7466511860357359
C25-M,M,h0.25_local_adaptive_d1.0,0.25,local_adaptive,1.0,1286,5.684636163524871,0.48318791198224986,0.8080249607800347,1.6439221731721272,0.4991083559782609,0.7425706645222718
C25-S,S,h0.25_local_adaptive_d1.0,0.25,local_adaptive,1.0,2183,4.535407224223704,0.5900214629444546,0.8274509803921568,1.6095355943846246,0.4864295554045894,0.7458172026421002
C26-L,L,h0.25_local_adaptive_d1.0,0.25,local_adaptive,1.0,1110,6.524438522725676,0.40161106913303257,0.7660906068871463,1.6564183004001394,0.48123160099637685,0.7196836240372165
C26-M,M,h0.25_local_adaptive_d1.0,0.25,local_adaptive,1.0,969,6.770369652236635,0.38314740133478314,0.752155172413793,1.7328814206042438,0.4747216560990338,0.6897299348276308
C26-S,S,h0.25_local_adaptive_d1.0,0.25,local_adaptive,1.0,1753,5.033038241633877,0.49820864278189986,0.788235294117647,1.7215030437717778,0.4785613866243961,0.7156029618066284
C27-L,L,h0.25_local_adaptive_d1.0,0.25,local_adaptive,1.0,1028,6.594607504082896,0.4667889560667233,0.8160861775116899,1.564055695924468,0.5088876622886472,0.7634533229499295
C27-M,M,h0.25_local_adaptive_d1.0,0.25,local_adaptive,1.0,1094,6.073399489064991,0.4521615962701856,0.787437441774812,1.6444307000093268,0.4965207012379227,0.7163057363241185
C27-S,S,h0.25_local_adaptive_d1.0,0.25,local_adaptive,1.0,2724,4.2011305781721076,0.6096918918481973,0.8337070254110612,1.584211717781486,0.4815892021437198,0.7712945868820659
C01-L,L,h0.18_local_adaptive_d0.6,0.18,local_adaptive,0.6,1679,5.267256901797619,0.536526032050036,0.8307692307692308,1.5617743698833022,0.4960314764492753,0.7856187515681504
C01-M,M,h0.18_local_adaptive_d0.6,0.18,local_adaptive,0.6,2380,4.163179208013847,0.636852555647509,0.8547008547008547,1.526152803874311,0.48354610129830916,0.7941027612683417
C01-S,S,h0.18_local_adaptive_d0.6,0.18,local_adaptive,0.6,4117,3.518528620850199,0.7899187713579955,0.8993710691823898,1.4285424078824964,0.47491791213768114,0.8457373751682161
C02-L,L,h0.18_local_adaptive_d0.6,0.18,local_adaptive,0.6,0,,,,,,
C02-M,M,h0.18_local_adaptive_d0.6,0.18,local_adaptive,0.6,0,,,,,,
C02-S,S,h0.18_local_adaptive_d0.6,0.18,local_adaptive,0.6,0,,,,,,
C03-L,L,h0.18_local_adaptive_d0.6,0.18,local_adaptive,0.6,1505,5.503043830830882,0.5356639212061752,0.838235294117647,1.5747933669436622,0.5070982412439614,0.8022004887000015
C03-M,M,h0.18_local_adaptive_d0.6,0.18,local_adaptive,0.6,1968,4.464867820654131,0.5826061268911029,0.8409046693415765,1.5326934293388725,0.4943500905797102,0.7933062818150354
C03-S,S,h0.18_local_adaptive_d0.6,0.18,local_adaptive,0.6,4123,3.607619393640327,0.7722183627747884,0.8949152542372881,1.4215907513460104,0.48378623188405795,0.8431131584497918
C04-L,L,h0.18_local_adaptive_d0.6,0.18,local_adaptive,0.6,1488,5.543275496273416,0.5234215982194113,0.8312673835439435,1.5762108406939608,0.4997943085748792,0.7942122448157545
C04-M,M,h0.18_local_adaptive_d0.6,0.18,local_adaptive,0.6,2245,4.422004097209329,0.6076659569203106,0.8474576271186441,1.5585023702508916,0.49202426781400965,0.793018247566354
C04-S,S,h0.18_local_adaptive_d0.6,0.18,local_adaptive,0.6,4041,3.5988095651210856,0.7680882663284448,0.8934010152284264,1.435383043165275,0.4773281816123189,0.8435901146634066
C05-L,L,h0.18_local_adaptive_d0.6,0.18,local_adaptive,0.6,0,,,,,,
C05-M,M,h0.18_local_adaptive_d0.6,0.18,local_adaptive,0.6,0,,,,,,
C05-S,S,h0.18_local_adaptive_d0.6,0.18,local_adaptive,0.6,0,,,,,,
C06-L,L,h0.18_local_adaptive_d0.6,0.18,local_adaptive,0.6,0,,,,,,
C06-M,M,h0.18_local_adaptive_d0.6,0.18,local_adaptive,0.6,0,,,,,,
C06-S,S,h0.18_local_adaptive_d0.6,0.18,local_adaptive,0.6,0,,,,,,
C07-L,L,h0.18_local_adaptive_d0.6,0.18,local_adaptive,0.6,1762,5.136049702580899,0.534204045662044,0.8187017582734875,1.6127794421723085,0.4949846203200483,0.7770445857787079
C07-M,M,h0.18_local_adaptive_d0.6,0.18,local_adaptive,0.6,2004,4.646043170628641,0.5627384908473119,0.824300394180097,1.6018287940550193,0.4849401796497584,0.7716016864783295
C07-S,S,h0.18_local_adaptive_d0.6,0.18,local_adaptive,0.6,4098,3.5811248902099826,0.7942674518718515,0.9002905341293632,1.4117439543372705,0.4782193538647343,0.845851489910288
C08-L,L,h0.18_local_adaptive_d0.6,0.18,local_adaptive,0.6,0,,,,,,
C08-M,M,h0.18_local_adaptive_d0.6,0.18,local_adaptive,0.6,0,,,,,,
C08-S,S,h0.18_local_adaptive_d0.6,0.18,local_adaptive,0.6,0,,,,,,
C09-L,L,h0.18_local_adaptive_d0.6,0.18,local_adaptive,0.6,1693,5.243095045493981,0.5481619743777844,0.8349604834960485,1.594492894347762,0.5092594165157005,0.7956342822761
C09-M,M,h0.18_local_adaptive_d0.6,0.18,local_adaptive,0.6,1991,4.542400917235657,0.5958093281540096,0.8486646884272997,1.5515485285668105,0.49828370320048315,0.7999587429663938
C09-S,S,h0.18_local_adaptive_d0.6,0.18,local_adaptive,0.6,4187,3.5094951563407557,0.7998655535004111,0.9035532994923858,1.419800018920525,0.47657193538647347,0.8468217651944009
C10-L,L,h0.18_local_adaptive_d0.6,0.18,local_adaptive,0.6,0,,,,,,
C10-M,M,h0.18_local_adaptive_d0.6,0.18,local_adaptive,0.6,0,,,,,,
C10-S,S,h0.18_local_adaptive_d0.6,0.18,local_adaptive,0.6,0,,,,,,
C11-L,L,h0.18_local_adaptive_d0.6,0.18,local_adaptive,0.6,0,,,,,,
C11-M,M,h0.18_local_adaptive_d0.6,0.18,local_adaptive,0.6,0,,,,,,
C11-S,S,h0.18_local_adaptive_d0.6,0.18,local_adaptive,0.6,0,,,,,,
C12-L,L,h0.18_local_adaptive_d0.6,0.18,local_adaptive,0.6,1566,5.526066233755291,0.528085847941645,0.8298131246932596,1.5786565442602736,0.5038449199879227,0.7925459036461839
C12-M,M,h0.18_local_adaptive_d0.6,0.18,local_adaptive,0.6,2137,4.652870570594867,0.5639742479487212,0.8255707762557078,1.5864797256568344,0.49045138888888884,0.7818970797498916
C12-S,S,h0.18_local_adaptive_d0.6,0.18,local_adaptive,0.6,3678,3.7710977650098934,0.7319849252386839,0.8801137420194631,1.455780457686848,0.48174394248188407,0.8334928217293484
C13-L,L,h0.18_local_adaptive_d0.6,0.18,local_adaptive,0.6,0,,,,,,
C13-M,M,h0.18_local_adaptive_d0.6,0.18,local_adaptive,0.6,0,,,,,,
C13-S,S,h0.18_local_adaptive_d0.6,0.18,local_adaptive,0.6,0,,,,,,
C14-L,L,h0.18_local_adaptive_d0.6,0.18,local_adaptive,0.6,1750,5.176068413293333,0.5361596345564708,0.8282136432821365,1.5579085016517071,0.4985662930253623,0.7843634307563557
C14-M,M,h0.18_local_adaptive_d0.6,0.18,local_adaptive,0.6,2324,4.464867820654131,0.5882653962569835,0.833769660418737,1.5758465960408308,0.4909259888285024,0.7847834805034404
C14-S,S,h0.18_local_adaptive_d0.6,0.18,local_adaptive,0.6,4209,3.5454909202859826,0.7749696561146332,0.89247311827957,1.4379812649151396,0.47970023777173915,0.8420624953809185
C15-L,L,h0.18_local_adaptive_d0.6,0.18,local_adaptive,0.6,1592,5.600247964261322,0.5392091336421077,0.8350484791207253,1.5724825860822036,0.5062216938405797,0.7934508586038463
C15-M,M,h0.18_local_adaptive_d0.6,0.18,local_adaptive,0.6,2128,4.552869978916073,0.603102282359888,0.8470582582912365,1.5466858159067864,0.49648012907608696,0.7908957188242529
C15-S,S,h0.18_local_adaptive_d0.6,0.18,local_adaptive,0.6,3839,3.660033074925209,0.7460967611225988,0.8876404494382023,1.4678383306243539,0.4790331559480676,0.8342552603478492
C16-L,L,h0.18_local_adaptive_d0.6,0.18,local_adaptive,0.6,1499,5.61157304754546,0.5299577230211969,0.8336134453781513,1.558347408838902,0.5040190028683575,0.7946404974867419
C16-M,M,h0.18_local_adaptive_d0.6,0.18,local_adaptive,0.6,2055,4.6596879670285425,0.5720622094000386,0.8333333333333334,1.566010692900836,0.49584559933574884,0.7848265277378866
C16-S,S,h0.18_local_adaptive_d0.6,0.18,local_adaptive,0.6,3981,3.5988095651210856,0.7576072441646605,0.8865248226950355,1.4391895131754944,0.4812915157004831,0.8358548456352258
C17-L,L,h0.18_local_adaptive_d0.6,0.18,local_adaptive,0.6,1531,5.784277100224782,0.4907671756590461,0.8133047210300428,1.5802956337664849,0.5027084276871981,0.7761584506081364
C17-M,M,h0.18_local_adaptive_d0.6,0.18,local_adaptive,0.6,1904,4.956775675920353,0.5293954008995905,0.8137421832328254,1.6180900204669073,0.4923898890398551,0.7632357408310488
C17-S,S,h0.18_local_adaptive_d0.6,0.18,local_adaptive,0.6,3322,3.911580781529363,0.6891892772494086,0.8661252594471716,1.5040071428180135,0.47891474184782606,0.8111104428017146
C18-L,L,h0.18_local_adaptive_d0.6,0.18,local_adaptive,0.6,1478,5.784266686650517,0.4771415762620044,0.805314323573631,1.613763180428584,0.4935075105676328,0.76931399544157
C18-M,M,h0.18_local_adaptive_d0.6,0.18,local_adaptive,0.6,2100,4.693626419612503,0.5537974217118106,0.8246738641475484,1.584804163135085,0.48713013285024154,0.7711482480550684
C18-S,S,h0.18_local_adaptive_d0.6,0.18,local_adaptive,0.6,3533,3.8129536281046623,0.7024822224742171,0.8687782805429863,1.4723582189130298,0.48130849939613524,0.8206515049189956
C19-L,L,h0.18_local_adaptive_d0.6,0.18,local_adaptive,0.6,1459,5.860604509712605,0.4664507844731194,0.7948473282442747,1.623052426292554,0.49110714824879226,0.7535350596173471
C19-M,M,h0.18_local_adaptive_d0.6,0.18,local_adaptive,0.6,1991,4.9695673763539245,0.5303566973644429,0.8109161793372319,1.6187818275289854,0.48899550875603864,0.758447879479488
C19-S,S,h0.18_local_adaptive_d0.6,0.18,local_adaptive,0.6,2881,4.193567780719649,0.6211247498884261,0.8425925925925926,1.6043124296322466,0.4831517021437198,0.7899319883899276
C20-L,L,h0.18_local_adaptive_d0.6,0.18,local_adaptive,0.6,0,,,,,,
C20-M,M,h0.18_local_adaptive_d0.6,0.18,local_adaptive,0.6,0,,,,,,
C20-S,S,h0.18_local_adaptive_d0.6,0.18,local_adaptive,0.6,0,,,,,,
C21-L,L,h0.18_local_adaptive_d0.6,0.18,local_adaptive,0.6,1476,5.767789816047085,0.44586466093830135,0.7782163617625373,1.6647501752094198,0.48399758454106284,0.7327216673137034
C21-M,M,h0.18_local_adaptive_d0.6,0.18,local_adaptive,0.6,1943,4.963175647179782,0.48985827455919856,0.7888675623800383,1.6587470563750926,0.4785741243961352,0.7330709149491939
C21-S,S,h0.18_local_adaptive_d0.6,0.18,local_adaptive,0.6,2429,4.535407224223704,0.5651302434595851,0.818702290076336,1.6310971467437594,0.47919308574879227,0.7630536571766442
C22-L,L,h0.18_local_adaptive_d0.6,0.18,local_adaptive,0.6,0,,,,,,
C22-M,M,h0.18_local_adaptive_d0.6,0.18,local_adaptive,0.6,0,,,,,,
C22-S,S,h0.18_local_adaptive_d0.6,0.18,local_adaptive,0.6,0,,,,,,
C23-L,L,h0.18_local_adaptive_d0.6,0.18,local_adaptive,0.6,0,,,,,,
C23-M,M,h0.18_local_adaptive_d0.6,0.18,local_adaptive,0.6,0,,,,,,
C23-S,S,h0.18_local_adaptive_d0.6,0.18,local_adaptive,0.6,0,,,,,,
C24-L,L,h0.18_local_adaptive_d0.6,0.18,local_adaptive,0.6,1495,5.751255267505358,0.48129243291380935,0.8069784706755754,1.6303417124631543,0.49499735809178746,0.7699534665921571
C24-M,M,h0.18_local_adaptive_d0.6,0.18,local_adaptive,0.6,2040,4.7206015061997775,0.5571173554180378,0.8242179863147605,1.5831990172296662,0.48619414251207727,0.7727350794668153
C24-S,S,h0.18_local_adaptive_d0.6,0.18,local_adaptive,0.6,3801,3.720249176209294,0.7303928989748932,0.8769841269841271,1.4916109849671384,0.480339485205314,0.826806686469601
C25-L,L,h0.18_local_adaptive_d0.6,0.18,local_adaptive,0.6,1328,6.023540825690509,0.5029308995654487,0.8224326568362639,1.5989880518634663,0.5039921120169082,0.7840437278818223
C25-M,M,h0.18_local_adaptive_d0.6,0.18,local_adaptive,0.6,2104,4.697005562053578,0.5761319678399066,0.8383492312645898,1.5848010749054613,0.49620131340579715,0.7885917471347476
C25-S,S,h0.18_local_adaptive_d0.6,0.18,local_adaptive,0.6,3353,3.8789837067173596,0.695939108075144,0.868632707774799,1.5028594542164633,0.48520295516304346,0.8150378609945529
C26-L,L,h0.18_local_adaptive_d0.6,0.18,local_adaptive,0.6,1610,5.546137280978084,0.4634191405042549,0.7914053783710999,1.6621480428523168,0.47879679951690823,0.7526499252077008
C26-M,M,h0.18_local_adaptive_d0.6,0.18,local_adaptive,0.6,1683,5.279296361851663,0.48197335465645336,0.786692759295499,1.6635989485687226,0.47237507548309177,0.7442834823005108
C26-S,S,h0.18_local_adaptive_d0.6,0.18,local_adaptive,0.6,2530,4.385964343097444,0.5856634844877313,0.822919254658385,1.6537778481683159,0.4771767436594203,0.767186752360396
C27-L,L,h0.18_local_adaptive_d0.6,0.18,local_adaptive,0.6,1573,5.548999065682753,0.5158960566316899,0.8303571428571428,1.595173418051348,0.5056480223429952,0.7891802036553183
C27-M,M,h0.18_local_adaptive_d0.6,0.18,local_adaptive,0.6,1729,4.995052504385949,0.5443957830981526,0.824858757062147,1.587331899942368,0.49422271286231884,0.7612932407983451
C27-S,S,h0.18_local_adaptive_d0.6,0.18,local_adaptive,0.6,3899,3.6686958872205877,0.7222168347108535,0.8779342723004695,1.4839972931180696,0.48019134963768123,0.8272398974706472
