sample_id,precursor,d_um
C07-S,S,1.8686377885916985
C07-S,S,3.47312634940454
C07-S,S,3.3045171172802354
C07-S,S,3.482254161070224
C07-S,S,2.092995659821536
C07-S,S,2.3636606135239884
C07-S,S,3.1369646987543267
C07-S,S,2.077773671184859
C07-S,S,4.327676511942633
C07-S,S,4.093980274472972
C07-S,S,4.101726696299568
C07-S,S,2.949198918469352
C07-S,S,3.4455978332997264
C07-S,S,3.3141093496987777
C07-S,S,4.201130578172108
C07-S,S,4.450625781751057
C07-S,S,5.415826839329719
C07-S,S,3.3898702052826586
C07-S,S,3.454798377937929
C07-S,S,3.034085280212642
C07-S,S,4.407623557997045
C07-S,S,3.7878956110204745
C07-S,S,3.5004383795485454
C07-S,S,3.927777872685193
C07-S,S,2.167502675625957
C07-S,S,4.556356098861118
C07-S,S,4.312981472867047
C07-S,S,3.167176934009081
C07-S,S,3.737275577183397
C07-S,S,3.085953743077969
C07-S,S,1.7456790545267524
C07-S,S,4.031473088198847
C07-S,S,2.4943467139819178
C07-S,S,3.417847600281708
C07-S,S,4.542400917235657
C07-S,S,5.957302953501169
C07-S,S,3.9919090976696414
C07-S,S,2.7137683744347867
C07-S,S,3.754224759725641
C07-S,S,3.536526327127732
C07-S,S,3.085953743077969
C07-S,S,5.120575904019775
C07-S,S,1.885548882504947
C07-S,S,3.79626666125431
C07-S,S,3.47312634940454
C07-S,S,2.442911360672195
C07-S,S,4.780738981642966
C07-S,S,5.628517946851282
C07-S,S,6.849612477001458
C07-S,S,3.754224759725641
C07-S,S,2.3230215853143203
C07-S,S,2.0314234463992653
C07-S,S,1.7816762242727986
C07-S,S,3.0445296666259978
C07-S,S,4.632358183109277
C07-S,S,2.817077460835509
C07-S,S,1.763769476086996
C07-S,S,3.677338292334829
C07-S,S,1.7816762242727986
C07-S,S,3.408547317463651
C07-S,S,1.4692078526656815
C07-S,S,1.5532293223428475
C07-S,S,3.177183837092519
C07-S,S,6.344368662995729
C07-S,S,4.840129320675807
C07-S,S,6.57049726327392
C07-S,S,3.106458644685695
C07-S,S,5.48571136626395
C07-S,S,4.047190391814686
C07-S,S,4.34962598416327
C07-S,S,6.026175795934756
C07-S,S,2.817077460835509
C07-S,S,3.417847600281708
C07-S,S,3.607619393640327
C07-S,S,3.821269785482214
C07-S,S,3.482254161070224
C07-S,S,4.0235914128436026
C07-S,S,3.720249176209294
C07-S,S,3.660033074925209
C07-S,S,6.964508322140447
C07-S,S,2.949198918469352
C07-S,S,3.399221589132705
C07-S,S,3.7031444916935614
C07-S,S,1.5935796605476555
C07-S,S,2.481587823589891
C07-S,S,7.86766917699963
C07-S,S,3.572249721942558
C07-S,S,2.1820988181584404
C07-S,S,5.903777133849647
C07-S,S,2.416783215221364
C07-S,S,4.320335240309157
C07-S,S,5.983886320495039
C07-S,S,3.7878956110204745
C07-S,S,5.033038241633877
C07-S,S,8.684643642371404
C07-S,S,5.014081344739102
C07-S,S,3.2463685801555866
C07-S,S,4.312981472867047
C07-S,S,4.563317685959601
C07-S,S,4.261149769927706
C07-S,S,3.167176934009081
C07-S,S,3.6339207337885258
C07-S,S,4.48614610395171
C07-S,S,3.342720896492735
C07-S,S,4.155547342369718
C07-S,S,3.1369646987543267
C07-S,S,3.527538952173992
C07-S,S,4.807225272862896
C07-S,S,8.318730051241575
C07-S,S,3.371089616420414
C07-S,S,6.438732359393037
C07-S,S,5.560428530039174
C07-S,S,3.482254161070224
C07-S,S,3.6251748228320464
C07-S,S,4.178401120615919
C07-S,S,3.6859604338129857
C07-S,S,4.807225272862896
C07-S,S,2.9813145541504222
C07-S,S,4.253693684128203
C07-S,S,2.442911360672195
C07-S,S,4.414819682883245
C07-S,S,2.99194316024752
C07-S,S,4.774094448923046
C07-S,S,4.062846892798531
C07-S,S,1.763769476086996
C07-S,S,3.106458644685695
C07-S,S,3.927777872685193
C07-S,S,2.666568802155929
C07-S,S,6.125443280890184
C07-S,S,5.001403495513547
C07-S,S,4.147901434618866
C07-S,S,4.471971831225634
C07-S,S,5.0456366048769885
C07-S,S,9.94871156696048
C07-S,S,3.4363726552102856
C07-S,S,3.563352448545597
C07-S,S,5.756772060397294
C07-S,S,1.7816762242727986
C07-S,S,3.6859604338129857
C07-S,S,7.919946623710677
C07-S,S,3.463974485409113
C07-S,S,2.606367617934471
C07-S,S,5.237037163580257
C07-S,S,1.967925711283216
C07-S,S,6.723319953289373
C07-S,S,5.9626291083008445
C07-S,S,4.371465247739782
C07-S,S,3.3236738987336945
C07-S,S,2.077773671184859
C07-S,S,7.144499443885116
C07-S,S,4.611754560525867
C07-S,S,5.200541686453833
C07-S,S,4.88582272134439
C07-S,S,3.77950602018642
C07-S,S,3.116660506777289
C07-S,S,4.93752598892475
C07-S,S,5.456701584028908
C07-S,S,1.4474406070619008
C07-S,S,3.4363726552102856
C07-S,S,3.47312634940454
C07-S,S,3.518528620850199
C07-S,S,3.7457597551330326
C07-S,S,3.5004383795485454
C07-S,S,2.654637785700438
C07-S,S,6.020905855446263
C07-S,S,3.4363726552102856
C07-S,S,3.47312634940454
C07-S,S,5.176068413293333
C07-S,S,5.684636163524871
C07-S,S,3.226752880450537
C07-S,S,4.85976481436643
C07-S,S,6.187318015728304
C07-S,S,1.8515722458467807
C07-S,S,4.238742166217072
C07-S,S,5.723591541610411
C07-S,S,4.853228476755571
C07-S,S,4.163179208013847
C07-S,S,1.8686377885916985
C07-S,S,7.068563251928038
C07-S,S,1.7273991889689646
C07-S,S,4.253693684128203
C07-S,S,4.378720796712142
C07-S,S,4.039339384631394
C07-S,S,6.656891733175485
C07-S,S,3.116660506777289
C07-S,S,5.014081344739102
C07-S,S,2.152807572794862
C07-S,S,3.9439084451697126
C07-S,S,2.594159739964875
C07-S,S,5.767789816047085
C07-S,S,4.666495403772876
C07-S,S,5.71248854077351
C07-S,S,1.5326558401751
C07-S,S,2.167502675625957
C07-S,S,2.0624393385761013
C07-S,S,6.881976671613579
C07-S,S,3.5454909202859826
C07-S,S,5.548999065682753
C07-S,S,1.425340979418239
C07-S,S,6.161612387268624
C07-S,S,4.34962598416327
C07-S,S,2.737062950830321
C07-S,S,1.6133764402252686
C07-S,S,6.448585054306144
C07-S,S,4.193567780719649
C07-S,S,3.0756500290270585
C07-S,S,2.138011469127358
C07-S,S,3.660033074925209
C07-S,S,2.872866588820535
C07-S,S,6.690188291128999
C07-S,S,3.6859604338129857
C07-S,S,1.6713604482463675
C07-S,S,3.3045171172802354
C07-S,S,3.333211002694912
C07-S,S,3.333211002694912
C07-S,S,1.7456790545267524
C07-S,S,6.120258816752761
C07-S,S,1.708923800140854
C07-S,S,2.938415705331363
C07-S,S,6.613835567728841
C07-S,S,3.903457032819381
C07-S,S,6.35936128412992
C07-S,S,2.7830672306394435
C07-S,S,5.279296361851663
C07-S,S,4.5284027301221546
C07-S,S,1.5735338353999258
C07-S,S,1.4692078526656815
C07-S,S,4.833566430442728
C07-S,S,4.246224505961664
C07-S,S,2.4943467139819178
C07-S,S,5.617227026861333
C07-S,S,3.25613211672748
C07-S,S,2.046990137236486
C07-S,S,8.651684724070629
C07-S,S,4.774094448923046
C07-S,S,2.390369490821483
C07-S,S,3.87898370671736
C07-S,S,2.4943467139819178
C07-S,S,6.713870447631042
C07-S,S,3.177183837092519
C07-S,S,4.794000418995204
C07-S,S,3.829567883822151
C07-S,S,3.737275577183397
C07-S,S,3.754224759725641
C07-S,S,5.74573317764107
C07-S,S,3.870791546133164
C07-S,S,1.6329332323266434
C07-S,S,2.4943467139819178
C07-S,S,4.385964343097444
C07-S,S,3.8129536281046623
C07-S,S,2.2816588429798004
C07-S,S,2.654637785700438
C07-S,S,5.63978626232879
C07-S,S,3.64264564606838
C07-S,S,6.502508026877871
C07-S,S,4.521387384732147
C07-S,S,5.734673045773384
C07-S,S,5.101944274366352
C07-S,S,5.866018464224818
C07-S,S,3.720249176209294
C07-S,S,5.1267714004225615
C07-S,S,5.120575904019775
C07-S,S,3.754224759725641
C07-S,S,8.253604291960114
C07-S,S,2.8838949080235423
C07-S,S,5.560428530039174
C07-S,S,2.569569993156261
C07-S,S,1.3800804689884518
C07-S,S,3.3141093496987777
C07-S,S,4.312981472867047
C07-S,S,5.08948529539226
C07-S,S,4.305615145589724
C07-S,S,6.374318642190622
C07-S,S,4.268592831966727
C07-S,S,2.905825983649
C07-S,S,5.594576825627681
C07-S,S,2.557186451232348
C07-S,S,2.3230215853143203
C07-S,S,4.132567180892246
C07-S,S,5.622875320924713
C07-S,S,7.272207849147007
C07-S,S,3.371089616420414
C07-S,S,3.7878956110204745
C07-S,S,1.7816762242727986
C07-S,S,4.535407224223704
C07-S,S,1.763769476086996
C07-S,S,2.2536619686684074
C07-S,S,4.238742166217072
C07-S,S,4.305615145589724
C07-S,S,5.8171114818577685
C07-S,S,5.508809200490484
C07-S,S,3.821269785482214
C07-S,S,2.959942848107641
C07-S,S,5.3746412466382045
C07-S,S,3.054938345421817
C07-S,S,7.237203035309503
C07-S,S,2.606367617934471
C07-S,S,3.491358109053505
C07-S,S,3.3616599766446864
C07-S,S,3.491358109053505
C07-S,S,1.3332844010779643
C07-S,S,1.8343479436102936
C07-S,S,4.371465247739782
C07-S,S,4.686858389531491
C07-S,S,6.253658167142827
C07-S,S,7.337391774441175
C07-S,S,3.616407760849512
C07-S,S,3.563352448545597
C07-S,S,6.140970411709458
C07-S,S,2.481587823589891
C07-S,S,3.454798377937929
C07-S,S,4.062846892798531
C07-S,S,4.238742166217072
C07-S,S,4.132567180892246
C07-S,S,5.537546011025326
C07-S,S,2.046990137236486
C07-S,S,5.935950544465699
C07-S,S,3.197103680115411
C07-S,S,4.680080571972979
C07-S,S,4.556356098861118
C07-S,S,5.548999065682753
C07-S,S,3.737275577183397
C07-S,S,2.7944499662047773
C07-S,S,7.8272181677197565
C07-S,S,6.991802384889051
C07-S,S,4.639205722964035
C07-S,S,4.89879969697993
C07-S,S,5.114372902464696
C07-S,S,2.429882407183215
C07-S,S,2.442911360672195
C07-S,S,8.199582926050782
C07-S,S,2.8617957708052053
C07-S,S,4.178401120615919
C07-S,S,4.0550261985540725
C07-S,S,4.800617399948569
C07-S,S,5.297304247100458
C07-S,S,3.8129536281046623
C07-S,S,3.399221589132705
C07-S,S,4.305615145589724
C07-S,S,3.616407760849512
C07-S,S,3.563352448545597
C07-S,S,4.140241406965356
C07-S,S,1.763769476086996
C07-S,S,1.6329332323266434
C07-S,S,1.6329332323266434
C07-S,S,3.085953743077969
C07-S,S,7.3934196617906895
C07-S,S,4.570268668946549
C07-S,S,4.305615145589724
C07-S,S,3.3898702052826586
C07-S,S,5.634154921671018
C07-S,S,4.320335240309157
C07-S,S,3.77950602018642
C07-S,S,3.3236738987336945
C07-S,S,7.6134091752786865
C07-S,S,4.787374292236132
C07-S,S,5.706928939903308
C07-S,S,3.3045171172802354
C07-S,S,3.8461103706898
C07-S,S,5.871427426613504
C07-S,S,6.068170560425284
C07-S,S,2.581894140566543
C07-S,S,3.737275577183397
C07-S,S,2.51967068012428
C07-S,S,3.563352448545597
C07-S,S,3.491358109053505
C07-S,S,4.132567180892246
C07-S,S,3.3522038117053645
C07-S,S,1.7816762242727986
C07-S,S,5.48571136626395
C07-S,S,4.124878677152203
C07-S,S,1.5735338353999258
C07-S,S,4.393195946265654
C07-S,S,4.813824075245639
C07-S,S,4.283440156211276
C07-S,S,3.762670720366032
C07-S,S,6.253658167142827
C07-S,S,5.844332554635763
C07-S,S,5.206642030705284
C07-S,S,3.4363726552102856
C07-S,S,3.7878956110204745
C07-S,S,7.298351281034095
C07-S,S,2.678446672979338
C07-S,S,3.0445296666259978
C07-S,S,5.8280151680556775
C07-S,S,3.034085280212642
C07-S,S,3.821269785482214
C07-S,S,4.747423321527871
C07-S,S,4.312981472867047
C07-S,S,7.358991443700075
C07-S,S,2.309316323606075
C07-S,S,4.611754560525867
C07-S,S,5.151478875589207
C07-S,S,4.892315511878591
C07-S,S,7.725164021625219
C07-S,S,3.854354989734393
C07-S,S,2.7020457780577374
C07-S,S,3.903457032819381
C07-S,S,9.240701138059732
C07-S,S,2.7020457780577374
C07-S,S,7.064070996468304
C07-S,S,4.414819682883245
C07-S,S,3.427122644743577
C07-S,S,1.763769476086996
C07-S,S,3.887158602416619
C07-S,S,4.471971831225634
C07-S,S,3.728772094999736
C07-S,S,5.212735235868942
C07-S,S,3.417847600281708
C07-S,S,3.6859604338129857
C07-S,S,5.0519240049546825
C07-S,S,5.99977980485084
C07-S,S,3.5811248902099826
C07-S,S,2.403612636431448
C07-S,S,3.3141093496987777
C07-S,S,1.4906572770752111
C07-S,S,5.994486658866896
C07-S,S,3.694562453525125
C07-S,S,3.7031444916935614
C07-S,S,2.167502675625957
C07-S,S,3.5811248902099826
C07-S,S,3.737275577183397
C07-S,S,4.155547342369718
C07-S,S,3.720249176209294
C07-S,S,4.767440655516864
C07-S,S,3.2070172036910374
C07-S,S,2.416783215221364
C07-S,S,5.673456927211946
C07-S,S,4.563317685959601
C07-S,S,3.177183837092519
C07-S,S,1.9517285164096905
C07-S,S,3.829567883822151
C07-S,S,8.651684724070629
C07-S,S,3.085953743077969
C07-S,S,6.93252943344809
C07-S,S,2.7830672306394435
C07-S,S,1.9999266016169468
C07-S,S,3.837848040264863
C07-S,S,4.879321291024226
C07-S,S,2.092995659821536
C07-S,S,3.837848040264863
C07-S,S,3.427122644743577
C07-S,S,3.668695887220588
C07-S,S,3.754224759725641
C07-S,S,5.566134461278887
C07-S,S,2.4943467139819178
C07-S,S,6.120258816752761
C07-S,S,4.9503674306088525
C07-S,S,6.30924733295999
C07-S,S,2.569569993156261
C07-S,S,5.380544204207179
C07-S,S,6.304214027545383
C07-S,S,4.2162154761798245
C07-S,S,3.034085280212642
C07-S,S,3.116660506777289
C07-S,S,2.6185185817901284
C07-S,S,2.1081077380899123
C07-S,S,4.062846892798531
C07-S,S,5.0456366048769885
C07-S,S,6.613835567728841
C07-S,S,4.047190391814686
C07-S,S,4.866292372465588
C07-S,S,6.723319953289373
C07-S,S,1.8686377885916985
C07-S,S,4.820413844347526
C07-S,S,1.967925711283216
C07-S,S,3.3045171172802354
C07-S,S,1.9517285164096905
C07-S,S,5.560428530039174
C07-S,S,6.202690258093208
C07-S,S,4.422004097209329
C07-S,S,4.0156942680121945
C07-S,S,7.307044972360412
C07-S,S,6.868124976916566
C07-S,S,6.89580054226642
C07-S,S,7.692220741379599
C07-S,S,6.394207360230822
C07-S,S,4.140241406965356
C07-S,S,2.3230215853143203
C07-S,S,3.8129536281046623
C07-S,S,2.416783215221364
C07-S,S,4.563317685959601
C07-S,S,5.740205775517335
C07-S,S,3.668695887220588
C07-S,S,4.787374292236132
C07-S,S,4.163179208013847
C07-S,S,6.30924733295999
C07-S,S,3.762670720366032
C07-S,S,5.083244354607721
C07-S,S,4.246224505961664
C07-S,S,7.537985540559736
C07-S,S,2.8838949080235423
C07-S,S,3.8129536281046623
C07-S,S,3.9439084451697126
C07-S,S,3.408547317463651
C07-S,S,3.054938345421817
C07-S,S,7.108865808043678
C07-S,S,5.427536748869573
C07-S,S,4.9695673763539245
C07-S,S,6.414034407382075
C07-S,S,5.3746412466382045
C07-S,S,6.51226423345496
C07-S,S,2.015736544099424
C07-S,S,3.427122644743577
C07-S,S,6.384270746052712
C07-S,S,4.400415665098895
C07-S,S,4.686858389531491
C07-S,S,2.6902721021035894
C07-S,S,2.4558711935816286
C07-S,S,4.767440655516864
C07-S,S,3.3141093496987777
C07-S,S,5.261226840402518
C07-S,S,5.14531312966267
C07-S,S,3.1470676707998515
C07-S,S,4.0235914128436026
C07-S,S,3.7031444916935614
C07-S,S,2.8617957708052053
C07-S,S,6.57049726327392
C07-S,S,3.87898370671736
C07-S,S,6.223127513661881
C07-S,S,4.450625781751057
C07-S,S,3.380492953002611
C07-S,S,3.6251748228320464
C07-S,S,2.839524648083372
C07-S,S,2.817077460835509
C07-S,S,3.417847600281708
C07-S,S,5.315251122612825
C07-S,S,2.8838949080235423
C07-S,S,3.427122644743577
C07-S,S,2.606367617934471
C07-S,S,6.21291728937139
C07-S,S,3.935851422566431
C07-S,S,3.77950602018642
C07-S,S,3.6339207337885258
C07-S,S,3.6251748228320464
C07-S,S,6.647347797467389
C07-S,S,4.031473088198847
C07-S,S,4.840129320675807
C07-S,S,4.231246595071459
C07-S,S,7.307044972360412
C07-S,S,6.125443280890184
C07-S,S,4.140241406965356
C07-S,S,4.193567780719649
C07-S,S,3.7117066869195305
C07-S,S,5.729134972974281
C07-S,S,4.556356098861118
C07-S,S,6.223127513661881
C07-S,S,2.630613420201259
C07-S,S,1.5532293223428475
C07-S,S,4.0156942680121945
C07-S,S,4.371465247739782
C07-S,S,3.1470676707998515
C07-S,S,3.29489695969924
C07-S,S,4.535407224223704
C07-S,S,2.416783215221364
C07-S,S,4.178401120615919
C07-S,S,4.507323937336815
C07-S,S,2.5322376941434093
C07-S,S,2.737062950830321
C07-S,S,3.2070172036910374
C07-S,S,4.666495403772876
C07-S,S,3.536526327127732
C07-S,S,6.604229410781361
C07-S,S,5.594576825627681
C07-S,S,7.688092905964894
C07-S,S,3.9759732691923495
C07-S,S,3.187159321095311
C07-S,S,3.527538952173992
C07-S,S,5.767789816047085
C07-S,S,3.5988095651210856
C07-S,S,5.0707394295039165
C07-S,S,3.967981355043056
C07-S,S,5.40996237974363
C07-S,S,1.4692078526656815
C07-S,S,3.0962231682777173
C07-S,S,5.14531312966267
C07-S,S,1.918924020132432
C07-S,S,2.507040672369551
C07-S,S,4.0235914128436026
C07-S,S,5.261226840402518
C07-S,S,3.837848040264863
C07-S,S,1.763769476086996
C07-S,S,3.6339207337885258
C07-S,S,5.083244354607721
C07-S,S,3.482254161070224
C07-S,S,4.378720796712142
C07-S,S,5.404091556115475
C07-S,S,3.4455978332997264
C07-S,S,5.701363917672956
C07-S,S,5.427536748869573
C07-S,S,4.246224505961664
C07-S,S,1.511802408074568
C07-S,S,3.1470676707998515
C07-S,S,3.1369646987543267
C07-S,S,4.170797108635421
C07-S,S,6.2078058797941775
C07-S,S,4.577209096132407
C07-S,S,4.193567780719649
C07-S,S,4.253693684128203
C07-S,S,3.518528620850199
C07-S,S,2.336646462175876
C07-S,S,3.054938345421817
C07-S,S,3.771097765009893
C07-S,S,6.709140703861462
C07-S,S,4.140241406965356
C07-S,S,4.364197636316881
C07-S,S,1.983990677521528
C07-S,S,4.727321227047977
C07-S,S,5.706928939903308
C07-S,S,2.4943467139819178
C07-S,S,5.2249003288096505
C07-S,S,2.3230215853143203
C07-S,S,4.652870570594867
C07-S,S,3.6339207337885258
C07-S,S,5.8876244985628645
C07-S,S,2.429882407183215
C07-S,S,4.201130578172108
C07-S,S,5.176068413293333
C07-S,S,3.5454909202859826
C07-S,S,2.2816588429798004
C07-S,S,3.754224759725641
C07-S,S,4.727321227047977
C07-S,S,4.693626419612503
C07-S,S,4.208679785659095
C07-S,S,2.6185185817901284
C07-S,S,4.0550261985540725
C07-S,S,2.54474264769613
C07-S,S,7.56321032563979
C07-S,S,6.8588749727502405
C07-S,S,3.491358109053505
C07-S,S,3.7878956110204745
C07-S,S,4.820413844347526
C07-S,S,2.5322376941434093
C07-S,S,2.2110020486046644
C07-S,S,3.1571383130861377
C07-S,S,6.294135341599703
C07-S,S,3.0445296666259978
C07-S,S,3.3616599766446864
C07-S,S,3.677338292334829
C07-S,S,3.616407760849512
C07-S,S,6.30924733295999
C07-S,S,1.8169603668942629
C07-S,S,4.093980274472972
C07-S,S,3.3045171172802354
C07-S,S,2.2536619686684074
C07-S,S,3.454798377937929
C07-S,S,5.571834549266443
C07-S,S,3.77950602018642
C07-S,S,4.305615145589724
C07-S,S,2.2253128908755286
C07-S,S,1.967925711283216
C07-S,S,3.28524863163696
C07-S,S,8.80083133019779
C07-S,S,2.6426529037892483
C07-S,S,4.713872206262367
C07-S,S,10.17897059078452
C07-S,S,3.9759732691923495
C07-S,S,3.054938345421817
C07-S,S,6.978168698107828
C07-S,S,4.872811186335824
C07-S,S,5.701363917672956
C07-S,S,2.872866588820535
C07-S,S,2.046990137236486
C07-S,S,3.935851422566431
C07-S,S,3.47312634940454
C07-S,S,2.8838949080235423
C07-S,S,4.327676511942633
C07-S,S,2.927592774614536
C07-S,S,4.747423321527871
C07-S,S,3.0756500290270585
C07-S,S,2.850681958836478
C07-S,S,2.0314234463992653
C07-S,S,2.123112252980832
C07-S,S,3.371089616420414
C07-S,S,5.951972032564583
C07-S,S,4.7206015061997775
C07-S,S,5.315251122612825
C07-S,S,2.6185185817901284
C07-S,S,3.0445296666259978
C07-S,S,3.563352448545597
C07-S,S,2.771637748136708
C07-S,S,6.854245289487154
C07-S,S,1.5326558401751
C07-S,S,4.253693684128203
C07-S,S,3.9439084451697126
C07-S,S,6.507387958541733
C07-S,S,3.417847600281708
C07-S,S,6.135799067287671
C07-S,S,4.34962598416327
C07-S,S,3.265866464653287
C07-S,S,6.68544179298547
C07-S,S,5.2249003288096505
C07-S,S,4.734031409598079
C07-S,S,4.208679785659095
C07-S,S,2.2816588429798004
C07-S,S,4.007781562259003
C07-S,S,3.463974485409113
C07-S,S,3.8129536281046623
C07-S,S,4.276022938254716
C07-S,S,2.3636606135239884
C07-S,S,2.3636606135239884
C07-S,S,3.265866464653287
C07-S,S,5.503043830830882
C07-S,S,2.630613420201259
C07-S,S,2.557186451232348
C07-S,S,3.342720896492735
C07-S,S,1.3332844010779643
C07-S,S,4.727321227047977
C07-S,S,2.737062950830321
C07-S,S,4.639205722964035
C07-S,S,3.6339207337885258
C07-S,S,4.443487644387506
C07-S,S,4.570268668946549
C07-S,S,6.171907486155938
C07-S,S,6.125443280890184
C07-S,S,3.509495156340756
C07-S,S,6.737469362037007
C07-S,S,8.345398821444613
C07-S,S,3.491358109053505
C07-S,S,5.25518985982515
C07-S,S,4.846683324112317
C07-S,S,5.392330733565313
C07-S,S,3.177183837092519
C07-S,S,6.661658573552302
C07-S,S,5.398214347681629
C07-S,S,3.275571884161564
C07-S,S,5.74573317764107
C07-S,S,6.020905855446263
C07-S,S,3.3522038117053645
C07-S,S,3.607619393640327
C07-S,S,3.0653116803502
C07-S,S,7.951946538384699
C07-S,S,3.034085280212642
C07-S,S,1.9353957730665816
C07-S,S,2.0624393385761013
C07-S,S,4.276022938254716
C07-S,S,3.9919090976696414
C07-S,S,6.58979391939848
C07-S,S,3.870791546133164
C07-S,S,7.529558499869836
C07-S,S,3.1369646987543267
C07-S,S,2.8617957708052053
C07-S,S,1.3092592908950642
C07-S,S,3.408547317463651
C07-S,S,3.854354989734393
C07-S,S,5.795242564285844
C07-S,S,3.2463685801555866
C07-S,S,4.117175815757948
C07-S,S,2.8617957708052053
C07-S,S,3.380492953002611
C07-S,S,2.760160937976904
C07-S,S,3.275571884161564
C07-S,S,2.468762994462375
C07-S,S,4.713872206262367
C07-S,S,3.911580781529363
C07-S,S,5.05820358973422
C07-S,S,6.418981600101679
C07-S,S,5.404091556115475
C07-S,S,1.983990677521528
C07-S,S,3.668695887220588
C07-S,S,1.918924020132432
C07-S,S,8.303452297206178
C07-S,S,2.654637785700438
C07-S,S,3.187159321095311
C07-S,S,4.155547342369718
C07-S,S,4.780738981642966
C07-S,S,3.47312634940454
C07-S,S,3.911580781529363
C07-S,S,2.850681958836478
C07-S,S,3.085953743077969
C07-S,S,4.42917685796118
C07-S,S,1.2847849965781306
C07-S,S,3.607619393640327
C07-S,S,5.3628158390288885
C07-S,S,3.651349710200832
C07-S,S,3.3045171172802354
C07-S,S,4.570268668946549
C07-S,S,3.935851422566431
C07-S,S,3.5454909202859826
C07-S,S,3.8625820108126097
C07-S,S,5.656646647514839
C07-S,S,3.197103680115411
C07-S,S,1.5935796605476555
C07-S,S,3.482254161070224
C07-S,S,3.6859604338129857
C07-S,S,6.478053227845328
C07-S,S,1.885548882504947
C07-S,S,2.630613420201259
C07-S,S,6.448585054306144
C07-S,S,1.6329332323266434
C07-S,S,2.442911360672195
C07-S,S,3.7878956110204745
C07-S,S,5.935950544465699
C07-S,S,2.817077460835509
C07-S,S,4.450625781751057
C07-S,S,3.754224759725641
C07-S,S,5.05820358973422
C07-S,S,3.616407760849512
C07-S,S,3.677338292334829
C07-S,S,3.9759732691923495
C07-S,S,4.393195946265654
C07-S,S,3.463974485409113
C07-S,S,2.23953228725544
C07-S,S,3.951949041579833
C07-S,S,4.794000418995204
C07-S,S,6.057699162527515
C07-S,S,3.399221589132705
C07-S,S,6.854245289487154
C07-S,S,2.7944499662047773
C07-S,S,4.193567780719649
C07-S,S,1.2847849965781306
C07-S,S,3.754224759725641
C07-S,S,4.0235914128436026
C07-S,S,2.092995659821536
C07-S,S,5.898397836938703
C07-S,S,6.418981600101679
C07-S,S,3.3236738987336945
C07-S,S,2.350192352247326
C07-S,S,5.456701584028908
C07-S,S,4.89879969697993
C07-S,S,4.646043170628641
C07-S,S,3.106458644685695
C07-S,S,2.9167296841861186
C07-S,S,7.533773198492564
C07-S,S,6.661658573552302
C07-S,S,4.378720796712142
C07-S,S,2.666568802155929
C07-S,S,5.526069219390664
C07-S,S,3.226752880450537
C07-S,S,3.1571383130861377
C07-S,S,1.425340979418239
C07-S,S,4.6732929243517525
C07-S,S,3.927777872685193
C07-S,S,5.14531312966267
C07-S,S,1.6133764402252686
C07-S,S,3.737275577183397
C07-S,S,1.2343814972311875
C07-S,S,2.23953228725544
C07-S,S,4.807225272862896
C07-S,S,3.509495156340756
C07-S,S,2.138011469127358
C07-S,S,3.47312634940454
C07-S,S,3.829567883822151
C07-S,S,7.542195530019787
C07-S,S,2.7944499662047773
C07-S,S,6.177048601154963
C07-S,S,6.115069957136806
C07-S,S,4.760777562595452
C07-S,S,5.0519240049546825
C07-S,S,5.139139986312522
C07-S,S,3.7878956110204745
C07-S,S,2.8838949080235423
C07-S,S,3.911580781529363
C07-S,S,3.919687693400157
C07-S,S,6.052456669842732
C07-S,S,2.9167296841861186
C07-S,S,2.678446672979338
C07-S,S,3.197103680115411
C07-S,S,2.1820988181584404
C07-S,S,4.774094448923046
C07-S,S,4.521387384732147
C07-S,S,4.093980274472972
C07-S,S,3.427122644743577
C07-S,S,1.511802408074568
C07-S,S,3.0445296666259978
C07-S,S,2.630613420201259
C07-S,S,2.905825983649
C07-S,S,2.442911360672195
C07-S,S,3.518528620850199
C07-S,S,2.481587823589891
C07-S,S,4.659687967028543
C07-S,S,3.5988095651210856
C07-S,S,5.101944274366352
C07-S,S,2.7486362073164146
C07-S,S,3.2365755907839726
C07-S,S,3.959973311855338
C07-S,S,3.333211002694912
C07-S,S,6.151300058054117
C07-S,S,2.3230215853143203
C07-S,S,4.632358183109277
C07-S,S,7.419135981738698
C07-S,S,3.417847600281708
C07-S,S,5.844332554635763
C07-S,S,3.0445296666259978
C07-S,S,3.2463685801555866
C07-S,S,4.2162154761798245
C07-S,S,2.654637785700438
C07-S,S,1.5735338353999258
C07-S,S,6.078623919699069
C07-S,S,1.007868272049712
C07-S,S,1.7816762242727986
C07-S,S,3.9439084451697126
C07-S,S,5.261226840402518
C07-S,S,2.51967068012428
C07-S,S,6.344368662995729
C07-S,S,3.927777872685193
C07-S,S,2.8948812141238016
C07-S,S,2.760160937976904
C07-S,S,2.8838949080235423
C07-S,S,4.268592831966727
C07-S,S,3.927777872685193
C07-S,S,3.572249721942558
C07-S,S,6.58979391939848
C07-S,S,3.1470676707998515
C07-S,S,6.718596861766319
C07-S,S,2.481587823589891
C07-S,S,4.298236193901963
C07-S,S,5.297304247100458
C07-S,S,4.117175815757948
C07-S,S,2.817077460835509
C07-S,S,6.61863341788302
C07-S,S,4.201130578172108
C07-S,S,2.9813145541504222
C07-S,S,3.116660506777289
C07-S,S,3.167176934009081
C07-S,S,4.820413844347526
C07-S,S,4.231246595071459
C07-S,S,4.774094448923046
C07-S,S,8.102220379446242
C07-S,S,2.468762994462375
C07-S,S,2.092995659821536
C07-S,S,3.79626666125431
C07-S,S,6.109876690843634
C07-S,S,2.416783215221364
C07-S,S,3.720249176209294
C07-S,S,8.648014868243132
C07-S,S,2.630613420201259
C07-S,S,5.182197566906894
C07-S,S,3.054938345421817
C07-S,S,3.829567883822151
C07-S,S,3.4455978332997264
C07-S,S,3.454798377937929
C07-S,S,3.9839491513691385
C07-S,S,3.454798377937929
C07-S,S,3.668695887220588
C07-S,S,1.4474406070619008
C07-S,S,3.967981355043056
C07-S,S,7.363303774245206
C07-S,S,5.368731798730674
C07-S,S,4.754105131057737
C07-S,S,2.6426529037892483
C07-S,S,4.963175647179782
C07-S,S,3.427122644743577
C07-S,S,4.170797108635421
C07-S,S,4.734031409598079
C07-S,S,4.078443291385604
C07-S,S,3.821269785482214
C07-S,S,1.7994047825605428
C07-S,S,4.85976481436643
C07-S,S,5.0644753882868185
C07-S,S,3.427122644743577
C07-S,S,7.050577056741977
C07-S,S,3.660033074925209
C07-S,S,5.380544204207179
C07-S,S,2.123112252980832
C07-S,S,4.371465247739782
C07-S,S,2.390369490821483
C07-S,S,2.377052565528869
C07-S,S,4.493216472568831
C07-S,S,1.511802408074568
C07-S,S,7.219636982621909
C07-S,S,2.2253128908755286
C07-S,S,1.9999266016169468
C07-S,S,4.995052504385949
C07-S,S,3.333211002694912
C07-S,S,7.046073334112666
C07-S,S,1.9517285164096905
C07-S,S,5.594576825627681
C07-S,S,5.1267714004225615
C07-S,S,2.581894140566543
C07-S,S,4.178401120615919
C07-S,S,5.026727219412869
C07-S,S,7.073052654255464
C07-S,S,3.417847600281708
C07-S,S,3.5811248902099826
C07-S,S,3.7117066869195305
C07-S,S,5.8876244985628645
C07-S,S,7.354676584669658
C07-S,S,2.2253128908755286
C07-S,S,2.817077460835509
C07-S,S,4.283440156211276
C07-S,S,5.468323964787487
C07-S,S,4.07065256165218
C07-S,S,4.611754560525867
C07-S,S,3.47312634940454
C07-S,S,3.482254161070224
C07-S,S,6.623427792592039
C07-S,S,3.226752880450537
C07-S,S,2.99194316024752
C07-S,S,3.5454909202859826
C07-S,S,3.927777872685193
C07-S,S,3.1470676707998515
C07-S,S,3.106458644685695
C07-S,S,5.001403495513547
C07-S,S,5.734673045773384
C07-S,S,4.931092727575152
C07-S,S,7.4957555974071
C07-S,S,3.3236738987336945
C07-S,S,4.535407224223704
C07-S,S,4.093980274472972
C07-S,S,3.9439084451697126
C07-S,S,3.1470676707998515
C07-S,S,1.3800804689884518
C07-S,S,4.07065256165218
C07-S,S,2.606367617934471
C07-S,S,5.3628158390288885
C07-S,S,5.983886320495039
C07-S,S,5.020408263779298
C07-S,S,4.734031409598079
C07-S,S,2.666568802155929
C07-S,S,5.421684955525073
C07-S,S,3.9839491513691385
C07-S,S,4.747423321527871
C07-S,S,2.23953228725544
C07-S,S,3.9759732691923495
C07-S,S,5.531810591556775
C07-S,S,1.5935796605476555
C07-S,S,4.34962598416327
C07-S,S,2.309316323606075
C07-S,S,8.526023507496479
C07-S,S,2.9813145541504222
C07-S,S,2.390369490821483
C07-S,S,1.7994047825605428
C07-S,S,7.774317204833238
C07-S,S,5.734673045773384
C07-S,S,3.333211002694912
C07-S,S,7.354676584669658
C07-S,S,2.8838949080235423
C07-S,S,3.895316341929664
C07-S,S,2.737062950830321
C07-S,S,1.402893261886365
C07-S,S,1.3800804689884518
C07-S,S,1.5735338353999258
C07-S,S,4.047190391814686
C07-S,S,1.5532293223428475
C07-S,S,2.817077460835509
C07-S,S,10.021829779033228
C07-S,S,2.557186451232348
C07-S,S,7.887816890339425
C07-S,S,5.0644753882868185
C07-S,S,2.377052565528869
C07-S,S,3.951949041579833
C07-S,S,6.223127513661881
C07-S,S,3.536526327127732
C07-S,S,2.606367617934471
C07-S,S,3.651349710200832
C07-S,S,3.0756500290270585
C07-S,S,4.500275732966444
C07-S,S,3.5454909202859826
C07-S,S,3.7457597551330326
C07-S,S,5.690217545491346
C07-S,S,3.536526327127732
C07-S,S,3.3522038117053645
C07-S,S,2.7254405503413945
C07-S,S,4.422004097209329
C07-S,S,6.099476893192464
C07-S,S,3.951949041579833
C07-S,S,3.1268290835714136
C07-S,S,4.231246595071459
C07-S,S,3.399221589132705
C07-S,S,2.557186451232348
C07-S,S,3.927777872685193
C07-S,S,4.747423321527871
C07-S,S,3.2463685801555866
C07-S,S,1.3800804689884518
C07-S,S,2.2816588429798004
C07-S,S,2.23953228725544
C07-S,S,2.630613420201259
C07-S,S,3.589978117293229
C07-S,S,2.949198918469352
C07-S,S,7.148941159852801
C07-S,S,5.48571136626395
C07-S,S,5.194434177962148
C07-S,S,4.320335240309157
C07-S,S,1.6329332323266434
C07-S,S,2.167502675625957
C07-S,S,2.481587823589891
C07-S,S,3.5988095651210856
C07-S,S,4.840129320675807
C07-S,S,4.093980274472972
C07-S,S,3.554432904021839
C07-S,S,5.925245485177561
C07-S,S,2.403612636431448
C07-S,S,5.356893345958676
C07-S,S,2.839524648083372
C07-S,S,6.522005845831655
C07-S,S,5.925245485177561
C07-S,S,4.078443291385604
C07-S,S,3.216900176899038
C07-S,S,3.177183837092519
C07-S,S,3.9439084451697126
C07-S,S,3.589978117293229
C07-S,S,4.794000418995204
C07-S,S,4.995052504385949
C07-S,S,2.390369490821483
C07-S,S,1.511802408074568
C07-S,S,4.813824075245639
C07-S,S,2.7830672306394435
C07-S,S,3.9998532032338936
C07-S,S,3.1470676707998515
C07-S,S,4.521387384732147
C07-S,S,3.5988095651210856
C07-S,S,2.99194316024752
C07-S,S,3.3141093496987777
C07-S,S,4.507323937336815
C07-S,S,8.15299400961574
C07-S,S,2.7830672306394435
C07-S,S,4.268592831966727
C07-S,S,4.08621916744697
C07-S,S,4.652870570594867
C07-S,S,2.377052565528869
C07-S,S,2.7254405503413945
C07-S,S,4.591058474517919
C07-S,S,7.108865808043678
C07-S,S,2.1820988181584404
C07-S,S,4.2162154761798245
C07-S,S,4.707133286153054
C07-S,S,7.320066149850418
C07-S,S,3.226752880450537
C07-S,S,5.973267170475642
C07-S,S,4.364197636316881
C07-S,S,3.408547317463651
C07-S,S,7.935962710086111
C07-S,S,2.959942848107641
C07-S,S,2.7944499662047773
C07-S,S,3.342720896492735
C07-S,S,3.034085280212642
C07-S,S,7.202028085712445
C07-S,S,7.117790941261063
C07-S,S,2.80578652377273
C07-S,S,1.6133764402252686
C07-S,S,1.763769476086996
C07-S,S,9.168278030923805
C07-S,S,2.077773671184859
C07-S,S,1.5935796605476555
C07-S,S,5.176068413293333
C07-S,S,3.47312634940454
C07-S,S,6.041958038053411
C07-S,S,1.8169603668942629
C07-S,S,3.9839491513691385
C07-S,S,2.817077460835509
C07-S,S,4.754105131057737
C07-S,S,6.575326736372333
C07-S,S,3.7031444916935614
C07-S,S,5.871427426613504
C07-S,S,5.194434177962148
C07-S,S,5.120575904019775
C07-S,S,6.732756196464014
C07-S,S,3.64264564606838
C07-S,S,3.013087897967378
C07-S,S,2.959942848107641
C07-S,S,4.535407224223704
C07-S,S,6.026175795934756
C07-S,S,4.975950895204253
C07-S,S,4.740732094352511
C07-S,S,2.3636606135239884
C07-S,S,3.408547317463651
C07-S,S,3.28524863163696
C07-S,S,1.9353957730665816
C07-S,S,5.973267170475642
C07-S,S,2.0624393385761013
C07-S,S,2.3636606135239884
C07-S,S,3.023604816149136
C07-S,S,3.837848040264863
C07-S,S,3.5454909202859826
C07-S,S,3.3616599766446864
C07-S,S,5.439221448613327
C07-S,S,4.253693684128203
C07-S,S,4.031473088198847
C07-S,S,5.039341360248559
C07-S,S,1.4474406070619008
C07-S,S,9.247568995669294
C07-S,S,4.201130578172108
C07-S,S,3.935851422566431
C07-S,S,4.570268668946549
C07-S,S,1.763769476086996
C07-S,S,4.400415665098895
C07-S,S,3.342720896492735
C07-S,S,5.450881100682789
C07-S,S,3.3236738987336945
C07-S,S,4.178401120615919
C07-S,S,8.695602187604399
C07-S,S,3.911580781529363
C07-S,S,3.491358109053505
C07-S,S,6.886587711776878
C07-S,S,1.5326558401751
C07-S,S,2.1820988181584404
C07-S,S,3.265866464653287
C07-S,S,7.823161563058726
C07-S,S,3.563352448545597
C07-S,S,4.911742387163257
C07-S,S,3.677338292334829
C07-S,S,1.5532293223428475
C07-S,S,5.729134972974281
C07-S,S,2.630613420201259
C07-S,S,3.023604816149136
C07-S,S,3.054938345421817
C07-S,S,2.1820988181584404
C07-S,S,4.556356098861118
C07-S,S,2.1820988181584404
C07-S,S,3.106458644685695
C07-S,S,4.170797108635421
C07-S,S,4.185991319643072
C07-S,S,6.517136859825754
C07-S,S,1.6133764402252686
C07-S,S,2.196597973132827
C07-S,S,6.478053227845328
C07-S,S,3.5811248902099826
C07-S,S,2.54474264769613
C07-S,S,5.474125901660642
C07-S,S,1.9517285164096905
C07-S,S,2.350192352247326
C07-S,S,3.47312634940454
C07-S,S,2.3230215853143203
C07-S,S,3.887158602416619
C07-S,S,3.4363726552102856
C07-S,S,3.7117066869195305
C07-S,S,3.821269785482214
C07-S,S,3.25613211672748
C07-S,S,6.094270339197796
C07-S,S,2.7137683744347867
C07-S,S,4.201130578172108
C07-S,S,1.8515722458467807
C07-S,S,5.00774643210875
C07-S,S,5.583217267053535
C07-S,S,6.98271621810701
C07-S,S,3.034085280212642
C07-S,S,3.5004383795485454
C07-S,S,2.9167296841861186
C07-S,S,5.756772060397294
C07-S,S,3.0445296666259978
C07-S,S,3.64264564606838
C07-S,S,4.320335240309157
C07-S,S,3.509495156340756
C07-S,S,3.3898702052826586
C07-S,S,4.7206015061997775
C07-S,S,4.549383858971028
C07-S,S,3.951949041579833
C07-S,S,3.837848040264863
C07-S,S,5.822565877319402
C07-S,S,3.085953743077969
C07-S,S,3.0756500290270585
C07-S,S,7.630068733875785
C07-S,S,6.604229410781361
C07-S,S,6.223127513661881
C07-S,S,4.261149769927706
C07-S,S,3.935851422566431
C07-S,S,2.666568802155929
C07-S,S,7.7824792198946255
C07-S,S,2.959942848107641
C07-S,S,4.0156942680121945
C07-S,S,3.28524863163696
C07-S,S,3.023604816149136
C07-S,S,1.967925711283216
C07-S,S,3.28524863163696
C07-S,S,3.3045171172802354
C07-S,S,5.0644753882868185
C07-S,S,1.9999266016169468
C07-S,S,2.872866588820535
C07-S,S,2.7486362073164146
C07-S,S,4.879321291024226
C07-S,S,1.6133764402252686
C07-S,S,3.0653116803502
C07-S,S,2.442911360672195
C07-S,S,1.7994047825605428
C07-S,S,4.457752488928697
C07-S,S,3.829567883822151
C07-S,S,2.507040672369551
C07-S,S,4.591058474517919
C07-S,S,4.787374292236132
C07-S,S,1.6329332323266434
C07-S,S,3.408547317463651
C07-S,S,4.646043170628641
C07-S,S,4.268592831966727
C07-S,S,10.050296450860651
C07-S,S,3.8625820108126097
C07-S,S,5.690217545491346
C07-S,S,5.339086448999304
C07-S,S,4.707133286153054
C07-S,S,3.589978117293229
C07-S,S,7.311387941523849
C07-S,S,4.632358183109277
C07-S,S,2.8948812141238016
C07-S,S,5.230972266162188
C07-S,S,3.4455978332997264
C07-S,S,4.780738981642966
C07-S,S,5.151478875589207
C07-S,S,4.117175815757948
C07-S,S,2.581894140566543
C07-S,S,2.350192352247326
C07-S,S,2.678446672979338
C07-S,S,3.79626666125431
C07-S,S,4.178401120615919
C07-S,S,4.892315511878591
C07-S,S,3.5004383795485454
C07-S,S,4.879321291024226
C07-S,S,4.170797108635421
C07-S,S,1.5935796605476555
C07-S,S,4.305615145589724
C07-S,S,3.935851422566431
C07-S,S,4.062846892798531
C07-S,S,4.356917902080675
C07-S,S,4.700384704494652
C07-S,S,9.021687819420674
C07-S,S,5.935950544465699
C07-S,S,2.23953228725544
C07-S,S,5.462515865469533
C07-S,S,6.08384386391535
C07-S,S,2.416783215221364
C07-S,S,5.740205775517335
C07-S,S,3.509495156340756
C07-S,S,4.305615145589724
C07-S,S,2.403612636431448
C07-S,S,2.594159739964875
C07-S,S,6.666422005389823
C07-S,S,2.569569993156261
C07-S,S,3.482254161070224
C07-S,S,3.013087897967378
C07-S,S,4.542400917235657
C07-S,S,4.163179208013847
C07-S,S,3.5988095651210856
C07-S,S,4.0550261985540725
C07-S,S,3.7117066869195305
C07-S,S,5.001403495513547
C07-S,S,2.6902721021035894
C07-S,S,7.440498352418588
C07-S,S,2.196597973132827
C07-S,S,4.943950879071324
C07-S,S,3.804619293268873
C07-S,S,6.555987498203587
C07-S,S,5.368731798730674
C07-S,S,1.8515722458467807
C07-S,S,3.2070172036910374
C07-S,S,4.866292372465588
C07-S,S,4.0235914128436026
C07-S,S,3.0445296666259978
C07-S,S,3.7117066869195305
C07-S,S,3.572249721942558
C07-S,S,2.82832332375742
C07-S,S,4.905275310774456
C07-S,S,3.265866464653287
C07-S,S,5.200541686453833
C07-S,S,1.9999266016169468
C07-S,S,3.454798377937929
C07-S,S,3.64264564606838
C07-S,S,2.7137683744347867
C07-S,S,5.909151533809971
C07-S,S,4.853228476755571
C07-S,S,6.304214027545383
C07-S,S,6.941681291470363
C07-S,S,4.385964343097444
C07-S,S,3.7117066869195305
C07-S,S,8.121786262511955
C07-S,S,8.793614575125831
C07-S,S,3.563352448545597
C07-S,S,2.760160937976904
C07-S,S,3.87898370671736
C07-S,S,2.0624393385761013
C07-S,S,4.393195946265654
C07-S,S,4.666495403772876
C07-S,S,4.364197636316881
C07-S,S,2.267703612111852
C07-S,S,5.497272414632829
C07-S,S,6.104679006626931
C07-S,S,5.935950544465699
C07-S,S,4.963175647179782
C07-S,S,5.132959418849276
C07-S,S,5.3212199634857855
C07-S,S,5.427536748869573
C07-S,S,6.473151181567945
C07-S,S,4.0156942680121945
C07-S,S,3.527538952173992
C07-S,S,2.581894140566543
C07-S,S,5.200541686453833
C07-S,S,4.42917685796118
C07-S,S,3.0962231682777173
C07-S,S,4.163179208013847
C07-S,S,6.1924463365554345
C07-S,S,3.5004383795485454
C07-S,S,4.840129320675807
C07-S,S,3.4455978332997264
C07-S,S,6.104679006626931
C07-S,S,4.988693427963836
C07-S,S,7.122249313725322
C07-S,S,3.854354989734393
C07-S,S,3.64264564606838
C07-S,S,4.246224505961664
C07-S,S,3.2463685801555866
C07-S,S,5.237037163580257
C07-S,S,6.334353868018162
C07-S,S,3.9759732691923495
C07-S,S,4.2237377220823085
C07-S,S,9.161350732593666
C07-S,S,2.938415705331363
C07-S,S,3.754224759725641
C07-S,S,4.500275732966444
C07-S,S,5.656646647514839
C07-S,S,4.2162154761798245
C07-S,S,6.742179232840828
C07-S,S,6.073399489064991
C07-S,S,6.789098234771531
C07-S,S,3.265866464653287
C07-S,S,7.037057241700398
C07-S,S,4.450625781751057
C07-S,S,3.3616599766446864
C07-S,S,8.670010702503829
C07-S,S,3.720249176209294
C07-S,S,5.439221448613327
C07-S,S,7.57998021391319
C07-S,S,3.1268290835714136
C07-S,S,3.2070172036910374
C07-S,S,3.116660506777289
C07-S,S,4.879321291024226
C07-S,S,3.5004383795485454
C07-S,S,5.6790492961667445
C07-S,S,7.018990312681511
C07-S,S,3.034085280212642
C07-S,S,2.3230215853143203
C07-S,S,5.297304247100458
C07-S,S,6.742179232840828
C07-S,S,3.408547317463651
C07-S,S,2.403612636431448
C07-S,S,3.754224759725641
C07-S,S,1.9999266016169468
C07-S,S,6.737469362037007
C07-S,S,4.231246595071459
C07-S,S,2.2536619686684074
C07-S,S,2.872866588820535
C07-S,S,2.927592774614536
C07-S,S,2.046990137236486
C07-S,S,5.345028672818396
C07-S,S,4.170797108635421
C07-S,S,6.478053227845328
C07-S,S,4.047190391814686
C07-S,S,4.268592831966727
C07-S,S,3.7117066869195305
C07-S,S,3.106458644685695
C07-S,S,3.023604816149136
C07-S,S,2.630613420201259
C07-S,S,3.771097765009893
C07-S,S,6.151300058054117
C07-S,S,2.507040672369551
C07-S,S,3.6339207337885258
C07-S,S,5.855185549229071
C07-S,S,1.8343479436102936
C07-S,S,1.9517285164096905
C07-S,S,2.760160937976904
C07-S,S,4.342321821185702
C07-S,S,3.870791546133164
C07-S,S,3.720249176209294
C07-S,S,3.854354989734393
C07-S,S,7.1799562345864585
C07-S,S,5.571834549266443
C07-S,S,4.924651062215655
C07-S,S,3.7878956110204745
C07-S,S,4.471971831225634
C07-S,S,4.707133286153054
C07-S,S,5.05820358973422
C07-S,S,3.0962231682777173
C07-S,S,2.267703612111852
C07-S,S,3.197103680115411
C07-S,S,6.125443280890184
C07-S,S,2.309316323606075
C07-S,S,3.616407760849512
C07-S,S,6.30924733295999
C07-S,S,6.089059333251996
C07-S,S,3.607619393640327
C07-S,S,4.570268668946549
C07-S,S,1.6329332323266434
C07-S,S,3.3522038117053645
C07-S,S,4.276022938254716
C07-S,S,2.015736544099424
C07-S,S,3.167176934009081
C07-S,S,4.0550261985540725
C07-S,S,4.170797108635421
C07-S,S,3.3522038117053645
C07-S,S,3.967981355043056
C07-S,S,1.8343479436102936
C07-S,S,3.342720896492735
C07-S,S,3.754224759725641
C07-S,S,3.9439084451697126
C07-S,S,4.686858389531491
C07-S,S,3.694562453525125
C07-S,S,5.169931993337067
C07-S,S,2.377052565528869
C07-S,S,3.417847600281708
C07-S,S,6.831049807433915
C07-S,S,4.342321821185702
C07-S,S,5.617227026861333
C07-S,S,2.1820988181584404
C07-S,S,3.771097765009893
C07-S,S,5.773290809015188
C07-S,S,3.771097765009893
C07-S,S,4.124878677152203
C07-S,S,3.0025341426059904
C07-S,S,1.8686377885916985
C07-S,S,3.1571383130861377
C07-S,S,5.914521050168941
C07-S,S,3.380492953002611
C07-S,S,5.723591541610411
C07-S,S,3.903457032819381
C07-S,S,3.919687693400157
C07-S,S,5.368731798730674
C07-S,S,3.0756500290270585
C07-S,S,6.120258816752761
C07-S,S,3.29489695969924
C07-S,S,4.713872206262367
C07-S,S,5.139139986312522
C07-S,S,4.780738981642966
C07-S,S,6.5946092608663305
C07-S,S,3.3898702052826586
C07-S,S,3.651349710200832
C07-S,S,6.304214027545383
C07-S,S,4.500275732966444
C07-S,S,4.85976481436643
C07-S,S,2.678446672979338
C07-S,S,4.9503674306088525
C07-S,S,3.380492953002611
C07-S,S,6.546296454475322
C07-S,S,4.625500506243265
C07-S,S,3.3045171172802354
C07-S,S,6.223127513661881
C07-S,S,4.93752598892475
C07-S,S,1.967925711283216
C07-S,S,4.464867820654131
C07-S,S,5.531810591556775
C07-S,S,6.182185440796261
C07-S,S,2.442911360672195
C07-S,S,6.135799067287671
C07-S,S,5.261226840402518
C07-S,S,3.1369646987543267
C07-S,S,5.327182116575558
C07-S,S,5.548999065682753
C07-S,S,2.5322376941434093
C07-S,S,3.25613211672748
C07-S,S,7.307044972360412
C07-S,S,7.774317204833238
C07-S,S,4.393195946265654
C07-S,S,2.1081077380899123
C07-S,S,1.6713604482463675
C07-S,S,6.704407623410729
C07-S,S,2.80578652377273
C07-S,S,2.481587823589891
C07-S,S,4.652870570594867
C07-S,S,6.414034407382075
C07-S,S,4.611754560525867
C07-S,S,3.8461103706898
C07-S,S,8.492449011923329
C07-S,S,3.4455978332997264
C07-S,S,3.463974485409113
C07-S,S,3.0025341426059904
C07-S,S,4.911742387163257
C07-S,S,4.5284027301221546
C07-S,S,3.527538952173992
C07-S,S,3.482254161070224
C07-S,S,4.298236193901963
C07-S,S,2.29552923725896
C07-S,S,3.821269785482214
C07-S,S,3.0653116803502
C07-S,S,5.651032108515939
C07-S,S,7.721053798391122
C07-S,S,2.336646462175876
C07-S,S,6.671182035989458
C07-S,S,3.536526327127732
C07-S,S,6.765679405984593
C07-S,S,3.3616599766446864
C07-S,S,6.294135341599703
C07-S,S,9.999633008084734
C07-S,S,4.774094448923046
C07-S,S,3.342720896492735
C07-S,S,4.9503674306088525
C07-S,S,4.155547342369718
C07-S,S,5.876831410662726
C07-S,S,3.728772094999736
C07-S,S,1.967925711283216
C07-S,S,4.385964343097444
C07-S,S,3.054938345421817
C07-S,S,2.403612636431448
C07-S,S,3.2463685801555866
C07-S,S,2.666568802155929
C07-S,S,3.518528620850199
C07-S,S,2.569569993156261
C07-S,S,4.147901434618866
C07-S,S,4.246224505961664
C07-S,S,4.457752488928697
C07-S,S,5.667859040375513
C07-S,S,6.047209632298272
C07-S,S,2.7486362073164146
C07-S,S,3.4363726552102856
C07-S,S,5.450881100682789
C07-S,S,3.5811248902099826
C07-S,S,3.509495156340756
C07-S,S,4.0550261985540725
C07-S,S,3.829567883822151
C07-S,S,8.76830915697696
C07-S,S,7.529558499869836
C07-S,S,3.9998532032338936
C07-S,S,4.471971831225634
C07-S,S,2.9813145541504222
C07-S,S,6.278986979464608
C07-S,S,3.79626666125431
C07-S,S,3.77950602018642
C07-S,S,5.218821326950407
C07-S,S,2.7830672306394435
C07-S,S,4.577209096132407
C07-S,S,8.265134361784492
C07-S,S,2.9813145541504222
C07-S,S,3.895316341929664
C07-S,S,4.031473088198847
C07-S,S,5.543275496273416
C07-S,S,3.64264564606838
C07-S,S,5.701363917672956
C07-S,S,3.6251748228320464
C07-S,S,5.503043830830882
C07-S,S,4.276022938254716
C07-S,S,4.320335240309157
C07-S,S,3.79626666125431
C07-S,S,4.493216472568831
C07-S,S,2.569569993156261
C07-S,S,5.285305807578497
C07-S,S,3.4363726552102856
C07-S,S,3.887158602416619
C07-S,S,2.4558711935816286
C07-S,S,4.754105131057737
C07-S,S,5.261226840402518
C07-S,S,3.25613211672748
C07-S,S,3.0445296666259978
C07-S,S,3.7117066869195305
C07-S,S,4.500275732966444
C07-S,S,3.2365755907839726
C07-S,S,3.3045171172802354
C07-S,S,1.708923800140854
C07-S,S,4.680080571972979
C07-S,S,3.216900176899038
C07-S,S,6.01563129827488
C07-S,S,2.0314234463992653
C07-S,S,3.7457597551330326
C07-S,S,3.821269785482214
C07-S,S,4.693626419612503
C07-S,S,4.0550261985540725
C07-S,S,3.275571884161564
C07-S,S,1.918924020132432
C07-S,S,4.833566430442728
C07-S,S,4.853228476755571
C07-S,S,7.431960772610292
C07-S,S,5.151478875589207
C07-S,S,6.51226423345496
C07-S,S,2.8617957708052053
C07-S,S,5.951972032564583
C07-S,S,5.020408263779298
C07-S,S,2.82832332375742
C07-S,S,3.9919090976696414
C07-S,S,3.2070172036910374
C07-S,S,3.911580781529363
C07-S,S,4.117175815757948
C07-S,S,5.751255267505358
C07-S,S,3.9919090976696414
C07-S,S,4.82699461716502
C07-S,S,3.187159321095311
C07-S,S,4.556356098861118
C07-S,S,3.2365755907839726
C07-S,S,3.903457032819381
C07-S,S,3.694562453525125
C07-S,S,4.414819682883245
C07-S,S,2.1081077380899123
C07-S,S,4.521387384732147
C07-S,S,1.8515722458467807
C07-S,S,3.3045171172802354
C07-S,S,4.414819682883245
C07-S,S,6.713870447631042
C07-S,S,3.454798377937929
C07-S,S,3.116660506777289
C07-S,S,2.817077460835509
C07-S,S,7.835325076332686
C07-S,S,3.265866464653287
C07-S,S,3.804619293268873
C07-S,S,2.7944499662047773
C07-S,S,4.760777562595452
C07-S,S,5.1267714004225615
C07-S,S,3.903457032819381
C07-S,S,1.9353957730665816
C07-S,S,6.599421088767312
C07-S,S,3.6339207337885258
C07-S,S,3.342720896492735
C07-S,S,4.794000418995204
C07-S,S,2.0624393385761013
C07-S,S,1.885548882504947
C07-S,S,4.625500506243265
C07-S,S,4.794000418995204
C07-S,S,7.032544860831337
C07-S,S,2.7137683744347867
C07-S,S,3.371089616420414
C07-S,S,5.415826839329719
C07-S,S,4.85976481436643
C07-S,S,6.3193019167617175
C07-S,S,4.833566430442728
C07-S,S,3.589978117293229
C07-S,S,4.611754560525867
C07-S,S,3.482254161070224
C07-S,S,5.095718592639985
C07-S,S,4.727321227047977
C07-S,S,4.686858389531491
C07-S,S,2.015736544099424
C07-S,S,6.120258816752761
C07-S,S,4.632358183109277
C07-S,S,4.918200959824537
C07-S,S,2.138011469127358
C07-S,S,3.1268290835714136
C07-S,S,1.8515722458467807
C07-S,S,7.341716792072534
C07-S,S,7.427688302712721
C07-S,S,7.806914065638762
C07-S,S,2.760160937976904
C07-S,S,5.503043830830882
C07-S,S,7.999706406467787
C07-S,S,6.647347797467389
C07-S,S,4.231246595071459
C07-S,S,2.4943467139819178
C07-S,S,3.9759732691923495
C07-S,S,5.656646647514839
C07-S,S,4.507323937336815
C07-S,S,2.850681958836478
C07-S,S,3.554432904021839
C07-S,S,4.591058474517919
C07-S,S,4.422004097209329
C07-S,S,3.054938345421817
C07-S,S,4.734031409598079
C07-S,S,3.77950602018642
C07-S,S,4.093980274472972
C07-S,S,5.876831410662726
C07-S,S,2.468762994462375
C07-S,S,3.8129536281046623
C07-S,S,2.927592774614536
C07-S,S,9.206284999352924
C07-S,S,2.442911360672195
C07-S,S,5.756772060397294
C07-S,S,3.887158602416619
C07-S,S,3.509495156340756
C07-S,S,2.99194316024752
C07-S,S,2.8838949080235423
C07-S,S,6.536591042978795
C07-S,S,3.380492953002611
C07-S,S,7.457544189999471
C07-S,S,6.161612387268624
C07-S,S,3.5988095651210856
C07-S,S,2.3230215853143203
C07-S,S,10.394977658631632
C07-S,S,3.116660506777289
C07-S,S,5.617227026861333
C07-S,S,5.421684955525073
C07-S,S,4.147901434618866
C07-S,S,5.474125901660642
C07-S,S,6.803110836335556
C07-S,S,3.959973311855338
C07-S,S,4.039339384631394
C07-S,S,3.5988095651210856
C07-S,S,6.51226423345496
C07-S,S,4.1094585159725545
C07-S,S,3.408547317463651
C07-S,S,4.335005351251914
C07-S,S,5.445054395542623
C07-S,S,3.482254161070224
C07-S,S,3.265866464653287
C07-S,S,2.7944499662047773
C07-S,S,6.784420936086966
C07-S,S,4.604866200354616
C07-S,S,1.902309646634436
C07-S,S,4.493216472568831
C07-S,S,3.0653116803502
C07-S,S,3.6859604338129857
C07-S,S,1.511802408074568
C07-S,S,4.039339384631394
C07-S,S,3.6339207337885258
C07-S,S,4.625500506243265
C07-S,S,4.140241406965356
C07-S,S,7.171108472464449
C07-S,S,3.187159321095311
C07-S,S,3.677338292334829
C07-S,S,3.0756500290270585
C07-S,S,4.147901434618866
C07-S,S,5.163788281133086
C07-S,S,5.206642030705284
C07-S,S,1.918924020132432
C07-S,S,3.837848040264863
C07-S,S,2.267703612111852
C07-S,S,4.846683324112317
C07-S,S,5.479921695662696
C07-S,S,2.390369490821483
C07-S,S,2.468762994462375
C07-S,S,3.0653116803502
C07-S,S,2.077773671184859
C07-S,S,3.8129536281046623
C07-S,S,4.584139015461902
C07-S,S,2.959942848107641
C07-S,S,1.5532293223428475
C07-S,S,6.010352112266097
C07-S,S,2.9813145541504222
C07-S,S,6.671182035989458
C07-S,S,1.7816762242727986
C07-S,S,1.983990677521528
C07-S,S,3.554432904021839
C07-S,S,3.2365755907839726
C07-S,S,6.443660590010759
C07-S,S,6.497624430224356
C07-S,S,3.0756500290270585
C07-S,S,4.335005351251914
C07-S,S,4.0550261985540725
C07-S,S,4.246224505961664
C07-S,S,2.6185185817901284
C07-S,S,3.482254161070224
C07-S,S,4.89879969697993
C07-S,S,3.829567883822151
C07-S,S,6.526871199619697
C07-S,S,3.737275577183397
C07-S,S,3.5004383795485454
C07-S,S,3.903457032819381
C07-S,S,1.885548882504947
C07-S,S,2.8617957708052053
C07-S,S,3.333211002694912
C07-S,S,1.7994047825605428
C07-S,S,3.454798377937929
C07-S,S,1.6329332323266434
C07-S,S,10.639456762252284
C07-S,S,5.18831947992975
C07-S,S,2.54474264769613
C07-S,S,2.2253128908755286
C07-S,S,2.3636606135239884
C07-S,S,6.374318642190622
C07-S,S,5.0456366048769885
C07-S,S,4.727321227047977
C07-S,S,3.804619293268873
C07-S,S,4.988693427963836
C07-S,S,4.813824075245639
C07-S,S,8.611230291179448
C07-S,S,3.0756500290270585
C07-S,S,4.356917902080675
C07-S,S,4.147901434618866
C07-S,S,3.085953743077969
C07-S,S,5.0644753882868185
C07-S,S,6.031441131841764
C07-S,S,4.760777562595452
C07-S,S,4.132567180892246
C07-S,S,2.938415705331363
C07-S,S,3.518528620850199
C07-S,S,3.527538952173992
C07-S,S,4.246224505961664
C07-S,S,6.30924733295999
C07-S,S,6.068170560425284
C07-S,S,3.509495156340756
C07-S,S,3.677338292334829
C07-S,S,4.140241406965356
C07-S,S,3.728772094999736
C07-S,S,4.298236193901963
C07-S,S,4.807225272862896
C07-S,S,4.414819682883245
C07-S,S,4.0550261985540725
C07-S,S,2.9813145541504222
C07-S,S,1.9353957730665816
C07-S,S,3.0962231682777173
C07-S,S,3.927777872685193
C07-S,S,3.854354989734393
C07-S,S,5.114372902464696
C07-S,S,6.807775294090504
C07-S,S,5.157637250622092
C07-S,S,4.666495403772876
C07-S,S,4.507323937336815
C07-S,S,5.001403495513547
C07-S,S,9.752134650292914
C07-S,S,4.48614610395171
C07-S,S,5.822565877319402
C07-S,S,3.589978117293229
C07-S,S,5.806187319199745
C07-S,S,4.995052504385949
C07-S,S,1.7816762242727986
C07-S,S,7.939961683738786
C07-S,S,4.820413844347526
C07-S,S,3.720249176209294
C07-S,S,2.390369490821483
C07-S,S,5.386440692775725
C07-S,S,5.71248854077351
C07-S,S,5.139139986312522
C07-S,S,4.393195946265654
C07-S,S,1.7816762242727986
C07-S,S,3.265866464653287
C07-S,S,4.34962598416327
C07-S,S,7.090981840571965
C07-S,S,4.457752488928697
C07-S,S,5.1267714004225615
C07-S,S,5.8280151680556775
C07-S,S,3.085953743077969
C07-S,S,3.4455978332997264
C07-S,S,4.400415665098895
C07-S,S,3.5811248902099826
C07-S,S,3.371089616420414
C07-S,S,3.380492953002611
C07-S,S,6.35936128412992
C07-S,S,4.0235914128436026
C07-S,S,3.380492953002611
C07-S,S,2.7254405503413945
C07-S,S,3.380492953002611
C07-S,S,5.1267714004225615
C07-S,S,4.734031409598079
C07-S,S,2.9813145541504222
C07-S,S,3.1571383130861377
C07-S,S,1.8515722458467807
C07-S,S,4.646043170628641
C07-S,S,5.773290809015188
C07-S,S,4.6732929243517525
C07-S,S,8.291975509002073
C07-S,S,1.6133764402252686
C07-S,S,6.699671199207101
C07-S,S,3.013087897967378
C07-S,S,4.879321291024226
C07-S,S,5.583217267053535
C07-S,S,4.943950879071324
C07-S,S,2.2536619686684074
C07-S,S,10.38581235693012
C07-S,S,2.442911360672195
C07-S,S,5.773290809015188
C07-S,S,5.491494932832067
C07-S,S,5.163788281133086
C07-S,S,3.226752880450537
C07-S,S,6.433800353798076
C07-S,S,4.646043170628641
C07-S,S,1.6133764402252686
C07-S,S,2.138011469127358
C07-S,S,3.616407760849512
C07-S,S,6.010352112266097
C07-S,S,5.909151533809971
C07-S,S,2.666568802155929
C07-S,S,1.4692078526656815
C07-S,S,4.246224505961664
C07-S,S,8.811645380556309
C07-S,S,2.077773671184859
C07-S,S,3.771097765009893
C07-S,S,3.417847600281708
C07-S,S,6.872745310420571
C07-S,S,3.616407760849512
C07-S,S,3.265866464653287
C07-S,S,3.265866464653287
C07-S,S,6.551143768323128
C07-S,S,3.903457032819381
C07-S,S,4.047190391814686
C07-S,S,4.493216472568831
C07-S,S,1.4474406070619008
C07-S,S,1.6329332323266434
C07-S,S,4.833566430442728
C07-S,S,4.276022938254716
C07-S,S,5.8876244985628645
C07-S,S,2.51967068012428
C07-S,S,9.464709511912233
C07-S,S,3.216900176899038
C07-S,S,7.2678414675770515
C07-S,S,2.123112252980832
C07-S,S,2.569569993156261
C07-S,S,3.7457597551330326
C07-S,S,2.5322376941434093
C07-S,S,7.806914065638762
C07-S,S,4.88582272134439
C07-S,S,3.728772094999736
C07-S,S,3.9439084451697126
C07-S,S,1.6902464765013054
C07-S,S,8.648014868243132
C07-S,S,3.804619293268873
C07-S,S,1.7994047825605428
C07-S,S,5.866018464224818
C07-S,S,3.935851422566431
C07-S,S,2.336646462175876
C07-S,S,4.975950895204253
C07-S,S,7.414856122148768
C07-S,S,3.5454909202859826
C07-S,S,2.092995659821536
C07-S,S,2.6426529037892483
C07-S,S,3.7117066869195305
C07-S,S,4.039339384631394
C07-S,S,5.723591541610411
C07-S,S,5.871427426613504
C07-S,S,3.4363726552102856
C07-S,S,3.9998532032338936
C07-S,S,5.120575904019775
C07-S,S,4.0235914128436026
C07-S,S,5.723591541610411
C07-S,S,3.0025341426059904
C07-S,S,4.646043170628641
C07-S,S,6.238411517476531
C07-S,S,2.594159739964875
C07-S,S,3.3522038117053645
C07-S,S,4.385964343097444
C07-S,S,5.1267714004225615
C07-S,S,4.400415665098895
C07-S,S,4.290844552673292
C07-S,S,4.853228476755571
C07-S,S,6.314276626172275
C07-S,S,3.895316341929664
C07-S,S,2.8838949080235423
C07-S,S,6.468245420210314
C07-S,S,2.416783215221364
C07-S,S,5.421684955525073
C07-S,S,6.604229410781361
C07-S,S,3.25613211672748
C07-S,S,3.8129536281046623
C07-S,S,3.6859604338129857
C07-S,S,4.436338021664
C07-S,S,1.8686377885916985
C07-S,S,1.885548882504947
C07-S,S,4.193567780719649
C07-S,S,2.1820988181584404
C07-S,S,3.64264564606838
C07-S,S,4.693626419612503
C07-S,S,5.844332554635763
C07-S,S,4.185991319643072
C07-S,S,2.959942848107641
C07-S,S,5.503043830830882
C07-S,S,3.085953743077969
C07-S,S,5.784277100224782
C07-S,S,2.760160937976904
C07-S,S,3.5811248902099826
C07-S,S,3.417847600281708
C07-S,S,3.762670720366032
C07-S,S,3.408547317463651
C07-S,S,5.789762428247603
C07-S,S,4.659687967028543
C07-S,S,6.078623919699069
C07-S,S,3.737275577183397
C07-S,S,3.5454909202859826
C07-S,S,7.453286385376056
C07-S,S,2.4943467139819178
C07-S,S,3.454798377937929
C07-S,S,2.737062950830321
C07-S,S,4.132567180892246
C07-S,S,4.305615145589724
C07-S,S,2.2253128908755286
C07-S,S,5.876831410662726
C07-S,S,3.1369646987543267
C07-S,S,5.577528811916794
C07-S,S,4.625500506243265
C07-S,S,2.5322376941434093
C07-S,S,2.606367617934471
C07-S,S,7.090981840571965
C07-S,S,1.918924020132432
C07-S,S,5.789762428247603
C07-S,S,4.611754560525867
C07-S,S,6.497624430224356
C07-S,S,4.93752598892475
C07-S,S,2.737062950830321
C07-S,S,2.678446672979338
C07-S,S,8.168553172642095
C07-S,S,2.905825983649
C07-S,S,3.371089616420414
C07-S,S,8.242058092380452
C07-S,S,3.9998532032338936
C07-S,S,4.0550261985540725
C07-S,S,5.261226840402518
C07-S,S,4.680080571972979
C07-S,S,3.677338292334829
C07-S,S,3.536526327127732
C07-S,S,4.147901434618866
C07-S,S,1.9353957730665816
C07-S,S,3.3616599766446864
C07-S,S,2.336646462175876
C07-S,S,1.983990677521528
C07-S,S,3.491358109053505
C07-S,S,4.570268668946549
C07-S,S,3.417847600281708
C07-S,S,5.63978626232879
C07-S,S,3.762670720366032
C07-S,S,4.0550261985540725
C07-S,S,6.010352112266097
C07-S,S,3.226752880450537
C07-S,S,4.48614610395171
C07-S,S,7.774317204833238
C07-S,S,3.342720896492735
C07-S,S,3.29489695969924
C07-S,S,3.967981355043056
C07-S,S,5.925245485177561
C07-S,S,5.421684955525073
C07-S,S,5.662255619291985
C07-S,S,2.377052565528869
C07-S,S,3.9759732691923495
C07-S,S,3.9839491513691385
C07-S,S,3.8129536281046623
C07-S,S,2.0624393385761013
C07-S,S,3.3522038117053645
C07-S,S,5.163788281133086
C07-S,S,3.9839491513691385
C07-S,S,4.393195946265654
C07-S,S,4.807225272862896
C07-S,S,3.737275577183397
C07-S,S,5.267256901797619
C07-S,S,3.7117066869195305
C07-S,S,1.5326558401751
C07-S,S,6.218024497212336
C07-S,S,5.218821326950407
C07-S,S,3.454798377937929
C07-S,S,3.399221589132705
C07-S,S,3.903457032819381
C07-S,S,3.177183837092519
C07-S,S,2.196597973132827
C07-S,S,3.829567883822151
C07-S,S,4.48614610395171
C07-S,S,2.196597973132827
C07-S,S,2.6426529037892483
C07-S,S,2.046990137236486
C07-S,S,1.3568841872173931
C07-S,S,1.2598353400621398
C07-S,S,3.275571884161564
C07-S,S,4.155547342369718
C07-S,S,3.054938345421817
C07-S,S,3.1268290835714136
C07-S,S,4.320335240309157
C07-S,S,2.267703612111852
C07-S,S,2.6902721021035894
C07-S,S,1.8686377885916985
C07-S,S,6.99634104319558
C07-S,S,2.0314234463992653
C07-S,S,1.7456790545267524
C07-S,S,5.433382239792492
C07-S,S,2.4558711935816286
C07-S,S,3.7031444916935614
C07-S,S,3.427122644743577
C07-S,S,4.9695673763539245
C07-S,S,5.020408263779298
C07-S,S,5.033038241633877
C07-S,S,6.3393632431530085
C07-S,S,4.312981472867047
C07-S,S,2.8838949080235423
C07-S,S,2.6902721021035894
C07-S,S,4.385964343097444
C07-S,S,3.903457032819381
C07-S,S,9.339790801750276
C07-S,S,2.167502675625957
C07-S,S,3.25613211672748
C07-S,S,3.829567883822151
C07-S,S,4.327676511942633
C07-S,S,5.0644753882868185
C07-S,S,5.706928939903308
C07-S,S,6.099476893192464
C07-S,S,6.125443280890184
C07-S,S,5.778786565432402
C07-S,S,6.927948970818226
C07-S,S,5.860604509712605
C07-S,S,7.009939386527629
C07-S,S,6.171907486155938
C07-S,S,2.569569993156261
C07-S,S,7.504220597955888
C07-S,S,4.1094585159725545
C07-S,S,7.064070996468304
C07-S,S,3.720249176209294
C07-S,S,6.2638019826777525
C07-S,S,4.039339384631394
C07-S,S,4.124878677152203
C07-S,S,5.577528811916794
C07-S,S,4.335005351251914
C07-S,S,5.849761568862286
C07-S,S,9.074313316252915
C07-S,S,2.7486362073164146
C07-S,S,3.3898702052826586
C07-S,S,3.463974485409113
C07-S,S,3.9839491513691385
C07-S,S,3.527538952173992
C07-S,S,4.124878677152203
C07-S,S,5.285305807578497
C07-S,S,4.08621916744697
C07-S,S,5.925245485177561
C07-S,S,2.442911360672195
C07-S,S,4.5979675205253
C07-S,S,5.0707394295039165
C07-S,S,3.1268290835714136
C07-S,S,3.804619293268873
C07-S,S,6.218024497212336
C07-S,S,2.7137683744347867
C07-S,S,5.718042736096981
C07-S,S,2.481587823589891
C07-S,S,2.569569993156261
C07-S,S,2.80578652377273
C07-S,S,1.7816762242727986
C07-S,S,4.0235914128436026
C07-S,S,8.059008229312305
C07-S,S,4.312981472867047
C07-S,S,5.076995742098715
C07-S,S,2.8948812141238016
C07-S,S,2.54474264769613
C07-S,S,4.140241406965356
C07-S,S,4.2162154761798245
C07-S,S,5.893013629666946
C07-S,S,2.015736544099424
C07-S,S,3.034085280212642
C07-S,S,7.8272181677197565
C07-S,S,6.718596861766319
C07-S,S,5.806187319199745
C07-S,S,5.662255619291985
C07-S,S,5.309275571400876
C07-S,S,2.442911360672195
C07-S,S,3.7457597551330326
C07-S,S,5.345028672818396
C07-S,S,4.298236193901963
C07-S,S,2.51967068012428
C07-S,S,4.625500506243265
C07-S,S,3.28524863163696
C07-S,S,3.518528620850199
C07-S,S,10.15399148419743
C07-S,S,1.885548882504947
C07-S,S,2.99194316024752
C07-S,S,2.2110020486046644
C07-S,S,5.163788281133086
C07-S,S,5.05820358973422
C07-S,S,2.4943467139819178
C07-S,S,2.468762994462375
C07-S,S,4.556356098861118
C07-S,S,3.959973311855338
C07-S,S,4.1094585159725545
C07-S,S,4.268592831966727
C07-S,S,2.429882407183215
C07-S,S,4.201130578172108
C07-S,S,9.594620100662157
C07-S,S,3.417847600281708
C07-S,S,4.007781562259003
C07-S,S,3.197103680115411
C07-S,S,2.771637748136708
C07-S,S,3.116660506777289
C07-S,S,4.342321821185702
C07-S,S,4.652870570594867
C07-S,S,4.305615145589724
C07-S,S,7.328734082016584
C07-S,S,4.89879969697993
C07-S,S,3.106458644685695
C07-S,S,3.463974485409113
C07-S,S,3.399221589132705
C07-S,S,4.414819682883245
C07-S,S,7.3805279001752195
C07-S,S,2.760160937976904
C07-S,S,6.284040490930088
C07-S,S,6.526871199619697
C07-S,S,3.3522038117053645
C07-S,S,3.959973311855338
C07-S,S,6.151300058054117
C07-S,S,2.1820988181584404
C07-S,S,4.283440156211276
C07-S,S,8.625962945734093
C07-S,S,2.850681958836478
C07-S,S,5.662255619291985
C07-S,S,2.666568802155929
C07-S,S,5.946636332673134
C07-S,S,3.677338292334829
C07-S,S,3.79626666125431
C07-S,S,7.055077904347984
C07-S,S,2.581894140566543
C07-S,S,4.163179208013847
C07-S,S,2.594159739964875
C07-S,S,4.078443291385604
C07-S,S,3.3141093496987777
C07-S,S,6.384270746052712
C07-S,S,7.745682421699629
C07-S,S,3.509495156340756
C07-S,S,2.581894140566543
C07-S,S,3.491358109053505
C07-S,S,3.454798377937929
C07-S,S,5.176068413293333
C07-S,S,7.86766917699963
C07-S,S,6.1924463365554345
C07-S,S,2.8617957708052053
C07-S,S,4.61863264721215
C07-S,S,5.566134461278887
C07-S,S,6.57049726327392
C07-S,S,2.817077460835509
C07-S,S,3.275571884161564
C07-S,S,2.2536619686684074
C07-S,S,3.911580781529363
C07-S,S,7.659135767644302
C07-S,S,7.000876759097091
C07-S,S,3.454798377937929
C07-S,S,3.3616599766446864
C07-S,S,4.493216472568831
C07-S,S,4.1094585159725545
C07-S,S,8.314913244410125
C07-S,S,4.231246595071459
C07-S,S,1.918924020132432
C07-S,S,3.085953743077969
C07-S,S,5.398214347681629
C07-S,S,1.983990677521528
C07-S,S,5.176068413293333
C07-S,S,6.104679006626931
C07-S,S,2.54474264769613
C07-S,S,6.613835567728841
C07-S,S,5.285305807578497
C07-S,S,8.40981375216695
C07-S,S,2.7137683744347867
C07-S,S,2.2816588429798004
C07-S,S,3.5811248902099826
C07-S,S,3.9998532032338936
C07-S,S,3.911580781529363
C07-S,S,3.79626666125431
C07-S,S,3.25613211672748
C07-S,S,2.390369490821483
C07-S,S,4.253693684128203
C07-S,S,3.342720896492735
C07-S,S,2.80578652377273
C07-S,S,2.267703612111852
C07-S,S,4.327676511942633
C07-S,S,3.911580781529363
C07-S,S,7.891840260603777
C07-S,S,5.392330733565313
C07-S,S,4.0550261985540725
C07-S,S,3.935851422566431
C07-S,S,4.911742387163257
C07-S,S,6.58497505665575
C07-S,S,3.9839491513691385
C07-S,S,4.807225272862896
C07-S,S,8.926180102389168
C07-S,S,7.810979108385268
C07-S,S,3.5988095651210856
C07-S,S,6.073399489064991
C07-S,S,3.651349710200832
C07-S,S,2.092995659821536
C07-S,S,2.666568802155929
C07-S,S,7.2678414675770515
C07-S,S,7.819102853803413
C07-S,S,5.303293287167072
C07-S,S,9.305741141189737
C07-S,S,3.9839491513691385
C07-S,S,5.139139986312522
C07-S,S,4.039339384631394
C07-S,S,4.007781562259003
C07-S,S,7.232815521699024
C07-S,S,4.147901434618866
C07-S,S,5.230972266162188
C07-S,S,5.297304247100458
C07-S,S,4.500275732966444
C07-S,S,5.415826839329719
C07-S,S,3.0756500290270585
C07-S,S,6.020905855446263
C07-S,S,12.025984569273808
C07-S,S,4.407623557997045
C07-S,S,9.274989571776684
C07-S,S,4.231246595071459
C07-S,S,2.606367617934471
C07-S,S,3.554432904021839
C07-S,S,3.554432904021839
C07-S,S,1.885548882504947
C07-S,S,4.754105131057737
C07-S,S,2.569569993156261
C07-S,S,4.514361137464771
C07-S,S,4.07065256165218
C07-S,S,2.760160937976904
C07-S,S,2.5322376941434093
C07-S,S,7.014466309431825
C07-S,S,9.574748584472264
C07-S,S,4.659687967028543
C07-S,S,4.062846892798531
C07-S,S,8.322545107645404
C07-S,S,5.020408263779298
C07-S,S,4.464867820654131
C07-S,S,5.200541686453833
C07-S,S,2.7020457780577374
C07-S,S,6.182185440796261
C07-S,S,4.700384704494652
C07-S,S,1.7456790545267524
C07-S,S,4.892315511878591
C07-S,S,4.666495403772876
C07-S,S,5.8280151680556775
C07-S,S,8.019522405137081
C07-S,S,3.754224759725641
C07-S,S,2.23953228725544
C07-S,S,4.320335240309157
C07-S,S,4.542400917235657
C07-S,S,2.077773671184859
C07-S,S,8.379562525528055
C07-S,S,3.572249721942558
C07-S,S,3.454798377937929
C07-S,S,6.807775294090504
C07-S,S,5.18831947992975
C07-S,S,4.787374292236132
C07-S,S,4.61863264721215
C07-S,S,3.187159321095311
C07-S,S,3.29489695969924
C07-S,S,2.403612636431448
C07-S,S,2.390369490821483
C07-S,S,8.117876858548986
C07-S,S,8.735665907191104
C07-S,S,5.893013629666946
C07-S,S,8.276648369263919
C07-S,S,5.935950544465699
C07-S,S,3.3522038117053645
C07-S,S,2.7944499662047773
C07-S,S,1.763769476086996
C07-S,S,4.754105131057737
C07-S,S,3.29489695969924
C07-S,S,4.570268668946549
C07-S,S,2.6185185817901284
C07-S,S,4.956775675920353
C07-S,S,2.666568802155929
C07-S,S,4.780738981642966
C07-S,S,2.468762994462375
C07-S,S,3.837848040264863
C07-S,S,8.066882201126342
C07-S,S,4.535407224223704
C07-S,S,4.514361137464771
C07-S,S,4.5979675205253
C07-S,S,2.666568802155929
C07-S,S,4.0235914128436026
C07-S,S,2.8948812141238016
C07-S,S,3.895316341929664
C07-S,S,3.3616599766446864
C07-S,S,3.79626666125431
C07-S,S,2.949198918469352
C07-S,S,6.978168698107828
C07-S,S,6.656891733175485
C07-S,S,3.554432904021839
C07-S,S,5.941295840951316
C07-S,S,1.967925711283216
C07-S,S,2.267703612111852
C07-S,S,3.47312634940454
C07-S,S,5.526069219390664
C07-S,S,3.7878956110204745
C07-S,S,4.436338021664
C07-S,S,9.387252839225006
C07-S,S,2.2110020486046644
C07-S,S,9.471414939258413
C07-S,S,6.637790139328675
C07-S,S,4.767440655516864
C07-S,S,4.9695673763539245
C07-S,S,4.185991319643072
C07-S,S,4.9503674306088525
C07-S,S,5.634154921671018
C07-S,S,5.273280067746964
C07-S,S,6.2638019826777525
C07-S,S,3.64264564606838
C07-S,S,5.163788281133086
C07-S,S,3.197103680115411
C07-S,S,3.771097765009893
C07-S,S,8.53346656741023
C07-S,S,3.536526327127732
C07-S,S,5.083244354607721
C07-S,S,4.031473088198847
C07-S,S,5.176068413293333
C07-S,S,2.4943467139819178
C07-S,S,2.7020457780577374
C07-S,S,6.438732359393037
C07-S,S,5.773290809015188
C07-S,S,5.132959418849276
C07-S,S,5.594576825627681
C07-S,S,4.577209096132407
C07-S,S,3.677338292334829
C07-S,S,3.28524863163696
C07-S,S,5.583217267053535
C07-S,S,2.1820988181584404
C07-S,S,4.378720796712142
C07-S,S,3.837848040264863
C07-S,S,4.283440156211276
C07-S,S,1.983990677521528
C07-S,S,4.117175815757948
C07-S,S,6.140970411709458
C07-S,S,6.171907486155938
C07-S,S,2.2536619686684074
C07-S,S,3.563352448545597
C07-S,S,4.201130578172108
C07-S,S,3.167176934009081
C07-S,S,4.905275310774456
C07-S,S,6.233321013554577
C07-S,S,4.0550261985540725
C07-S,S,4.700384704494652
C07-S,S,5.398214347681629
C07-S,S,3.959973311855338
C07-S,S,5.919885696215282
C07-S,S,3.911580781529363
C07-S,S,4.364197636316881
C07-S,S,5.132959418849276
C07-S,S,7.457544189999471
C07-S,S,2.949198918469352
C07-S,S,5.267256901797619
C07-S,S,4.124878677152203
C07-S,S,3.28524863163696
C07-S,S,7.215238787280654
C07-S,S,5.566134461278887
C07-S,S,7.741583092266327
C07-S,S,3.1268290835714136
C07-S,S,3.482254161070224
C07-S,S,6.248580084155872
C07-S,S,3.518528620850199
C07-S,S,4.88582272134439
C07-S,S,2.82832332375742
C07-S,S,6.807775294090504
C07-S,S,4.08621916744697
C07-S,S,4.450625781751057
C07-S,S,5.151478875589207
C07-S,S,4.414819682883245
C07-S,S,5.00774643210875
C07-S,S,6.575326736372333
C07-S,S,3.0025341426059904
C07-S,S,3.4455978332997264
C07-S,S,4.666495403772876
C07-S,S,7.135607717423175
C07-S,S,4.813824075245639
C07-S,S,8.85835371592236
C07-S,S,4.570268668946549
C07-S,S,2.630613420201259
C07-S,S,2.6426529037892483
C07-S,S,8.253604291960114
C07-S,S,2.309316323606075
C07-S,S,3.8461103706898
C07-S,S,3.482254161070224
C07-S,S,3.8461103706898
C07-S,S,4.577209096132407
C07-S,S,5.00774643210875
C07-S,S,5.882230430093234
C07-S,S,1.7456790545267524
C07-S,S,6.770369652236635
C07-S,S,4.422004097209329
C07-S,S,1.7994047825605428
C07-S,S,4.892315511878591
C07-S,S,4.371465247739782
C07-S,S,2.152807572794862
C07-S,S,9.178659175631722
C07-S,S,6.923365477778747
C07-S,S,2.3230215853143203
C07-S,S,6.202690258093208
C07-S,S,7.895861580742755
C07-S,S,6.675938672626586
C07-S,S,3.491358109053505
C07-S,S,4.0235914128436026
C07-S,S,3.677338292334829
C07-S,S,5.285305807578497
C07-S,S,7.086503796651674
C07-S,S,4.464867820654131
C07-S,S,7.219636982621909
C07-S,S,1.902309646634436
C07-S,S,1.967925711283216
C07-S,S,5.811651967297999
C07-S,S,2.7830672306394435
C07-S,S,2.167502675625957
C07-S,S,2.938415705331363
C07-S,S,3.408547317463651
C07-S,S,2.569569993156261
C07-S,S,5.600247964261322
C07-S,S,2.850681958836478
C07-S,S,4.604866200354616
C07-S,S,1.7994047825605428
C07-S,S,4.193567780719649
C07-S,S,4.320335240309157
C07-S,S,5.3746412466382045
C07-S,S,6.831049807433915
C07-S,S,6.680691922550688
C07-S,S,2.429882407183215
C07-S,S,4.577209096132407
C07-S,S,8.851183861476946
C07-S,S,5.456701584028908
C07-S,S,3.417847600281708
C07-S,S,8.922623146638298
C07-S,S,13.33046293316252
C07-S,S,4.734031409598079
C07-S,S,2.390369490821483
C07-S,S,5.206642030705284
C07-S,S,8.330169978789028
C07-S,S,2.23953228725544
C07-S,S,6.541445548692841
C07-S,S,4.378720796712142
C07-S,S,5.456701584028908
C07-S,S,3.333211002694912
C07-S,S,7.983818195339285
C07-S,S,9.032237448227969
C07-S,S,3.342720896492735
C07-S,S,4.039339384631394
C07-S,S,3.527538952173992
C07-S,S,5.139139986312522
C07-S,S,5.200541686453833
C07-S,S,6.433800353798076
C07-S,S,2.606367617934471
C07-S,S,3.919687693400157
C07-S,S,5.583217267053535
C07-S,S,4.356917902080675
C07-S,S,7.10439903675249
C07-S,S,3.167176934009081
C07-S,S,5.237037163580257
C07-S,S,1.902309646634436
C07-S,S,6.068170560425284
C07-S,S,3.116660506777289
C07-S,S,3.0445296666259978
C07-S,S,3.197103680115411
C07-S,S,4.124878677152203
C07-S,S,5.978579103202103
C07-S,S,4.371465247739782
C07-S,S,3.64264564606838
C07-S,S,3.509495156340756
C07-S,S,5.303293287167072
C07-S,S,3.8461103706898
C07-S,S,5.427536748869573
C07-S,S,3.3616599766446864
C07-S,S,5.656646647514839
C07-S,S,4.833566430442728
C07-S,S,3.177183837092519
C07-S,S,6.140970411709458
C07-S,S,2.7944499662047773
C07-S,S,5.249145936192507
C07-S,S,2.8617957708052053
C07-S,S,2.99194316024752
C07-S,S,5.8280151680556775
C07-S,S,2.377052565528869
C07-S,S,3.2463685801555866
C07-S,S,2.0314234463992653
C07-S,S,3.821269785482214
C07-S,S,3.5811248902099826
C07-S,S,7.5841668920639025
C07-S,S,5.0644753882868185
C07-S,S,3.275571884161564
C07-S,S,1.967925711283216
C07-S,S,5.9626291083008445
C07-S,S,3.677338292334829
C07-S,S,2.594159739964875
C07-S,S,3.197103680115411
C07-S,S,1.967925711283216
C07-S,S,5.978579103202103
C07-S,S,5.566134461278887
C07-S,S,5.151478875589207
C07-S,S,4.268592831966727
C07-S,S,3.371089616420414
C07-S,S,3.0653116803502
C07-S,S,4.813824075245639
C07-S,S,3.572249721942558
C07-S,S,4.89879969697993
C07-S,S,2.4558711935816286
C07-S,S,5.762283571530794
C07-S,S,4.047190391814686
C07-S,S,5.983886320495039
C07-S,S,3.106458644685695
C07-S,S,2.350192352247326
C07-S,S,3.895316341929664
C07-S,S,3.927777872685193
C07-S,S,3.616407760849512
C07-S,S,2.3230215853143203
C07-S,S,5.139139986312522
C07-S,S,3.804619293268873
C07-S,S,2.99194316024752
C07-S,S,5.427536748869573
C07-S,S,4.031473088198847
C07-S,S,3.482254161070224
C07-S,S,3.737275577183397
C07-S,S,5.398214347681629
C07-S,S,6.978168698107828
C07-S,S,4.652870570594867
C07-S,S,3.651349710200832
C07-S,S,5.871427426613504
C07-S,S,5.667859040375513
C07-S,S,3.034085280212642
C07-S,S,6.927948970818226
C07-S,S,2.267703612111852
C07-S,S,5.520321875953807
C07-S,S,2.416783215221364
C07-S,S,7.875734447366518
C07-S,S,7.683962853071645
C07-S,S,4.507323937336815
C07-S,S,3.919687693400157
C07-S,S,6.517136859825754
C07-S,S,3.518528620850199
C07-S,S,3.3141093496987777
C07-S,S,3.927777872685193
C07-S,S,3.5988095651210856
C07-S,S,3.8625820108126097
C07-S,S,5.392330733565313
C07-S,S,5.427536748869573
C07-S,S,6.551143768323128
C07-S,S,4.556356098861118
C07-S,S,1.8343479436102936
C07-S,S,3.572249721942558
C07-S,S,4.178401120615919
C07-S,S,6.073399489064991
C07-S,S,1.902309646634436
C07-S,S,10.097562567304244
C07-S,S,2.905825983649
C07-S,S,3.754224759725641
C07-S,S,3.589978117293229
C07-S,S,4.625500506243265
C07-S,S,2.403612636431448
C07-S,S,6.807775294090504
C07-S,S,4.193567780719649
C07-S,S,2.167502675625957
C07-S,S,3.427122644743577
C07-S,S,5.93060043022457
C07-S,S,11.060751614609025
C07-S,S,3.085953743077969
C07-S,S,4.0156942680121945
C07-S,S,2.29552923725896
C07-S,S,4.48614610395171
C07-S,S,7.911926422540884
C07-S,S,4.185991319643072
C07-S,S,4.0550261985540725
C07-S,S,3.265866464653287
C07-S,S,2.6426529037892483
C07-S,S,4.570268668946549
C07-S,S,2.8617957708052053
C07-S,S,3.927777872685193
C07-S,S,4.611754560525867
C07-S,S,5.333137604311858
C07-S,S,3.0445296666259978
C07-S,S,4.342321821185702
C07-S,S,3.589978117293229
C07-S,S,3.651349710200832
C07-S,S,6.08384386391535
C07-S,S,5.806187319199745
C07-S,S,4.780738981642966
C07-S,S,4.208679785659095
C07-S,S,3.7457597551330326
C07-S,S,2.167502675625957
C07-S,S,4.101726696299568
C07-S,S,3.927777872685193
C07-S,S,8.876253014262797
C07-S,S,6.742179232840828
C07-S,S,9.08130700770823
C07-S,S,3.6251748228320464
C07-S,S,5.00774643210875
C07-S,S,8.326358416027695
C07-S,S,6.068170560425284
C07-S,S,3.951949041579833
C07-S,S,4.892315511878591
C07-S,S,6.835695200563416
C07-S,S,6.58979391939848
C07-S,S,5.684636163524871
C07-S,S,2.839524648083372
C07-S,S,6.438732359393037
C07-S,S,7.272207849147007
C07-S,S,3.821269785482214
C07-S,S,6.125443280890184
C07-S,S,3.3522038117053645
C07-S,S,3.762670720366032
C07-S,S,3.762670720366032
C07-S,S,8.804437489468238
C07-S,S,5.339086448999304
C07-S,S,4.500275732966444
C07-S,S,2.2816588429798004
C07-S,S,5.151478875589207
C07-S,S,4.800617399948569
C07-S,S,6.109876690843634
C07-S,S,5.1081623684161
C07-S,S,4.632358183109277
C07-S,S,4.246224505961664
C07-S,S,4.201130578172108
C07-S,S,4.414819682883245
C07-S,S,5.6454119856849525
C07-S,S,6.182185440796261
C07-S,S,4.08621916744697
C07-S,S,6.428864564537774
C07-S,S,5.132959418849276
C07-S,S,3.3236738987336945
C07-S,S,1.7816762242727986
C07-S,S,4.312981472867047
C07-S,S,4.713872206262367
C07-S,S,4.163179208013847
C07-S,S,5.026727219412869
C07-S,S,6.68544179298547
C07-S,S,7.487281026469777
C07-S,S,1.8515722458467807
C07-S,S,7.320066149850418
C07-S,S,2.267703612111852
C07-S,S,10.422425204995031
C07-S,S,4.201130578172108
C07-S,S,4.378720796712142
C07-S,S,6.817094634927302
C07-S,S,3.563352448545597
C07-S,S,5.291308428260988
C07-S,S,4.464867820654131
C07-S,S,6.052456669842732
C07-S,S,2.99194316024752
C07-S,S,4.535407224223704
C07-S,S,3.399221589132705
C07-S,S,8.031388536024389
C07-S,S,2.54474264769613
C07-S,S,4.147901434618866
C07-S,S,2.3636606135239884
C07-S,S,6.575326736372333
C07-S,S,6.197570413838121
C07-S,S,6.79844317826541
C07-S,S,6.99634104319558
C07-S,S,5.176068413293333
C07-S,S,7.77839928293276
C07-S,S,7.018990312681511
C07-S,S,3.1268290835714136
C07-S,S,3.417847600281708
C07-S,S,5.860604509712605
C07-S,S,4.740732094352511
C07-S,S,2.872866588820535
C07-S,S,3.4363726552102856
C07-S,S,3.0962231682777173
C07-S,S,7.790632683859329
C07-S,S,7.56321032563979
C07-S,S,2.959942848107641
C07-S,S,5.139139986312522
C07-S,S,1.7456790545267524
C07-S,S,1.8343479436102936
C07-S,S,1.8686377885916985
C07-S,S,9.112712197722235
C07-S,S,8.477484332434145
C07-S,S,3.9998532032338936
C07-S,S,6.694931424153823
C07-S,S,4.7206015061997775
C07-S,S,6.031441131841764
C07-S,S,6.775056651518834
C07-S,S,5.935950544465699
C07-S,S,5.2249003288096505
C07-S,S,3.728772094999736
C07-S,S,5.206642030705284
C07-S,S,2.970647920475658
C07-S,S,2.9813145541504222
C07-S,S,4.570268668946549
C07-S,S,5.967950509724364
C07-S,S,4.713872206262367
C07-S,S,2.336646462175876
C07-S,S,3.265866464653287
C07-S,S,1.983990677521528
C07-S,S,5.882230430093234
C07-S,S,6.068170560425284
C07-S,S,2.0624393385761013
C07-S,S,3.47312634940454
C07-S,S,5.445054395542623
C07-S,S,4.231246595071459
C07-S,S,4.140241406965356
C07-S,S,5.548999065682753
C07-S,S,4.89879969697993
C07-S,S,9.202836306593085
C07-S,S,4.201130578172108
C07-S,S,3.7117066869195305
C07-S,S,4.767440655516864
C07-S,S,5.120575904019775
C07-S,S,3.167176934009081
C07-S,S,5.303293287167072
C07-S,S,2.99194316024752
C07-S,S,5.386440692775725
C07-S,S,4.335005351251914
C07-S,S,8.833233764191686
C07-S,S,5.261226840402518
C07-S,S,3.4455978332997264
C07-S,S,5.169931993337067
C07-S,S,2.3636606135239884
C07-S,S,3.265866464653287
C07-S,S,3.5004383795485454
C07-S,S,4.9503674306088525
C07-S,S,7.786557019084522
C07-S,S,3.5988095651210856
C07-S,S,5.656646647514839
C07-S,S,1.8515722458467807
C07-S,S,2.594159739964875
C07-S,S,4.61863264721215
C07-S,S,3.013087897967378
C07-S,S,4.078443291385604
C07-S,S,2.2816588429798004
C07-S,S,2.138011469127358
C07-S,S,3.0445296666259978
C07-S,S,4.07065256165218
C07-S,S,4.443487644387506
C07-S,S,5.503043830830882
C07-S,S,2.429882407183215
C07-S,S,7.529558499869836
C07-S,S,6.289089941717453
C07-S,S,1.902309646634436
C07-S,S,2.594159739964875
C07-S,S,3.342720896492735
C07-S,S,3.342720896492735
C07-S,S,3.9759732691923495
C07-S,S,2.23953228725544
C07-S,S,3.3616599766446864
C07-S,S,3.754224759725641
C07-S,S,3.3616599766446864
C07-S,S,3.804619293268873
C07-S,S,6.156458381860416
C07-S,S,2.7137683744347867
C07-S,S,5.526069219390664
C07-S,S,1.9353957730665816
C07-S,S,5.076995742098715
C07-S,S,6.969064755942961
C07-S,S,3.518528620850199
C07-S,S,3.116660506777289
C07-S,S,2.927592774614536
C07-S,S,5.673456927211946
C07-S,S,2.949198918469352
C07-S,S,4.693626419612503
C07-S,S,4.371465247739782
C07-S,S,3.371089616420414
C07-S,S,4.7206015061997775
C07-S,S,3.0445296666259978
C07-S,S,4.471971831225634
C07-S,S,3.9439084451697126
C07-S,S,4.807225272862896
C07-S,S,7.671559353697044
C07-S,S,7.041566730943534
C07-S,S,6.656891733175485
C07-S,S,6.35936128412992
C07-S,S,4.290844552673292
C07-S,S,8.078678769262789
C07-S,S,7.851513781765839
C07-S,S,4.062846892798531
C07-S,S,2.959942848107641
C07-S,S,5.039341360248559
C07-S,S,3.0756500290270585
C07-S,S,3.275571884161564
C07-S,S,5.083244354607721
C07-S,S,2.1820988181584404
C07-S,S,3.0756500290270585
C07-S,S,2.6426529037892483
C07-S,S,1.8343479436102936
C07-S,S,4.443487644387506
C07-S,S,6.156458381860416
C07-S,S,2.403612636431448
C07-S,S,4.556356098861118
C07-S,S,4.700384704494652
C07-S,S,4.787374292236132
C07-S,S,4.327676511942633
C07-S,S,1.7816762242727986
C07-S,S,10.07868272049712
C07-S,S,3.887158602416619
C07-S,S,5.543275496273416
C07-S,S,5.309275571400876
C07-S,S,4.686858389531491
C07-S,S,3.5988095651210856
C07-S,S,4.6732929243517525
C07-S,S,2.905825983649
C07-S,S,5.206642030705284
C07-S,S,5.63978626232879
C07-S,S,5.531810591556775
C07-S,S,6.756289145517565
C07-S,S,3.5004383795485454
C07-S,S,2.7137683744347867
C07-S,S,2.403612636431448
C07-S,S,2.737062950830321
C07-S,S,6.052456669842732
C07-S,S,3.8625820108126097
C07-S,S,5.941295840951316
C07-S,S,5.74573317764107
C07-S,S,3.720249176209294
C07-S,S,4.905275310774456
C07-S,S,1.7994047825605428
C07-S,S,4.298236193901963
C07-S,S,7.324401398172323
C07-S,S,4.078443291385604
C07-S,S,4.48614610395171
C07-S,S,4.147901434618866
C07-S,S,5.967950509724364
C07-S,S,2.5322376941434093
C07-S,S,3.482254161070224
C07-S,S,4.170797108635421
C07-S,S,5.594576825627681
C07-S,S,2.267703612111852
C07-S,S,2.581894140566543
C07-S,S,2.442911360672195
C07-S,S,3.607619393640327
C07-S,S,2.760160937976904
C07-S,S,2.2816588429798004
C07-M,M,3.927777872685193
C07-M,M,7.193207472377346
C07-M,M,12.673718101166374
C07-M,M,5.983886320495039
C07-M,M,8.432430952359649
C07-M,M,10.69896201802266
C07-M,M,12.407939117949455
C07-M,M,11.363686833061422
C07-M,M,5.983886320495039
C07-M,M,10.93374503690816
C07-M,M,9.295501921722297
C07-M,M,5.039341360248559
C07-M,M,9.693366648224634
C07-M,M,10.21321710946393
C07-M,M,8.280482813930712
C07-M,M,13.1699501133115
C07-M,M,10.522453680805036
C07-M,M,5.40996237974363
C07-M,M,16.068704660812713
C07-M,M,5.71248854077351
C07-M,M,15.103318849923909
C07-M,M,11.01185454058075
C07-M,M,8.280482813930712
C07-M,M,8.901251563502115
C07-M,M,11.413857879806615
C07-M,M,12.410497192220104
C07-M,M,13.757032726007658
C07-M,M,6.9508210996309785
C07-M,M,15.569036773002116
C07-M,M,14.423876761114832
C07-M,M,9.36016114394596
C07-M,M,11.620572574216473
C07-M,M,4.327676511942633
C07-M,M,5.6790492961667445
C07-M,M,11.436085472193962
C07-M,M,7.341716792072534
C07-M,M,7.184376029547711
C07-M,M,9.366941413682552
C07-M,M,8.82963936576649
C07-M,M,12.333524170212652
C07-M,M,10.483162462776743
C07-M,M,9.650700530697112
C07-M,M,5.729134972974281
C07-M,M,16.399165852101564
C07-M,M,9.900734861217703
C07-M,M,13.349499662508782
C07-M,M,21.74958947787453
C07-M,M,10.7285908812257
C07-M,M,6.868124976916566
C07-M,M,8.611230291179448
C07-M,M,15.419478771787627
C07-M,M,6.273929397508653
C07-M,M,9.961466330617416
C07-M,M,9.257861229233908
C07-M,M,6.937106871671134
C07-M,M,5.925245485177561
C07-M,M,9.781386244684786
C07-M,M,4.385964343097444
C07-M,M,15.145295914894575
C07-M,M,13.88107593834267
C07-M,M,6.404128556826101
C07-M,M,11.273942590428806
C07-M,M,11.513544120794588
C07-M,M,11.973076329546894
C07-M,M,15.05700891307718
C07-M,M,6.666422005389823
C07-M,M,5.778786565432402
C07-M,M,12.79337820394776
C07-M,M,7.427688302712721
C07-M,M,11.772552889706958
C07-M,M,15.947743974346176
C07-M,M,11.99955960970168
C07-M,M,7.1578163229970535
C07-M,M,5.415826839329719
C07-M,M,15.012670713029951
C07-M,M,8.782778323843607
C07-M,M,4.34962598416327
C07-M,M,10.069229522180876
C07-M,M,12.54279815403914
C07-M,M,8.451232382506527
C07-M,M,10.128950776573635
C07-M,M,10.69302639370005
C07-M,M,12.052351591869511
C07-M,M,4.943950879071324
C07-M,M,12.631066647384335
C07-M,M,9.977386855927673
C07-M,M,7.0280295827666
C07-M,M,11.959812698213224
C07-M,M,5.3628158390288885
C07-M,M,7.453286385376056
C07-M,M,9.13706382937402
C07-M,M,5.333137604311858
C07-M,M,17.161528609070174
C07-M,M,15.388567657295711
C07-M,M,9.564797344730586
C07-M,M,6.448585054306144
C07-M,M,13.585208190366464
C07-M,M,8.793614575125831
C07-M,M,12.144185358093674
C07-M,M,3.563352448545597
C07-M,M,15.216391164269435
C07-M,M,6.9508210996309785
C07-M,M,16.48026430570732
C07-M,M,7.22403250021792
C07-M,M,6.364350975979666
C07-M,M,5.3746412466382045
C07-M,M,10.38275545845127
C07-M,M,11.208995104599728
C07-M,M,4.549383858971028
C07-M,M,7.406288983387125
C07-M,M,8.280482813930712
C07-M,M,9.41089409626298
C07-M,M,12.633579542395248
C07-M,M,6.202690258093208
C07-M,M,11.582265896859436
C07-M,M,8.051126556786812
C07-M,M,10.339863986674134
C07-M,M,12.172904314448848
C07-M,M,3.7457597551330326
C07-M,M,12.961005720927467
C07-M,M,4.625500506243265
C07-M,M,12.648646428539474
C07-M,M,10.024996734327646
C07-M,M,7.315728332491791
C07-M,M,9.673697977337156
C07-M,M,11.341317349099764
C07-M,M,9.4041455159069
C07-M,M,11.887933373195995
C07-M,M,6.671182035989458
C07-M,M,13.23486856292531
C07-M,M,8.238205763077984
C07-M,M,9.967837592113444
C07-M,M,3.9919090976696414
C07-M,M,13.951787652852303
C07-M,M,17.01850563771685
C07-M,M,4.464867820654131
C07-M,M,12.904551872132975
C07-M,M,13.361383845101376
C07-M,M,11.44718308322082
C07-M,M,7.4957555974071
C07-M,M,5.279296361851663
C07-M,M,9.887901758142648
C07-M,M,8.245908621949244
C07-M,M,5.243095045493981
C07-M,M,16.424310545299917
C07-M,M,15.197604200458436
C07-M,M,10.21321710946393
C07-M,M,8.904817055959748
C07-M,M,15.458544118302411
C07-M,M,15.534336811783277
C07-M,M,8.062946176397695
C07-M,M,10.175851555751654
C07-M,M,13.332844010779644
C07-M,M,5.05820358973422
C07-M,M,7.046073334112666
C07-M,M,8.40981375216695
C07-M,M,8.611230291179448
C07-M,M,4.93752598892475
C07-M,M,4.290844552673292
C07-M,M,7.63422794308839
C07-M,M,7.659135767644302
C07-M,M,14.67910920367015
C07-M,M,4.0550261985540725
C07-M,M,13.174769857338656
C07-M,M,8.85835371592236
C07-M,M,5.462515865469533
C07-M,M,9.945520320184889
C07-M,M,14.741688563756677
C07-M,M,11.352507600809718
C07-M,M,7.311387941523849
C07-M,M,6.349370136900588
C07-M,M,14.4700192221865
C07-M,M,6.052456669842732
C07-M,M,4.780738981642966
C07-M,M,6.623427792592039
C07-M,M,4.253693684128203
C07-M,M,6.438732359393037
C07-M,M,7.774317204833238
C07-M,M,10.250446456881772
C07-M,M,14.7115110734321
C07-M,M,15.359661158244627
C07-M,M,5.462515865469533
C07-M,M,6.073399489064991
C07-M,M,11.330116045281274
C07-M,M,7.935962710086111
C07-M,M,9.244135704667109
C07-M,M,14.251182524883037
C07-M,M,7.737481591002404
C07-M,M,6.909596755875858
C07-M,M,11.44163562319878
C07-M,M,9.16481503626545
C07-M,M,18.68807657033356
C07-M,M,5.237037163580257
C07-M,M,8.886975288775012
C07-M,M,15.050682881464128
C07-M,M,12.517464259958558
C07-M,M,7.931961720313236
C07-M,M,12.813212910747556
C07-M,M,7.457544189999471
C07-M,M,8.121786262511955
C07-M,M,4.88582272134439
C07-M,M,7.423413373839061
C07-M,M,13.23966467417639
C07-M,M,14.2689909448578
C07-M,M,8.662684963382045
C07-M,M,15.02957687909974
C07-M,M,5.474125901660642
C07-M,M,8.982899847715812
C07-M,M,8.507387368256406
C07-M,M,10.942451404607752
C07-M,M,7.140054964796276
C07-M,M,4.734031409598079
C07-M,M,18.3105700937693
C07-M,M,3.911580781529363
C07-M,M,11.217487841091204
C07-M,M,5.0519240049546825
C07-M,M,17.59985911895323
C07-M,M,6.468245420210314
C07-M,M,4.231246595071459
C07-M,M,11.304872532199342
C07-M,M,9.726059377288497
C07-M,M,9.826715652484692
C07-M,M,5.479921695662696
C07-M,M,12.083916076106824
C07-M,M,7.4490261470254815
C07-M,M,7.704590978384176
C07-M,M,6.1924463365554345
C07-M,M,9.508210262115474
C07-M,M,16.447486912255123
C07-M,M,7.859595630309771
C07-M,M,6.06293712214215
C07-M,M,14.20432919524584
C07-M,M,3.380492953002611
C07-M,M,8.655353023885265
C07-M,M,7.324401398172323
C07-M,M,6.779740410565317
C07-M,M,9.9964580173687
C07-M,M,13.678354349486316
C07-M,M,13.851315206951275
C07-M,M,10.443723424969429
C07-M,M,6.9508210996309785
C07-M,M,12.196351342880888
C07-M,M,8.79722369269011
C07-M,M,5.101944274366352
C07-M,M,5.695793458191785
C07-M,M,4.507323937336815
C07-M,M,12.172904314448848
C07-M,M,11.930580804778602
C07-M,M,7.245970092473379
C07-M,M,11.842452196584116
C07-M,M,6.073399489064991
C07-M,M,4.132567180892246
C07-M,M,10.678172897998609
C07-M,M,9.400769408989303
C07-M,M,10.483162462776743
C07-M,M,9.088295317328557
C07-M,M,14.340003469038733
C07-M,M,13.087742902150053
C07-M,M,4.639205722964035
C07-M,M,14.393032938639085
C07-M,M,5.6454119856849525
C07-M,M,8.69925196832654
C07-M,M,10.355202763815615
C07-M,M,12.845378987786384
C07-M,M,3.8461103706898
C07-M,M,14.853239602378292
C07-M,M,11.242927558927612
C07-M,M,7.745682421699629
C07-M,M,11.157902938922287
C07-M,M,5.71248854077351
C07-M,M,4.680080571972979
C07-M,M,10.265918837698552
C07-M,M,9.887901758142648
C07-M,M,4.407623557997045
C07-M,M,3.4455978332997264
C07-M,M,12.070774238530808
C07-M,M,7.41057379079409
C07-M,M,15.481115841388586
C07-M,M,8.640670480618313
C07-M,M,5.882230430093234
C07-M,M,7.59253332250862
C07-M,M,9.16481503626545
C07-M,M,11.089413885039368
C07-M,M,14.55532428431587
C07-M,M,11.753662821325452
C07-M,M,16.65652883092232
C07-M,M,14.605398840803328
C07-M,M,10.925031730939066
C07-M,M,7.050577056741977
C07-M,M,5.25518985982515
C07-M,M,3.616407760849512
C07-M,M,14.812577966774253
C07-M,M,8.566880312422551
C07-M,M,8.447475444164617
C07-M,M,8.592778951591422
C07-M,M,5.909151533809971
C07-M,M,14.0560591655332
C07-M,M,9.457999330627825
C07-M,M,8.314913244410125
C07-M,M,9.83962855641608
C07-M,M,6.08384386391535
C07-M,M,12.62352496098362
C07-M,M,4.464867820654131
C07-M,M,5.339086448999304
C07-M,M,14.838271963477396
C07-M,M,15.935796605476554
C07-M,M,13.942683712142038
C07-M,M,3.895316341929664
C07-M,M,11.458269945948562
C07-M,M,6.803110836335556
C07-M,M,13.54073930447327
C07-M,M,11.877247588229189
C07-M,M,4.093980274472972
C07-M,M,11.598698535858658
C07-M,M,9.08130700770823
C07-M,M,6.694931424153823
C07-M,M,5.844332554635763
C07-M,M,7.350359192701086
C07-M,M,8.432430952359649
C07-M,M,11.271126568756197
C07-M,M,11.488703651466452
C07-M,M,5.3628158390288885
C07-M,M,12.413054739324478
C07-M,M,3.951949041579833
C07-M,M,3.77950602018642
C07-M,M,8.691950874326638
C07-M,M,6.2078058797941775
C07-M,M,4.327676511942633
C07-M,M,10.636472760857949
C07-M,M,8.503655239378292
C07-M,M,12.188540678395592
C07-M,M,6.680691922550688
C07-M,M,7.077539208879951
C07-M,M,7.4490261470254815
C07-M,M,12.305180088898704
C07-M,M,6.756289145517565
C07-M,M,14.646635653378969
C07-M,M,15.891912741301374
C07-M,M,10.624528374427824
C07-M,M,18.85043757108776
C07-M,M,10.040816527558595
C07-M,M,9.06381266087493
C07-M,M,15.495462546114334
C07-M,M,14.15956283999113
C07-M,M,11.656030336111357
C07-M,M,8.876253014262797
C07-M,M,11.513544120794588
C07-M,M,18.19927974793565
C07-M,M,13.155480286440968
C07-M,M,10.831653678659436
C07-M,M,6.3193019167617175
C07-M,M,7.328734082016584
C07-M,M,16.631735220704734
C07-M,M,7.899880853887119
C07-M,M,7.625907256209325
C07-M,M,7.786557019084522
C07-M,M,17.607072176272023
C07-M,M,12.879929541225872
C07-M,M,15.012670713029951
C07-M,M,9.521555125190904
C07-M,M,17.62509190484067
C07-M,M,13.763953343227158
C07-M,M,12.563028486788918
C07-M,M,12.924215962582524
C07-M,M,13.538394790681222
C07-M,M,6.073399489064991
C07-M,M,9.175200099128393
C07-M,M,8.322545107645404
C07-M,M,7.023511401918536
C07-M,M,11.898609561583164
C07-M,M,15.967636390678573
C07-M,M,13.258831770240413
C07-M,M,13.913054763534667
C07-M,M,14.67910920367015
C07-M,M,12.987918645221995
C07-M,M,8.496186063374571
C07-M,M,6.541445548692841
C07-M,M,18.7406594175044
C07-M,M,9.434476112356046
C07-M,M,16.476411526155967
C07-M,M,15.444163118601235
C07-M,M,7.675696080529725
C07-M,M,14.797569198967327
C07-M,M,10.46497829910768
C07-M,M,7.671559353697044
C07-M,M,11.699523137724572
C07-M,M,15.16414768392828
C07-M,M,16.700304277847465
C07-M,M,9.544863740545935
C07-M,M,12.302600116108234
C07-M,M,10.907584237669164
C07-M,M,12.227544108255987
C07-M,M,13.000133374381935
C07-M,M,16.352643302048367
C07-M,M,11.240103766955675
C07-M,M,9.81701982806897
C07-M,M,9.1405373378931
C07-M,M,14.859649689536663
C07-M,M,15.835884670045406
C07-M,M,9.42100790261667
C07-M,M,11.271126568756197
C07-M,M,9.025205732527438
C07-M,M,12.318071847372993
C07-M,M,19.03143810080197
C07-M,M,14.277886825363373
C07-M,M,15.42771127572267
C07-M,M,17.932197244969124
C07-M,M,13.782391333198904
C07-M,M,20.420217072468542
C07-M,M,12.269011100050005
C07-M,M,13.07318208595759
C07-M,M,8.261292793200587
C07-M,M,4.924651062215655
C07-M,M,17.352831300674342
C07-M,M,9.518220663479408
C07-M,M,12.405380516186415
C07-M,M,11.83172533550914
C07-M,M,21.129207757203428
C07-M,M,14.929979008917556
C07-M,M,6.369336758942496
C07-M,M,11.796795673877408
C07-M,M,14.611917653375532
C07-M,M,9.964652470577544
C07-M,M,12.302600116108234
C07-M,M,11.874574639486388
C07-M,M,10.26282622764564
C07-M,M,7.280932756722925
C07-L,L,10.128950776573635
C07-L,L,5.973267170475642
C07-L,L,8.356802241231838
C07-L,L,7.56321032563979
C07-L,L,13.994950495595717
C07-L,L,12.631066647384335
C07-L,L,16.114077068010076
C07-L,L,10.284454968659771
C07-L,L,14.302321966550592
C07-L,L,20.25790155314728
C07-L,L,10.761088408414356
C07-L,L,6.314276626172275
C07-L,L,9.574748584472264
C07-L,L,10.398030963928388
C07-L,L,10.840442040087888
C07-L,L,8.929735641308262
C07-L,L,8.929735641308262
C07-L,L,9.329588951844055
C07-L,L,8.019522405137081
C07-L,L,11.380435090982692
C07-L,L,11.42497708154702
C07-L,L,12.28710890310205
C07-L,L,12.992805914875769
C07-L,L,9.571432654127117
C07-L,L,9.79759939395986
C07-L,L,12.044447545817585
C07-L,L,10.269010516382616
C07-L,L,14.190914116671152
C07-L,L,13.643499062178645
C07-L,L,16.4744847984962
C07-L,L,8.670010702503829
C07-L,L,5.706928939903308
C07-L,L,12.24829515264259
C07-L,L,5.656646647514839
C07-L,L,10.910494090792204
C07-L,L,7.875734447366518
C07-L,L,8.187960548945943
C07-L,L,13.311398979277785
C07-L,L,8.968753539965386
C07-L,L,6.849612477001458
C07-L,L,12.507316334285656
C07-L,L,6.628218699397555
C07-L,L,5.866018464224818
C07-L,L,9.039263693902132
C07-L,L,10.567608173807788
C07-L,L,16.930612103020657
C07-L,L,4.813824075245639
C07-L,L,8.544619000704271
C07-L,L,9.538209948353153
C07-L,L,13.617881818501692
C07-L,L,14.644468189711404
C07-L,L,10.26282622764564
C07-L,L,10.49526773524251
C07-L,L,12.847849965781307
C07-L,L,13.814598601063848
C07-L,L,9.611148312914755
C07-L,L,10.19143718527997
C07-L,L,10.725631678057775
C07-L,L,10.172731564399536
C07-L,L,7.113329774454104
C07-L,L,11.16927695098755
C07-L,L,9.116194984854063
C07-L,L,7.5841668920639025
C07-L,L,10.61556126490416
C07-L,L,5.605913365775096
C07-L,L,15.343118707394089
C07-L,L,9.11967644191619
C07-L,L,11.01185454058075
C07-L,L,14.683433584145067
C07-L,L,11.288012161098097
C07-L,L,10.17897059078452
C07-L,L,13.990413309386154
C07-L,L,10.315274501244184
C07-L,L,8.989964654036095
C07-L,L,14.713668661047054
C07-L,L,14.74599459234676
C07-L,L,13.258831770240413
C07-L,L,13.922178079114124
C07-L,L,12.366937967861562
C07-L,L,8.822446175679831
C07-L,L,5.909151533809971
C07-L,L,12.44880522815522
C07-L,L,11.86120086044914
C07-L,L,14.502888241343118
C07-L,L,10.88719348952288
C07-L,L,14.368752059095424
C07-L,L,6.868124976916566
C07-L,L,6.541445548692841
C07-L,L,13.116816043275612
C07-L,L,6.9508210996309785
C07-L,L,13.482004147293448
C07-L,L,9.257861229233908
C07-L,L,12.698740273801176
C07-L,L,7.367613580744885
C07-L,L,11.877247588229189
C07-L,L,8.011601887248897
C07-L,L,9.660563282919163
C07-L,L,7.63422794308839
C07-L,L,12.671213166246924
C07-L,L,11.282386438266194
C07-L,L,9.10574262714415
C07-L,L,9.084801834471314
C07-L,L,9.514885033216302
C07-L,L,7.508449519451283
C07-L,L,10.725631678057775
C07-L,L,8.314913244410125
C07-L,L,19.36871359875673
C07-L,L,8.577989303878937
C07-L,L,10.097562567304244
C07-L,L,10.446762483210671
C07-L,L,11.304872532199342
C07-L,L,10.043977496164388
C07-L,L,11.631494167392388
C07-L,L,6.036701875215923
C07-L,L,10.287541076746836
C07-L,L,13.622543082310456
C07-L,L,4.82699461716502
C07-L,L,14.590176951476623
C07-L,L,7.57998021391319
C07-L,L,7.9559374779274865
C07-L,L,10.843369911050146
C07-L,L,10.009151937425372
C07-L,L,4.88582272134439
C07-L,L,7.276571610625303
C07-L,L,13.1699501133115
C07-L,L,9.663848630160174
C07-L,L,7.232815521699024
C07-L,L,7.737481591002404
C07-L,L,10.16648870921544
C07-L,L,12.07866105690806
C07-L,L,10.398030963928388
C07-L,L,5.690217545491346
C07-L,L,8.81524711599409
C07-L,L,9.264716366218554
C07-L,L,13.124074265380427
C07-L,L,8.607543187481761
C07-L,L,5.8171114818577685
C07-L,L,8.724757683281103
C07-L,L,10.564603878601714
C07-L,L,13.150653472744668
C07-L,L,11.837089981142087
C07-L,L,12.21195768495654
C07-L,L,5.237037163580257
C07-L,L,7.228425344953597
C07-L,L,9.261289431991374
C07-L,L,10.816990542549377
C07-L,L,10.355202763815615
C07-L,L,11.341317349099764
C07-L,L,5.48571136626395
C07-L,L,9.62435044594155
C07-L,L,6.324323214269737
C07-L,L,5.3628158390288885
C07-L,L,5.3628158390288885
C07-L,L,13.960885656853332
C07-L,L,6.384270746052712
C07-L,L,5.548999065682753
C07-L,L,9.919953387607638
C07-L,L,10.498291872385014
C07-L,L,8.771928686194888
C07-L,L,8.589083927145536
C07-L,L,8.511117860594542
C07-L,L,15.670650152665372
C07-L,L,11.48317624982274
C07-L,L,9.865403659006608
C07-L,L,12.474278561991976
C07-L,L,12.842907534374808
C07-L,L,5.151478875589207
C07-L,L,9.942328049096332
C07-L,L,11.532827495676118
C07-L,L,13.311398979277785
C07-L,L,8.688298026561062
C07-L,L,10.612570544668753
C07-L,L,9.663848630160174
C07-L,L,5.822565877319402
C07-L,L,6.463335935313042
C07-L,L,8.356802241231838
C07-L,L,7.721053798391122
C07-L,L,5.941295840951316
C07-L,L,8.019522405137081
C07-L,L,5.503043830830882
C07-L,L,12.196351342880888
C07-L,L,10.11640717946844
C07-L,L,14.34885532387493
C07-L,L,5.267256901797619
C07-L,L,8.854769514393512
C07-L,L,8.804437489468238
C07-L,L,4.686858389531491
C07-L,L,8.662684963382045
C07-L,L,4.364197636316881
C07-L,L,11.866552180757685
C07-L,L,12.53013760962559
C07-L,L,11.355303440674987
C07-L,L,8.322545107645404
C07-L,L,6.233321013554577
C07-L,L,8.735665907191104
C07-L,L,7.8272181677197565
C07-L,L,4.371465247739782
C07-L,L,8.035340018938014
C07-L,L,4.500275732966444
C07-L,L,6.647347797467389
C07-L,L,4.9503674306088525
C07-L,L,7.050577056741977
C07-L,L,7.423413373839061
C07-L,L,10.11640717946844
C07-L,L,13.507879080915268
C07-L,L,12.545328729703757
C07-L,L,9.84930212443131
C07-L,L,9.568115574611756
C07-L,L,9.147480398019086
C07-L,L,4.686858389531491
C07-L,L,4.846683324112317
C07-L,L,9.881478956712648
C07-L,L,15.507749157702056
C07-L,L,9.865403659006608
C07-L,L,10.483162462776743
C07-L,L,12.47936698911039
C07-L,L,8.611230291179448
C07-L,L,10.627515729575975
C07-L,L,10.678172897998609
C07-L,L,8.926180102389168
C07-L,L,8.904817055959748
C07-L,L,5.925245485177561
C07-L,L,13.624873116207992
C07-L,L,9.823484774326516
C07-L,L,11.494228395066116
C07-L,L,11.598698535858658
C07-L,L,7.162249780419965
C07-L,L,8.915504977857394
C07-L,L,6.115069957136806
C07-L,L,8.574287905948731
C07-L,L,10.88719348952288
C07-L,L,7.1799562345864585
C07-L,L,6.79377231328374
C07-L,L,4.124878677152203
C07-L,L,9.390633805601237
C07-L,L,13.28753057388354
C07-L,L,4.298236193901963
C07-L,L,9.431110863056064
C07-L,L,11.377645426743946
C07-L,L,14.4700192221865
C07-L,L,9.305741141189737
C07-L,L,11.140820148186307
C07-L,L,9.627648150491275
C07-L,L,8.066882201126342
C07-L,L,11.882591681902632
C07-L,L,7.786557019084522
C07-L,L,10.296793851284088
C07-L,L,10.573614203376948
C07-L,L,14.228890656825778
C07-L,L,5.71248854077351
C07-L,L,13.782391333198904
C07-L,L,7.202028085712445
C07-L,L,13.191625093875986
C07-L,L,7.144499443885116
C07-L,L,10.890108791085243
C07-L,L,8.62228214209062
C07-L,L,13.519624043642716
C07-L,L,14.474406070619006
C07-L,L,8.911943761426974
C07-L,L,14.622775883047698
C07-L,L,13.99268208639116
C07-L,L,5.3628158390288885
C07-L,L,16.251387571194122
C07-L,L,11.408294214899
C07-L,L,12.222350842314263
C07-L,L,14.188677037108633
C07-L,L,10.16648870921544
C07-L,L,9.504871118812462
C07-L,L,6.905001080770909
C07-L,L,7.005409538308847
C07-L,L,6.58979391939848
C07-L,L,8.341594217270842
C07-L,L,4.556356098861118
C07-L,L,7.721053798391122
C07-L,L,8.55946630816709
C07-L,L,5.701363917672956
C07-L,L,10.005979967154806
C07-L,L,6.671182035989458
C07-L,L,5.3746412466382045
C07-L,L,10.3766389598595
C07-L,L,7.000876759097091
C07-L,L,13.543083412394314
C07-L,L,7.57998021391319
C07-L,L,8.106137334173212
C07-L,L,4.450625781751057
C07-L,L,6.58979391939848
C07-L,L,7.272207849147007
C07-L,L,10.253542800845125
C07-L,L,5.368731798730674
C07-L,L,7.725164021625219
C07-L,L,12.258657502340911
C07-L,L,12.410497192220104
C07-L,L,8.164666161633217
C07-L,L,11.149364815285322
C07-L,L,5.662255619291985
C07-L,L,4.866292372465588
C07-L,L,6.2991767003107
C07-L,L,14.513828039414772
C07-L,L,11.422198295884725
C07-L,L,8.611230291179448
C07-L,L,15.65240842736242
C07-L,L,18.09783174716185
C07-L,L,5.026727219412869
C07-L,L,7.753874578851027
C07-L,L,10.63050224522565
C07-L,L,7.939961683738786
C07-L,L,5.63978626232879
C07-L,L,9.971021696201085
C07-L,L,10.050296450860651
C07-L,L,11.259855439368248
C07-L,L,8.908381121363993
C07-L,L,5.651032108515939
C07-L,L,8.303452297206178
C07-L,L,4.774094448923046
C07-L,L,13.294695594934778
C07-L,L,5.297304247100458
C07-L,L,6.623427792592039
C07-L,L,7.915937538855608
C07-L,L,8.947492142520437
C07-L,L,7.831272671057049
C07-L,L,10.138348289753122
C07-L,L,10.5796168233344
C07-L,L,8.522299539855412
C07-L,L,10.431558338225605
C07-L,L,4.208679785659095
C07-L,L,3.720249176209294
C07-L,L,5.9626291083008445
C07-L,L,4.147901434618866
C07-L,L,6.2078058797941775
C07-L,L,13.629531989011689
C07-L,L,7.059575882429618
C07-L,L,6.849612477001458
C07-L,L,7.466052514717561
C07-L,L,6.713870447631042
C07-L,L,4.400415665098895
C07-L,L,5.951972032564583
C07-L,L,7.358991443700075
C07-L,L,5.866018464224818
C07-L,L,9.696640881267928
C07-L,L,13.26361921642287
C07-L,L,9.993282017918446
C07-L,L,9.581377002423984
C07-L,L,11.853169350086544
C07-L,L,9.185573420812332
C07-L,L,6.052456669842732
C07-L,L,6.125443280890184
C07-L,L,14.357701721339147
C07-L,L,14.240040952915752
C07-L,L,11.052138438781329
C07-L,L,5.404091556115475
C07-L,L,6.973618212656119
C07-L,L,4.780738981642966
C07-L,L,15.77563378067885
C07-L,L,8.85835371592236
C07-L,L,19.4586452163458
C07-L,L,10.275191083006794
C07-L,L,7.171108472464449
C07-L,L,5.855185549229071
C07-L,L,9.08130700770823
C07-L,L,8.625962945734093
C07-L,L,9.161350732593666
C07-L,L,5.651032108515939
C07-L,L,4.931092727575152
C07-L,L,9.23382817233529
C07-L,L,9.011125839815744
C07-L,L,18.28975473642239
C07-L,L,14.2578632889932
C07-L,L,13.031838089672355
C07-L,L,8.15299400961574
C07-L,L,11.568554200449563
C07-L,L,7.423413373839061
C07-L,L,4.840129320675807
C07-L,L,4.727321227047977
C07-L,L,5.014081344739102
C07-L,L,6.789098234771531
C07-L,L,5.600247964261322
C07-L,L,12.668707736036325
C07-L,L,12.08916881101089
C07-L,L,7.831272671057049
C07-L,L,11.81024238481271
C07-L,L,6.374318642190622
C07-L,L,10.056611435116093
C07-L,L,13.603888444209703
C07-L,L,6.637790139328675
C07-L,L,8.078678769262789
C07-L,L,16.023203774497794
C07-L,L,8.943943662451268
C07-L,L,5.261226840402518
C07-L,L,14.961837596270072
C07-L,L,14.4787915899048
C07-L,L,13.86505886689618
C07-L,L,10.100705777518057
C07-L,L,14.646635653378969
C07-L,L,7.991766249269069
C07-L,L,12.276770568159955
C07-L,L,7.9439586443159955
C07-L,L,6.5946092608663305
C07-L,L,16.578207658171994
C07-L,L,8.735665907191104
C07-L,L,5.345028672818396
C07-L,L,12.469188058388044
C07-L,L,11.132268922557774
C07-L,L,14.912959933554994
C07-L,L,9.353375959187684
C07-L,L,13.399342398414202
C07-L,L,5.194434177962148
C07-L,L,16.95684079744893
C07-L,L,9.182116949035835
C07-L,L,14.132634962359438
C07-L,L,5.673456927211946
C07-L,L,6.273929397508653
C07-L,L,11.066490007531822
C07-L,L,5.93060043022457
C07-L,L,5.695793458191785
C07-L,L,12.193748343951896
C07-L,L,6.58979391939848
C07-L,L,5.169931993337067
C07-L,L,8.993494976046916
C07-L,L,7.423413373839061
C07-L,L,14.676946535635771
C07-L,L,11.718500478887735
C07-L,L,5.445054395542623
C07-L,L,12.583226294824874
C07-L,L,6.08384386391535
C07-L,L,10.522453680805036
C07-L,L,14.963959090445394
C07-L,L,9.667132860885456
C07-L,L,9.004077637063633
C07-L,L,12.653664737179104
C07-L,L,7.533773198492564
C07-L,L,5.350964297826473
C07-L,L,7.810979108385268
C07-L,L,13.858188740683538
C07-L,L,10.89302331242502
C07-L,L,9.339790801750276
C07-L,L,7.059575882429618
C07-L,L,7.384827654632679
C07-L,L,8.84041817673698
C07-L,L,5.237037163580257
C07-L,L,8.574287905948731
C07-L,L,12.430942835722693
C07-L,L,9.81701982806897
C07-L,L,11.713081518838948
C07-L,L,13.309014064992
C07-L,L,8.680987719817331
C07-L,L,14.676946535635771
C07-L,L,9.980567913510788
C07-L,L,8.492449011923329
C07-L,L,10.17897059078452
C07-L,L,15.20595682774494
C07-L,L,16.726894111572815
C07-L,L,5.543275496273416
C07-L,L,14.18196368114393
C07-L,L,10.231848715907766
C07-L,L,8.897684642275543
C07-L,L,14.058317348400292
C07-L,L,9.10574262714415
C07-L,L,4.556356098861118
C07-L,L,9.091787457829122
C07-L,L,12.688737325991458
C07-L,L,11.65875338960864
C07-L,L,13.944960254521837
C07-L,L,8.066882201126342
C07-L,L,12.82064301453855
C07-L,L,6.555987498203587
C07-L,L,8.137405096674186
C07-L,L,6.964508322140447
C07-L,L,8.603854503709423
C07-L,L,9.919953387607638
C07-L,L,13.3447430260982
C07-L,L,9.414266572306108
C07-L,L,10.147737100182896
C07-L,L,6.01563129827488
C07-L,L,9.784631023757182
C07-L,L,15.468808075424429
C07-L,L,13.25643739879511
C07-L,L,11.582265896859436
C07-L,L,12.175511769617332
C07-L,L,4.639205722964035
C07-L,L,10.600599226087162
C07-L,L,5.543275496273416
C07-L,L,20.753277919719
C07-L,L,8.833233764191686
C07-L,L,5.941295840951316
C07-L,L,13.53370454464035
C07-L,L,7.650842169361665
C07-L,L,9.842854135442703
C07-L,L,11.466578058179186
C07-L,L,10.609578981383194
C07-L,L,8.011601887248897
C07-L,L,10.959843391325393
C07-L,L,7.63422794308839
C15-S,S,3.720249176209294
C15-S,S,4.305615145589724
C15-S,S,3.1571383130861377
C15-S,S,3.5811248902099826
C15-S,S,6.877362539903705
C15-S,S,5.508809200490484
C15-S,S,3.167176934009081
C15-S,S,2.557186451232348
C15-S,S,3.399221589132705
C15-S,S,2.9813145541504222
C15-S,S,4.794000418995204
C15-S,S,3.6339207337885258
C15-S,S,7.046073334112666
C15-S,S,4.471971831225634
C15-S,S,3.935851422566431
C15-S,S,3.177183837092519
C15-S,S,3.6251748228320464
C15-S,S,3.3898702052826586
C15-S,S,7.638384887552759
C15-S,S,5.151478875589207
C15-S,S,2.29552923725896
C15-S,S,3.5454909202859826
C15-S,S,4.231246595071459
C15-S,S,3.3141093496987777
C15-S,S,3.342720896492735
C15-S,S,6.2638019826777525
C15-S,S,3.4363726552102856
C15-S,S,5.548999065682753
C15-S,S,3.0445296666259978
C15-S,S,4.132567180892246
C15-S,S,2.403612636431448
C15-S,S,4.312981472867047
C15-S,S,2.377052565528869
C15-S,S,2.4943467139819178
C15-S,S,1.6713604482463675
C15-S,S,2.666568802155929
C15-S,S,3.408547317463651
C15-S,S,3.7117066869195305
C15-S,S,3.9759732691923495
C15-S,S,4.807225272862896
C15-S,S,3.9998532032338936
C15-S,S,5.25518985982515
C15-S,S,2.7254405503413945
C15-S,S,8.611230291179448
C15-S,S,3.226752880450537
C15-S,S,2.7020457780577374
C15-S,S,5.151478875589207
C15-S,S,4.5284027301221546
C15-S,S,4.393195946265654
C15-S,S,4.924651062215655
C15-S,S,4.422004097209329
C15-S,S,8.121786262511955
C15-S,S,4.5979675205253
C15-S,S,7.667420395017729
C15-S,S,2.927592774614536
C15-S,S,4.08621916744697
C15-S,S,5.628517946851282
C15-S,S,3.829567883822151
C15-S,S,3.589978117293229
C15-S,S,7.753874578851027
C15-S,S,5.898397836938703
C15-S,S,2.196597973132827
C15-S,S,3.660033074925209
C15-S,S,2.3636606135239884
C15-S,S,6.284040490930088
C15-S,S,2.666568802155929
C15-S,S,7.113329774454104
C15-S,S,4.542400917235657
C15-S,S,9.437840161709651
C15-S,S,3.959973311855338
C15-S,S,2.2110020486046644
C15-S,S,3.572249721942558
C15-S,S,8.481227977718154
C15-S,S,7.10439903675249
C15-S,S,3.728772094999736
C15-S,S,2.557186451232348
C15-S,S,5.811651967297999
C15-S,S,2.6185185817901284
C15-S,S,4.9503674306088525
C15-S,S,3.919687693400157
C15-S,S,7.302699420401663
C15-S,S,6.955386499860234
C15-S,S,5.898397836938703
C15-S,S,4.659687967028543
C15-S,S,4.140241406965356
C15-S,S,6.146137404976707
C15-S,S,2.7830672306394435
C15-S,S,3.399221589132705
C15-S,S,8.596472387803926
C15-S,S,4.2162154761798245
C15-S,S,8.40603830248076
C15-S,S,5.273280067746964
C15-S,S,8.007638690425992
C15-S,S,2.8948812141238016
C15-S,S,5.132959418849276
C15-S,S,4.514361137464771
C15-S,S,7.859595630309771
C15-S,S,4.646043170628641
C15-S,S,4.305615145589724
C15-S,S,4.995052504385949
C15-S,S,3.518528620850199
C15-S,S,1.902309646634436
C15-S,S,6.492737160311173
C15-S,S,3.106458644685695
C15-S,S,2.4943467139819178
C15-S,S,6.98271621810701
C15-S,S,2.938415705331363
C15-S,S,4.117175815757948
C15-S,S,7.716941385956432
C15-S,S,5.218821326950407
C15-S,S,3.427122644743577
C15-S,S,1.983990677521528
C15-S,S,9.38048725071424
C15-S,S,4.975950895204253
C15-S,S,2.1820988181584404
C15-S,S,2.54474264769613
C15-S,S,3.668695887220588
C15-S,S,3.9839491513691385
C15-S,S,6.115069957136806
C15-S,S,5.634154921671018
C15-S,S,4.246224505961664
C15-S,S,6.294135341599703
C15-S,S,3.3045171172802354
C15-S,S,1.7456790545267524
C15-S,S,4.047190391814686
C15-S,S,6.041958038053411
C15-S,S,5.350964297826473
C15-S,S,4.549383858971028
C15-S,S,2.850681958836478
C15-S,S,7.915937538855608
C15-S,S,2.569569993156261
C15-S,S,8.284315483802187
C15-S,S,2.138011469127358
C15-S,S,2.949198918469352
C15-S,S,3.275571884161564
C15-S,S,4.464867820654131
C15-S,S,6.334353868018162
C15-S,S,2.123112252980832
C15-S,S,4.327676511942633
C15-S,S,3.607619393640327
C15-S,S,8.356802241231838
C15-S,S,7.140054964796276
C15-S,S,5.871427426613504
C15-S,S,4.193567780719649
C15-S,S,5.855185549229071
C15-S,S,5.951972032564583
C15-S,S,3.417847600281708
C15-S,S,1.983990677521528
C15-S,S,4.0550261985540725
C15-S,S,3.6339207337885258
C15-S,S,1.8169603668942629
C15-S,S,3.762670720366032
C15-S,S,5.491494932832067
C15-S,S,1.8343479436102936
C15-S,S,6.115069957136806
C15-S,S,4.754105131057737
C15-S,S,9.627648150491275
C15-S,S,7.575791222040949
C15-S,S,5.860604509712605
C15-S,S,9.871836919331
C15-S,S,4.371465247739782
C15-S,S,2.0314234463992653
C15-S,S,6.094270339197796
C15-S,S,2.507040672369551
C15-S,S,3.216900176899038
C15-S,S,4.007781562259003
C15-S,S,5.169931993337067
C15-S,S,8.77916326778437
C15-S,S,2.54474264769613
C15-S,S,5.914521050168941
C15-S,S,1.7994047825605428
C15-S,S,6.161612387268624
C15-S,S,4.371465247739782
C15-S,S,5.520321875953807
C15-S,S,9.060309737976617
C15-S,S,5.2249003288096505
C15-S,S,6.580152664901904
C15-S,S,2.077773671184859
C15-S,S,6.779740410565317
C15-S,S,3.116660506777289
C15-S,S,7.10439903675249
C15-S,S,3.762670720366032
C15-S,S,4.542400917235657
C15-S,S,5.6454119856849525
C15-S,S,7.077539208879951
C15-S,S,7.642539570964428
C15-S,S,4.276022938254716
C15-S,S,4.0550261985540725
C15-S,S,3.408547317463651
C15-S,S,8.187960548945943
C15-S,S,5.445054395542623
C15-S,S,6.08384386391535
C15-S,S,3.5004383795485454
C15-S,S,1.9353957730665816
C15-S,S,5.849761568862286
C15-S,S,3.829567883822151
C15-S,S,4.905275310774456
C15-S,S,2.152807572794862
C15-S,S,4.535407224223704
C15-S,S,10.3766389598595
C15-S,S,2.8948812141238016
C15-S,S,3.616407760849512
C15-S,S,6.840337438925692
C15-S,S,9.774893455224111
C15-S,S,4.007781562259003
C15-S,S,5.491494932832067
C15-S,S,4.924651062215655
C15-S,S,4.031473088198847
C15-S,S,5.673456927211946
C15-S,S,5.386440692775725
C15-S,S,10.46801118666566
C15-S,S,2.6426529037892483
C15-S,S,4.680080571972979
C15-S,S,8.102220379446242
C15-S,S,2.9813145541504222
C15-S,S,4.584139015461902
C15-S,S,3.563352448545597
C15-S,S,3.651349710200832
C15-S,S,5.656646647514839
C15-S,S,3.6339207337885258
C15-S,S,4.261149769927706
C15-S,S,2.8838949080235423
C15-S,S,4.155547342369718
C15-S,S,4.0235914128436026
C15-S,S,7.184376029547711
C15-S,S,3.771097765009893
C15-S,S,4.5979675205253
C15-S,S,4.740732094352511
C15-S,S,7.453286385376056
C15-S,S,7.621743506373281
C15-S,S,2.581894140566543
C15-S,S,1.9517285164096905
C15-S,S,6.1306233607004
C15-S,S,3.463974485409113
C15-S,S,6.005068285211981
C15-S,S,5.718042736096981
C15-S,S,2.015736544099424
C15-S,S,2.594159739964875
C15-S,S,6.779740410565317
C15-S,S,4.686858389531491
C15-S,S,4.193567780719649
C15-S,S,4.34962598416327
C15-S,S,3.25613211672748
C15-S,S,6.690188291128999
C15-S,S,9.826715652484692
C15-S,S,4.436338021664
C15-S,S,5.554716737540344
C15-S,S,2.7944499662047773
C15-S,S,3.0756500290270585
C15-S,S,3.9998532032338936
C15-S,S,4.632358183109277
C15-S,S,4.563317685959601
C15-S,S,3.380492953002611
C15-S,S,7.095457058335576
C15-S,S,2.839524648083372
C15-S,S,4.378720796712142
C15-S,S,5.8876244985628645
C15-S,S,5.491494932832067
C15-S,S,4.0156942680121945
C15-S,S,2.970647920475658
C15-S,S,5.445054395542623
C15-S,S,3.054938345421817
C15-S,S,2.7020457780577374
C15-S,S,2.152807572794862
C15-S,S,2.905825983649
C15-S,S,3.3141093496987777
C15-S,S,4.170797108635421
C15-S,S,1.983990677521528
C15-S,S,4.047190391814686
C15-S,S,9.220066870840023
C15-S,S,6.526871199619697
C15-S,S,2.481587823589891
C15-S,S,2.7486362073164146
C15-S,S,5.076995742098715
C15-S,S,6.433800353798076
C15-S,S,8.570584909487561
C15-S,S,6.3193019167617175
C15-S,S,3.116660506777289
C15-S,S,5.468323964787487
C15-S,S,3.660033074925209
C15-S,S,7.302699420401663
C15-S,S,4.078443291385604
C15-S,S,3.6339207337885258
C15-S,S,5.849761568862286
C15-S,S,4.371465247739782
C15-S,S,2.1081077380899123
C15-S,S,9.574748584472264
C15-S,S,5.212735235868942
C15-S,S,3.085953743077969
C15-S,S,3.935851422566431
C15-S,S,6.284040490930088
C15-S,S,3.79626666125431
C15-S,S,3.275571884161564
C15-S,S,3.518528620850199
C15-S,S,3.77950602018642
C15-S,S,3.509495156340756
C15-S,S,2.6426529037892483
C15-S,S,7.654990091688264
C15-S,S,5.157637250622092
C15-S,S,2.678446672979338
C15-S,S,8.129599430516455
C15-S,S,10.437642653900816
C15-S,S,5.101944274366352
C15-S,S,4.356917902080675
C15-S,S,7.915937538855608
C15-S,S,2.970647920475658
C15-S,S,3.911580781529363
C15-S,S,4.800617399948569
C15-S,S,3.527538952173992
C15-S,S,2.152807572794862
C15-S,S,4.464867820654131
C15-S,S,5.491494932832067
C15-S,S,6.394207360230822
C15-S,S,3.895316341929664
C15-S,S,4.88582272134439
C15-S,S,4.577209096132407
C15-S,S,5.40996237974363
C15-S,S,2.7486362073164146
C15-S,S,8.326358416027695
C15-S,S,2.839524648083372
C15-S,S,4.591058474517919
C15-S,S,10.440683482123784
C15-S,S,3.482254161070224
C15-S,S,7.307044972360412
C15-S,S,6.709140703861462
C15-S,S,1.983990677521528
C15-S,S,5.249145936192507
C15-S,S,5.673456927211946
C15-S,S,4.34962598416327
C15-S,S,6.803110836335556
C15-S,S,7.59253332250862
C15-S,S,4.2237377220823085
C15-S,S,2.4943467139819178
C15-S,S,9.161350732593666
C15-S,S,2.6426529037892483
C15-S,S,1.8169603668942629
C15-S,S,5.983886320495039
C15-S,S,9.1405373378931
C15-S,S,4.062846892798531
C15-S,S,5.866018464224818
C15-S,S,3.3141093496987777
C15-S,S,7.725164021625219
C15-S,S,7.232815521699024
C15-S,S,4.193567780719649
C15-S,S,3.0962231682777173
C15-S,S,5.095718592639985
C15-S,S,3.5988095651210856
C15-S,S,3.87898370671736
C15-S,S,4.407623557997045
C15-S,S,2.416783215221364
C15-S,S,2.046990137236486
C15-S,S,5.577528811916794
C15-S,S,2.167502675625957
C15-S,S,6.278986979464608
C15-S,S,8.195710631654874
C15-S,S,8.066882201126342
C15-S,S,4.364197636316881
C15-S,S,3.9439084451697126
C15-S,S,3.3616599766446864
C15-S,S,3.3045171172802354
C15-S,S,4.591058474517919
C15-S,S,5.194434177962148
C15-S,S,4.879321291024226
C15-S,S,5.230972266162188
C15-S,S,6.756289145517565
C15-S,S,4.163179208013847
C15-S,S,3.589978117293229
C15-S,S,3.9839491513691385
C15-S,S,3.5004383795485454
C15-S,S,5.014081344739102
C15-S,S,2.557186451232348
C15-S,S,4.767440655516864
C15-S,S,6.969064755942961
C15-S,S,4.290844552673292
C15-S,S,2.569569993156261
C15-S,S,4.400415665098895
C15-S,S,3.013087897967378
C15-S,S,3.737275577183397
C15-S,S,3.589978117293229
C15-S,S,3.427122644743577
C15-S,S,3.399221589132705
C15-S,S,3.4455978332997264
C15-S,S,4.147901434618866
C15-S,S,4.208679785659095
C15-S,S,4.2237377220823085
C15-S,S,5.445054395542623
C15-S,S,4.08621916744697
C15-S,S,3.371089616420414
C15-S,S,7.171108472464449
C15-S,S,3.829567883822151
C15-S,S,5.893013629666946
C15-S,S,8.793614575125831
C15-S,S,4.320335240309157
C15-S,S,5.919885696215282
C15-S,S,2.4558711935816286
C15-S,S,5.514568542576236
C15-S,S,6.492737160311173
C15-S,S,4.276022938254716
C15-S,S,2.8948812141238016
C15-S,S,3.837848040264863
C15-S,S,4.298236193901963
C15-S,S,5.0456366048769885
C15-S,S,3.333211002694912
C15-S,S,5.531810591556775
C15-S,S,1.8169603668942629
C15-S,S,3.754224759725641
C15-S,S,7.879763986871585
C15-S,S,6.656891733175485
C15-S,S,7.887816890339425
C15-S,S,2.970647920475658
C15-S,S,8.514846718543687
C15-S,S,2.0314234463992653
C15-S,S,6.713870447631042
C15-S,S,2.092995659821536
C15-S,S,8.854769514393512
C15-S,S,4.298236193901963
C15-S,S,6.812436558103996
C15-S,S,7.654990091688264
C15-S,S,5.634154921671018
C15-S,S,3.2365755907839726
C15-S,S,4.246224505961664
C15-S,S,3.694562453525125
C15-S,S,5.662255619291985
C15-S,S,2.666568802155929
C15-S,S,2.481587823589891
C15-S,S,5.001403495513547
C15-S,S,6.517136859825754
C15-S,S,5.249145936192507
C15-S,S,5.656646647514839
C15-S,S,2.9167296841861186
C15-S,S,6.526871199619697
C15-S,S,5.871427426613504
C15-S,S,5.076995742098715
C15-S,S,6.30924733295999
C15-S,S,3.6251748228320464
C15-S,S,3.694562453525125
C15-S,S,3.29489695969924
C15-S,S,4.378720796712142
C15-S,S,5.8280151680556775
C15-S,S,8.926180102389168
C15-S,S,5.983886320495039
C15-S,S,6.089059333251996
C15-S,S,5.634154921671018
C15-S,S,4.342321821185702
C15-S,S,2.6426529037892483
C15-S,S,3.87898370671736
C15-S,S,3.4455978332997264
C15-S,S,3.1470676707998515
C15-S,S,1.763769476086996
C15-S,S,6.073399489064991
C15-S,S,4.807225272862896
C15-S,S,2.4943467139819178
C15-S,S,4.170797108635421
C15-S,S,4.747423321527871
C15-S,S,2.416783215221364
C15-S,S,1.967925711283216
C15-S,S,5.014081344739102
C15-S,S,5.855185549229071
C15-S,S,5.63978626232879
C15-S,S,3.589978117293229
C15-S,S,6.3193019167617175
C15-S,S,3.0025341426059904
C15-S,S,4.652870570594867
C15-S,S,4.700384704494652
C15-S,S,5.095718592639985
C15-S,S,5.427536748869573
C15-S,S,7.206434343748207
C15-S,S,4.132567180892246
C15-S,S,6.156458381860416
C15-S,S,7.041566730943534
C15-S,S,7.73337791445228
C15-S,S,3.951949041579833
C15-S,S,4.507323937336815
C15-S,S,7.704590978384176
C15-S,S,5.600247964261322
C15-S,S,2.429882407183215
C15-S,S,3.2463685801555866
C15-S,S,5.946636332673134
C15-S,S,2.1081077380899123
C15-S,S,2.630613420201259
C15-S,S,8.207322033885905
C15-S,S,7.232815521699024
C15-S,S,4.276022938254716
C15-S,S,3.187159321095311
C15-S,S,5.560428530039174
C15-S,S,4.0550261985540725
C15-S,S,6.2078058797941775
C15-S,S,8.904817055959748
C15-S,S,3.2463685801555866
C15-S,S,2.29552923725896
C15-S,S,2.7830672306394435
C15-S,S,7.57998021391319
C15-S,S,6.364350975979666
C15-S,S,6.881976671613579
C15-S,S,5.157637250622092
C15-S,S,2.0624393385761013
C15-S,S,4.101726696299568
C15-S,S,5.503043830830882
C15-S,S,3.399221589132705
C15-S,S,6.784420936086966
C15-S,S,4.604866200354616
C15-S,S,5.48571136626395
C15-S,S,11.419418834036568
C15-S,S,6.522005845831655
C15-S,S,4.48614610395171
C15-S,S,7.337391774441175
C15-S,S,2.350192352247326
C15-S,S,4.193567780719649
C15-S,S,6.01563129827488
C15-S,S,4.208679785659095
C15-S,S,3.854354989734393
C15-S,S,3.6859604338129857
C15-S,S,3.607619393640327
C15-S,S,3.3522038117053645
C15-S,S,5.08948529539226
C15-S,S,4.535407224223704
C15-S,S,5.537546011025326
C15-S,S,5.941295840951316
C15-S,S,4.666495403772876
C15-S,S,8.625962945734093
C15-S,S,3.5004383795485454
C15-S,S,3.3045171172802354
C15-S,S,2.2816588429798004
C15-S,S,3.694562453525125
C15-S,S,3.265866464653287
C15-S,S,8.552045876509432
C15-S,S,4.813824075245639
C15-S,S,6.978168698107828
C15-S,S,6.156458381860416
C15-S,S,4.727321227047977
C15-S,S,2.0624393385761013
C15-S,S,4.335005351251914
C15-S,S,4.400415665098895
C15-S,S,5.806187319199745
C15-S,S,8.644343454421017
C15-S,S,3.6251748228320464
C15-S,S,2.267703612111852
C15-S,S,3.054938345421817
C15-S,S,5.176068413293333
C15-S,S,4.093980274472972
C15-S,S,3.399221589132705
C15-S,S,3.265866464653287
C15-S,S,5.333137604311858
C15-S,S,7.947953594854817
C15-S,S,2.817077460835509
C15-S,S,4.117175815757948
C15-S,S,3.951949041579833
C15-S,S,5.212735235868942
C15-S,S,6.492737160311173
C15-S,S,3.919687693400157
C15-S,S,3.821269785482214
C15-S,S,1.918924020132432
C15-S,S,2.5322376941434093
C15-S,S,3.518528620850199
C15-S,S,3.821269785482214
C15-S,S,2.0314234463992653
C15-S,S,1.8343479436102936
C15-S,S,3.9759732691923495
C15-S,S,3.013087897967378
C15-S,S,7.879763986871585
C15-S,S,4.918200959824537
C15-S,S,2.771637748136708
C15-S,S,6.886587711776878
C15-S,S,7.376225639302396
C15-S,S,4.9503674306088525
C15-S,S,11.304872532199342
C15-S,S,7.716941385956432
C15-S,S,5.662255619291985
C15-S,S,5.479921695662696
C15-S,S,5.957302953501169
C15-S,S,1.9517285164096905
C15-S,S,2.737062950830321
C15-S,S,3.821269785482214
C15-S,S,3.0445296666259978
C15-S,S,6.273929397508653
C15-S,S,6.253658167142827
C15-S,S,3.7031444916935614
C15-S,S,9.091787457829122
C15-S,S,3.0445296666259978
C15-S,S,3.7031444916935614
C15-S,S,3.2365755907839726
C15-S,S,4.514361137464771
C15-S,S,4.632358183109277
C15-S,S,2.99194316024752
C15-S,S,6.666422005389823
C15-S,S,6.90040234494226
C15-S,S,5.531810591556775
C15-S,S,4.08621916744697
C15-S,S,5.076995742098715
C15-S,S,5.634154921671018
C15-S,S,5.751255267505358
C15-S,S,3.491358109053505
C15-S,S,3.5004383795485454
C15-S,S,3.013087897967378
C15-S,S,3.728772094999736
C15-S,S,1.9353957730665816
C15-S,S,5.756772060397294
C15-S,S,4.754105131057737
C15-S,S,1.9517285164096905
C15-S,S,4.48614610395171
C15-S,S,5.151478875589207
C15-S,S,6.58497505665575
C15-S,S,3.6859604338129857
C15-S,S,2.336646462175876
C15-S,S,6.468245420210314
C15-S,S,2.9167296841861186
C15-S,S,5.462515865469533
C15-S,S,2.7830672306394435
C15-S,S,4.563317685959601
C15-S,S,8.015563124518007
C15-S,S,4.132567180892246
C15-S,S,2.82832332375742
C15-S,S,2.196597973132827
C15-S,S,2.3636606135239884
C15-S,S,4.0156942680121945
C15-S,S,4.542400917235657
C15-S,S,9.185573420812332
C15-S,S,10.80818311223095
C15-S,S,3.616407760849512
C15-S,S,2.3636606135239884
C15-S,S,5.838898492508035
C15-S,S,3.6859604338129857
C15-S,S,3.491358109053505
C15-S,S,3.563352448545597
C15-S,S,3.29489695969924
C15-S,S,2.9167296841861186
C15-S,S,6.909596755875858
C15-S,S,3.87898370671736
C15-S,S,9.213178512111671
C15-S,S,6.807775294090504
C15-S,S,9.366941413682552
C15-S,S,5.315251122612825
C15-S,S,2.1820988181584404
C15-S,S,6.844976528939401
C15-S,S,4.364197636316881
C15-S,S,2.959942848107641
C15-S,S,2.507040672369551
C15-S,S,7.197619130242171
C15-S,S,6.010352112266097
C15-S,S,4.364197636316881
C15-S,S,1.983990677521528
C15-S,S,8.793614575125831
C15-S,S,8.34920169191833
C15-S,S,5.503043830830882
C15-S,S,5.497272414632829
C15-S,S,5.237037163580257
C15-S,S,4.253693684128203
C15-S,S,9.288669504833152
C15-S,S,5.822565877319402
C15-S,S,5.8171114818577685
C15-S,S,7.512676060466802
C15-S,S,7.525341440732064
C15-S,S,1.918924020132432
C15-S,S,5.303293287167072
C15-S,S,6.482951567469869
C15-S,S,7.095457058335576
C15-S,S,4.342321821185702
C15-S,S,5.63978626232879
C15-S,S,5.474125901660642
C15-S,S,3.491358109053505
C15-S,S,4.364197636316881
C15-S,S,3.854354989734393
C15-S,S,2.8617957708052053
C15-S,S,1.8343479436102936
C15-S,S,5.076995742098715
C15-S,S,1.983990677521528
C15-S,S,4.231246595071459
C15-S,S,3.6251748228320464
C15-S,S,11.543832104568835
C15-S,S,3.64264564606838
C15-S,S,2.196597973132827
C15-S,S,4.975950895204253
C15-S,S,6.3193019167617175
C15-S,S,4.931092727575152
C15-S,S,3.6251748228320464
C15-S,S,4.312981472867047
C15-S,S,3.911580781529363
C15-S,S,3.085953743077969
C15-S,S,5.427536748869573
C15-S,S,6.680691922550688
C15-S,S,8.078678769262789
C15-S,S,3.6339207337885258
C15-S,S,4.807225272862896
C15-S,S,2.390369490821483
C15-S,S,5.0456366048769885
C15-S,S,6.507387958541733
C15-S,S,5.026727219412869
C15-S,S,3.5454909202859826
C15-S,S,6.886587711776878
C15-S,S,4.464867820654131
C15-S,S,2.82832332375742
C15-S,S,8.529745849305554
C15-S,S,5.8171114818577685
C15-S,S,2.9167296841861186
C15-S,S,7.8272181677197565
C15-S,S,4.7206015061997775
C15-S,S,3.0025341426059904
C15-S,S,11.296445492241656
C15-S,S,5.415826839329719
C15-S,S,7.371920867625971
C15-S,S,11.040643751907616
C15-S,S,4.283440156211276
C15-S,S,1.7273991889689646
C15-S,S,3.829567883822151
C15-S,S,3.518528620850199
C15-S,S,4.312981472867047
C15-S,S,5.882230430093234
C15-S,S,3.3616599766446864
C15-S,S,2.99194316024752
C15-S,S,2.872866588820535
C15-S,S,2.0314234463992653
C15-S,S,7.5841668920639025
C15-S,S,5.957302953501169
C15-S,S,6.713870447631042
C15-S,S,3.563352448545597
C15-S,S,4.542400917235657
C15-S,S,3.167176934009081
C15-S,S,5.3746412466382045
C15-S,S,2.046990137236486
C15-S,S,5.583217267053535
C15-S,S,2.569569993156261
C15-S,S,4.283440156211276
C15-S,S,5.368731798730674
C15-S,S,3.0962231682777173
C15-S,S,5.194434177962148
C15-S,S,5.380544204207179
C15-S,S,6.177048601154963
C15-S,S,2.481587823589891
C15-S,S,4.246224505961664
C15-S,S,3.1470676707998515
C15-S,S,2.569569993156261
C15-S,S,2.630613420201259
C15-S,S,3.408547317463651
C15-S,S,1.763769476086996
C15-S,S,2.666568802155929
C15-S,S,3.6251748228320464
C15-S,S,3.5004383795485454
C15-S,S,2.468762994462375
C15-S,S,3.3045171172802354
C15-S,S,4.747423321527871
C15-S,S,5.5888999324095545
C15-S,S,2.196597973132827
C15-S,S,3.47312634940454
C15-S,S,1.9999266016169468
C15-S,S,3.275571884161564
C15-S,S,2.2110020486046644
C15-S,S,3.967981355043056
C15-S,S,4.078443291385604
C15-S,S,2.092995659821536
C15-S,S,5.554716737540344
C15-S,S,8.481227977718154
C15-S,S,4.956775675920353
C15-S,S,5.526069219390664
C15-S,S,3.333211002694912
C15-S,S,4.335005351251914
C15-S,S,3.509495156340756
C15-S,S,6.453505760901074
C15-S,S,8.17243833489394
C15-S,S,4.556356098861118
C15-S,S,4.312981472867047
C15-S,S,6.690188291128999
C15-S,S,8.919064772360537
C15-S,S,5.25518985982515
C15-S,S,9.524888419578044
C15-S,S,3.837848040264863
C15-S,S,2.839524648083372
C15-S,S,5.139139986312522
C15-S,S,6.438732359393037
C15-S,S,2.817077460835509
C15-S,S,8.79722369269011
C15-S,S,3.5454909202859826
C15-S,S,6.637790139328675
C15-S,S,7.491519510266065
C15-S,S,3.870791546133164
C15-S,S,1.8686377885916985
C15-S,S,6.273929397508653
C15-S,S,4.632358183109277
C15-S,S,7.571599912606972
C15-S,S,4.956775675920353
C15-S,S,4.342321821185702
C15-S,S,5.9626291083008445
C15-S,S,4.93752598892475
C15-S,S,2.7137683744347867
C15-S,S,6.881976671613579
C15-S,S,2.850681958836478
C15-S,S,2.54474264769613
C15-S,S,3.427122644743577
C15-S,S,9.611148312914755
C15-S,S,6.399169881241846
C15-S,S,3.959973311855338
C15-S,S,2.850681958836478
C15-S,S,2.970647920475658
C15-S,S,7.56321032563979
C15-S,S,3.5004383795485454
C15-S,S,3.275571884161564
C15-S,S,7.1578163229970535
C15-S,S,4.163179208013847
C15-S,S,3.6251748228320464
C15-S,S,6.99634104319558
C15-S,S,3.509495156340756
C15-S,S,2.905825983649
C15-S,S,5.05820358973422
C15-S,S,3.9439084451697126
C15-S,S,5.25518985982515
C15-S,S,2.927592774614536
C15-S,S,5.169931993337067
C15-S,S,2.872866588820535
C15-S,S,3.771097765009893
C15-S,S,3.371089616420414
C15-S,S,4.975950895204253
C15-S,S,7.671559353697044
C15-S,S,10.40718550506821
C15-S,S,4.646043170628641
C15-S,S,5.001403495513547
C15-S,S,7.883791466810949
C15-S,S,3.2365755907839726
C15-S,S,1.9353957730665816
C15-S,S,3.821269785482214
C15-S,S,5.503043830830882
C15-S,S,4.290844552673292
C15-S,S,2.666568802155929
C15-S,S,2.123112252980832
C15-S,S,4.807225272862896
C15-S,S,3.0756500290270585
C15-S,S,4.570268668946549
C15-S,S,4.246224505961664
C15-S,S,1.918924020132432
C15-S,S,7.333064205928805
C15-S,S,8.383349898614332
C15-S,S,6.036701875215923
C15-S,S,6.057699162527515
C15-S,S,4.062846892798531
C15-S,S,5.811651967297999
C15-S,S,5.333137604311858
C15-S,S,2.29552923725896
C15-S,S,2.2253128908755286
C15-S,S,3.427122644743577
C15-S,S,4.0550261985540725
C15-S,S,4.493216472568831
C15-S,S,2.390369490821483
C15-S,S,3.3616599766446864
C15-S,S,5.380544204207179
C15-S,S,2.5322376941434093
C15-S,S,4.170797108635421
C15-S,S,3.7031444916935614
C15-S,S,3.7878956110204745
C15-S,S,6.010352112266097
C15-S,S,2.377052565528869
C15-S,S,3.554432904021839
C15-S,S,3.399221589132705
C15-S,S,2.2110020486046644
C15-S,S,6.613835567728841
C15-S,S,2.970647920475658
C15-S,S,4.132567180892246
C15-S,S,2.80578652377273
C15-S,S,1.708923800140854
C15-S,S,2.1081077380899123
C15-S,S,4.07065256165218
C15-S,S,7.108865808043678
C15-S,S,2.8948812141238016
C15-S,S,4.101726696299568
C15-S,S,7.2591008252473666
C15-S,S,6.177048601154963
C15-S,S,5.8171114818577685
C15-S,S,2.4943467139819178
C15-S,S,7.806914065638762
C15-S,S,4.132567180892246
C15-S,S,5.882230430093234
C15-S,S,4.625500506243265
C15-S,S,3.9919090976696414
C15-S,S,2.666568802155929
C15-S,S,7.466052514717561
C15-S,S,6.409083395909149
C15-S,S,6.068170560425284
C15-S,S,2.630613420201259
C15-S,S,2.771637748136708
C15-S,S,4.659687967028543
C15-S,S,2.7944499662047773
C15-S,S,7.376225639302396
C15-S,S,4.767440655516864
C15-S,S,3.87898370671736
C15-S,S,7.5548114220765825
C15-S,S,5.350964297826473
C15-S,S,1.9353957730665816
C15-S,S,5.350964297826473
C15-S,S,4.07065256165218
C15-S,S,4.407623557997045
C15-S,S,5.634154921671018
C15-S,S,8.230495695162334
C15-S,S,7.567406281760424
C15-S,S,11.02049920071669
C15-S,S,4.007781562259003
C15-S,S,1.9517285164096905
C15-S,S,2.99194316024752
C15-S,S,4.298236193901963
C15-S,S,3.6859604338129857
C15-S,S,2.630613420201259
C15-S,S,2.2816588429798004
C15-S,S,4.290844552673292
C15-S,S,3.8461103706898
C15-S,S,3.085953743077969
C15-S,S,4.276022938254716
C15-S,S,4.08621916744697
C15-S,S,6.551143768323128
C15-S,S,6.473151181567945
C15-S,S,5.415826839329719
C15-S,S,6.120258816752761
C15-S,S,5.327182116575558
C15-S,S,3.226752880450537
C15-S,S,5.345028672818396
C15-S,S,5.800717523054638
C15-S,S,8.596472387803926
C15-S,S,6.969064755942961
C15-S,S,4.846683324112317
C15-S,S,1.9999266016169468
C15-S,S,5.433382239792492
C15-S,S,4.905275310774456
C15-S,S,4.48614610395171
C15-S,S,6.399169881241846
C15-S,S,2.54474264769613
C15-S,S,3.0962231682777173
C15-S,S,6.294135341599703
C15-S,S,5.333137604311858
C15-S,S,2.51967068012428
C15-S,S,3.660033074925209
C15-S,S,1.8169603668942629
C15-S,S,3.959973311855338
C15-S,S,3.509495156340756
C15-S,S,5.380544204207179
C15-S,S,4.611754560525867
C15-S,S,2.1820988181584404
C15-S,S,3.821269785482214
C15-S,S,3.919687693400157
C15-S,S,7.077539208879951
C15-S,S,7.770232982221532
C15-S,S,6.868124976916566
C15-S,S,3.821269785482214
C15-S,S,3.677338292334829
C15-S,S,6.849612477001458
C15-S,S,4.963175647179782
C15-S,S,5.520321875953807
C15-S,S,9.846078657768498
C15-S,S,6.609034234560471
C15-S,S,9.884690879097722
C15-S,S,5.723591541610411
C15-S,S,5.230972266162188
C15-S,S,3.408547317463651
C15-S,S,2.630613420201259
C15-S,S,2.196597973132827
C15-S,S,2.6426529037892483
C15-S,S,2.167502675625957
C15-S,S,8.670010702503829
C15-S,S,5.577528811916794
C15-S,S,5.718042736096981
C15-S,S,3.754224759725641
C15-S,S,5.1267714004225615
C15-S,S,3.47312634940454
C15-S,S,3.3522038117053645
C15-S,S,3.509495156340756
C15-S,S,4.283440156211276
C15-S,S,2.4943467139819178
C15-S,S,3.2070172036910374
C15-S,S,5.421684955525073
C15-S,S,7.162249780419965
C15-S,S,6.713870447631042
C15-S,S,5.076995742098715
C15-S,S,3.0756500290270585
C15-S,S,3.5454909202859826
C15-S,S,4.93752598892475
C15-S,S,4.767440655516864
C15-S,S,4.298236193901963
C15-S,S,6.01563129827488
C15-S,S,4.42917685796118
C15-S,S,5.3628158390288885
C15-S,S,4.693626419612503
C15-S,S,4.1094585159725545
C15-S,S,4.563317685959601
C15-S,S,5.261226840402518
C15-S,S,9.464709511912233
C15-S,S,3.265866464653287
C15-S,S,3.187159321095311
C15-S,S,7.638384887552759
C15-S,S,5.445054395542623
C15-S,S,5.237037163580257
C15-S,S,4.563317685959601
C15-S,S,2.152807572794862
C15-S,S,3.9839491513691385
C15-S,S,5.566134461278887
C15-S,S,6.146137404976707
C15-S,S,4.47906457451088
C15-S,S,1.902309646634436
C15-S,S,2.1081077380899123
C15-S,S,3.762670720366032
C15-S,S,3.607619393640327
C15-S,S,3.919687693400157
C15-S,S,5.531810591556775
C15-S,S,6.58497505665575
C15-S,S,2.468762994462375
C15-S,S,1.9999266016169468
C15-S,S,3.903457032819381
C15-S,S,2.5322376941434093
C15-S,S,4.767440655516864
C15-S,S,3.2365755907839726
C15-S,S,7.521122017108654
C15-S,S,8.364395884090078
C15-S,S,7.032544860831337
C15-S,S,7.263472461190293
C15-S,S,7.117790941261063
C15-S,S,5.751255267505358
C15-S,S,2.99194316024752
C15-S,S,3.7457597551330326
C15-S,S,4.231246595071459
C15-S,S,3.167176934009081
C15-S,S,3.0025341426059904
C15-S,S,7.679830579122314
C15-S,S,5.784277100224782
C15-S,S,6.551143768323128
C15-S,S,2.581894140566543
C15-S,S,3.4455978332997264
C15-S,S,2.23953228725544
C15-S,S,2.29552923725896
C15-S,S,3.0653116803502
C15-S,S,6.541445548692841
C15-S,S,3.720249176209294
C15-S,S,4.734031409598079
C15-S,S,9.604540441172531
C15-S,S,2.850681958836478
C15-S,S,3.821269785482214
C15-S,S,3.804619293268873
C15-S,S,3.7878956110204745
C15-S,S,6.502508026877871
C15-S,S,3.903457032819381
C15-S,S,5.333137604311858
C15-S,S,4.464867820654131
C15-S,S,3.927777872685193
C15-S,S,4.327676511942633
C15-S,S,4.500275732966444
C15-S,S,8.027435108004374
C15-S,S,3.589978117293229
C15-S,S,6.551143768323128
C15-S,S,6.30924733295999
C15-S,S,3.1369646987543267
C15-S,S,2.654637785700438
C15-S,S,3.226752880450537
C15-S,S,2.350192352247326
C15-S,S,5.1267714004225615
C15-S,S,4.563317685959601
C15-S,S,2.046990137236486
C15-S,S,4.535407224223704
C15-S,S,5.849761568862286
C15-S,S,6.329340528199906
C15-S,S,6.243497870965171
C15-S,S,3.728772094999736
C15-S,S,6.404128556826101
C15-S,S,7.014466309431825
C15-S,S,2.403612636431448
C15-S,S,6.507387958541733
C15-S,S,1.967925711283216
C15-S,S,3.5004383795485454
C15-S,S,7.068563251928038
C15-S,S,12.328375547917664
C15-S,S,5.548999065682753
C15-S,S,4.385964343097444
C15-S,S,4.246224505961664
C15-S,S,6.642570687401961
C15-S,S,1.8686377885916985
C15-S,S,3.1268290835714136
C15-S,S,5.656646647514839
C15-S,S,4.238742166217072
C15-S,S,4.147901434618866
C15-S,S,7.350359192701086
C15-S,S,3.509495156340756
C15-S,S,5.157637250622092
C15-S,S,3.720249176209294
C15-S,S,4.261149769927706
C15-S,S,3.226752880450537
C15-S,S,2.3636606135239884
C15-S,S,3.5988095651210856
C15-S,S,6.258732129979279
C15-S,S,4.521387384732147
C15-S,S,6.248580084155872
C15-S,S,3.6859604338129857
C15-S,S,6.08384386391535
C15-S,S,5.543275496273416
C15-S,S,8.526023507496479
C15-S,S,6.90040234494226
C15-S,S,6.482951567469869
C15-S,S,2.9167296841861186
C15-S,S,6.06293712214215
C15-S,S,2.54474264769613
C15-S,S,8.684643642371404
C15-S,S,3.3141093496987777
C15-S,S,3.380492953002611
C15-S,S,7.315728332491791
C15-S,S,7.600890543885589
C15-S,S,3.28524863163696
C15-S,S,7.521122017108654
C15-S,S,7.289647221549644
C15-S,S,2.737062950830321
C15-S,S,3.29489695969924
C15-S,S,7.525341440732064
C15-S,S,2.7944499662047773
C15-S,S,2.481587823589891
C15-S,S,4.07065256165218
C15-S,S,4.193567780719649
C15-S,S,7.082022921213671
C15-S,S,5.421684955525073
C15-S,S,3.25613211672748
C15-S,S,3.1268290835714136
C15-S,S,6.492737160311173
C15-S,S,2.54474264769613
C15-S,S,5.40996237974363
C15-S,S,4.905275310774456
C15-S,S,8.30727436981236
C15-S,S,5.218821326950407
C15-S,S,6.404128556826101
C15-S,S,6.202690258093208
C15-S,S,11.419418834036568
C15-S,S,3.536526327127732
C15-S,S,6.666422005389823
C15-S,S,3.7031444916935614
C15-S,S,3.6251748228320464
C15-S,S,4.995052504385949
C15-S,S,1.8515722458467807
C15-S,S,5.756772060397294
C15-S,S,5.554716737540344
C15-S,S,2.54474264769613
C15-S,S,1.902309646634436
C15-S,S,6.389240984832801
C15-S,S,6.599421088767312
C15-S,S,4.147901434618866
C15-S,S,8.77916326778437
C15-S,S,7.745682421699629
C15-S,S,2.850681958836478
C15-S,S,6.849612477001458
C15-S,S,3.536526327127732
C15-S,S,6.941681291470363
C15-S,S,4.820413844347526
C15-S,S,2.7254405503413945
C15-S,S,8.883402635248215
C15-S,S,6.551143768323128
C15-S,S,7.790632683859329
C15-S,S,5.63978626232879
C15-S,S,7.397711923204088
C15-S,S,2.481587823589891
C15-S,S,5.531810591556775
C15-S,S,6.243497870965171
C15-S,S,8.640670480618313
C15-S,S,6.784420936086966
C15-S,S,4.680080571972979
C15-S,S,2.771637748136708
C15-S,S,7.499989291953865
C15-S,S,2.7254405503413945
C15-S,S,2.0314234463992653
C15-S,S,5.63978626232879
C15-S,S,4.787374292236132
C15-S,S,4.170797108635421
C15-S,S,3.463974485409113
C15-S,S,8.394701765559349
C15-S,S,4.42917685796118
C15-S,S,3.177183837092519
C15-S,S,4.570268668946549
C15-S,S,3.116660506777289
C15-S,S,4.163179208013847
C15-S,S,3.226752880450537
C15-S,S,5.909151533809971
C15-S,S,3.29489695969924
C15-S,S,4.493216472568831
C15-S,S,4.767440655516864
C15-S,S,5.914521050168941
C15-S,S,5.957302953501169
C15-S,S,7.371920867625971
C15-S,S,7.050577056741977
C15-S,S,4.356917902080675
C15-S,S,3.762670720366032
C15-S,S,10.543549842829355
C15-S,S,9.397392089171673
C15-S,S,3.0653116803502
C15-S,S,9.531551511277558
C15-S,S,5.291308428260988
C15-S,S,4.193567780719649
C15-S,S,3.804619293268873
C15-S,S,6.756289145517565
C15-S,S,6.06293712214215
C15-S,S,2.350192352247326
C15-S,S,3.1571383130861377
C15-S,S,5.25518985982515
C15-S,S,7.453286385376056
C15-S,S,3.1470676707998515
C15-S,S,7.947953594854817
C15-S,S,3.1470676707998515
C15-S,S,7.358991443700075
C15-S,S,2.82832332375742
C15-S,S,4.07065256165218
C15-S,S,3.371089616420414
C15-S,S,4.975950895204253
C15-S,S,2.29552923725896
C15-S,S,5.333137604311858
C15-S,S,3.023604816149136
C15-S,S,2.7944499662047773
C15-S,S,3.7878956110204745
C15-S,S,5.237037163580257
C15-S,S,5.101944274366352
C15-S,S,2.309316323606075
C15-S,S,7.745682421699629
C15-S,S,4.422004097209329
C15-S,S,2.737062950830321
C15-S,S,3.0653116803502
C15-S,S,2.51967068012428
C15-S,S,4.407623557997045
C15-S,S,9.2818320585589
C15-S,S,1.6713604482463675
C15-S,S,4.693626419612503
C15-S,S,4.659687967028543
C15-S,S,4.201130578172108
C15-S,S,5.380544204207179
C15-S,S,4.393195946265654
C15-S,S,5.537546011025326
C15-S,S,4.268592831966727
C15-S,S,3.1470676707998515
C15-S,S,6.877362539903705
C15-S,S,3.197103680115411
C15-S,S,6.746885815775521
C15-S,S,5.594576825627681
C15-S,S,3.177183837092519
C15-S,S,3.4455978332997264
C15-S,S,3.0025341426059904
C15-S,S,6.817094634927302
C15-S,S,4.88582272134439
C15-S,S,5.076995742098715
C15-S,S,4.549383858971028
C15-S,S,5.560428530039174
C15-S,S,3.737275577183397
C15-S,S,4.101726696299568
C15-S,S,3.1268290835714136
C15-S,S,7.371920867625971
C15-S,S,3.0653116803502
C15-S,S,3.427122644743577
C15-S,S,4.956775675920353
C15-S,S,2.54474264769613
C15-S,S,3.668695887220588
C15-S,S,5.151478875589207
C15-S,S,3.380492953002611
C15-S,S,5.882230430093234
C15-S,S,4.283440156211276
C15-S,S,5.634154921671018
C15-S,S,3.5004383795485454
C15-S,S,3.0445296666259978
C15-S,S,2.481587823589891
C15-S,S,4.335005351251914
C15-S,S,3.371089616420414
C15-S,S,2.481587823589891
C15-S,S,3.491358109053505
C15-S,S,2.7137683744347867
C15-S,S,4.414819682883245
C15-S,S,3.380492953002611
C15-S,S,3.737275577183397
C15-S,S,3.9439084451697126
C15-S,S,4.911742387163257
C15-S,S,3.959973311855338
C15-S,S,5.08948529539226
C15-S,S,2.737062950830321
C15-S,S,4.646043170628641
C15-S,S,3.177183837092519
C15-S,S,3.536526327127732
C15-S,S,7.7292720591512065
C15-S,S,4.42917685796118
C15-S,S,4.813824075245639
C15-S,S,5.1267714004225615
C15-S,S,8.17243833489394
C15-S,S,6.502508026877871
C15-S,S,5.651032108515939
C15-S,S,2.8617957708052053
C15-S,S,3.518528620850199
C15-S,S,3.771097765009893
C15-S,S,3.64264564606838
C15-S,S,4.253693684128203
C15-S,S,11.352507600809718
C15-S,S,8.137405096674186
C15-S,S,2.29552923725896
C15-S,S,4.124878677152203
C15-S,S,2.2253128908755286
C15-S,S,3.6251748228320464
C15-S,S,2.654637785700438
C15-S,S,4.611754560525867
C15-S,S,6.969064755942961
C15-S,S,8.25744943742468
C15-S,S,10.654364233151115
C15-S,S,4.0235914128436026
C15-S,S,2.2110020486046644
C15-S,S,8.607543187481761
C15-S,S,4.1094585159725545
C15-S,S,6.99634104319558
C15-S,S,3.1571383130861377
C15-S,S,2.2816588429798004
C15-S,S,5.285305807578497
C15-S,S,2.51967068012428
C15-S,S,5.811651967297999
C15-S,S,5.026727219412869
C15-S,S,2.6426529037892483
C15-S,S,5.392330733565313
C15-S,S,6.536591042978795
C15-S,S,6.334353868018162
C15-S,S,7.911926422540884
C15-S,S,4.147901434618866
C15-S,S,5.356893345958676
C15-S,S,2.7830672306394435
C15-S,S,3.589978117293229
C15-S,S,6.399169881241846
C15-S,S,3.804619293268873
C15-S,S,7.979841199727464
C15-S,S,8.156886582771207
C15-S,S,3.536526327127732
C15-S,S,5.339086448999304
C15-S,S,2.927592774614536
C15-S,S,4.754105131057737
C15-S,S,7.794706217567151
C15-S,S,4.443487644387506
C15-S,S,1.9999266016169468
C15-S,S,2.416783215221364
C15-S,S,3.408547317463651
C15-S,S,4.124878677152203
C15-S,S,2.442911360672195
C15-S,S,5.05820358973422
C15-S,S,4.820413844347526
C15-S,S,5.327182116575558
C15-S,S,7.757967413434719
C15-S,S,9.437840161709651
C15-S,S,3.3522038117053645
C15-S,S,2.336646462175876
C15-S,S,2.138011469127358
C15-S,S,1.967925711283216
C15-S,S,6.146137404976707
C15-S,S,4.93752598892475
C15-S,S,4.9695673763539245
C15-S,S,1.983990677521528
C15-S,S,4.261149769927706
C15-S,S,3.3616599766446864
C15-S,S,8.499921471804495
C15-S,S,3.589978117293229
C15-S,S,5.600247964261322
C15-S,S,4.163179208013847
C15-S,S,6.384270746052712
C15-S,S,3.275571884161564
C15-S,S,5.497272414632829
C15-S,S,3.47312634940454
C15-S,S,2.123112252980832
C15-S,S,2.403612636431448
C15-S,S,5.176068413293333
C15-S,S,6.238411517476531
C15-S,S,9.69009130883455
C15-S,S,3.837848040264863
C15-S,S,4.201130578172108
C15-S,S,2.80578652377273
C15-S,S,3.927777872685193
C15-S,S,7.086503796651674
C15-S,S,6.389240984832801
C15-S,S,2.2536619686684074
C15-S,S,4.268592831966727
C15-S,S,2.196597973132827
C15-S,S,3.527538952173992
C15-S,S,3.9998532032338936
C15-S,S,7.117790941261063
C15-S,S,5.8171114818577685
C15-S,S,2.581894140566543
C15-S,S,5.903777133849647
C15-S,S,3.660033074925209
C15-S,S,1.885548882504947
C15-S,S,1.902309646634436
C15-S,S,3.607619393640327
C15-S,S,5.537546011025326
C15-S,S,1.9517285164096905
C15-S,S,4.760777562595452
C15-S,S,2.015736544099424
C15-S,S,5.0707394295039165
C15-S,S,6.473151181567945
C15-S,S,3.563352448545597
C15-S,S,2.594159739964875
C15-S,S,5.789762428247603
C15-S,S,7.630068733875785
C15-S,S,6.364350975979666
C15-S,S,9.38048725071424
C15-S,S,2.046990137236486
C15-S,S,9.38048725071424
C15-S,S,2.468762994462375
C15-S,S,2.8617957708052053
C15-S,S,2.092995659821536
C15-S,S,2.569569993156261
C15-S,S,3.935851422566431
C15-S,S,4.611754560525867
C15-S,S,7.999706406467787
C15-S,S,2.5322376941434093
C15-S,S,5.903777133849647
C15-S,S,6.694931424153823
C15-S,S,1.7456790545267524
C15-S,S,4.335005351251914
C15-S,S,3.4455978332997264
C15-S,S,6.228226349022512
C15-S,S,3.2070172036910374
C15-S,S,2.927592774614536
C15-S,S,5.531810591556775
C15-S,S,9.060309737976617
C15-S,S,7.117790941261063
C15-S,S,3.728772094999736
C15-S,S,5.151478875589207
C15-S,S,3.6251748228320464
C15-S,S,1.8169603668942629
C15-S,S,4.342321821185702
C15-S,S,4.5979675205253
C15-S,S,3.29489695969924
C15-S,S,5.594576825627681
C15-S,S,2.2536619686684074
C15-S,S,4.740732094352511
C15-S,S,3.4455978332997264
C15-S,S,3.77950602018642
C15-S,S,6.068170560425284
C15-S,S,7.891840260603777
C15-S,S,5.520321875953807
C15-S,S,4.443487644387506
C15-S,S,3.1268290835714136
C15-S,S,5.18831947992975
C15-S,S,3.77950602018642
C15-S,S,8.662684963382045
C15-S,S,4.201130578172108
C15-S,S,2.1081077380899123
C15-S,S,3.967981355043056
C15-S,S,4.556356098861118
C15-S,S,7.546403170810133
C15-S,S,1.6902464765013054
C15-S,S,5.978579103202103
C15-S,S,4.0235914128436026
C15-S,S,3.333211002694912
C15-S,S,9.765146176627098
C15-S,S,4.007781562259003
C15-S,S,5.651032108515939
C15-S,S,5.297304247100458
C15-S,S,5.474125901660642
C15-S,S,5.218821326950407
C15-S,S,3.64264564606838
C15-S,S,2.7830672306394435
C15-S,S,4.686858389531491
C15-S,S,8.15299400961574
C15-S,S,3.3236738987336945
C15-S,S,6.078623919699069
C15-S,S,3.77950602018642
C15-S,S,5.9626291083008445
C15-S,S,3.0756500290270585
C15-S,S,5.622875320924713
C15-S,S,4.436338021664
C15-S,S,2.959942848107641
C15-S,S,6.379296634860435
C15-S,S,2.2536619686684074
C15-S,S,3.694562453525125
C15-S,S,2.569569993156261
C15-S,S,7.215238787280654
C15-S,S,8.207322033885905
C15-S,S,7.525341440732064
C15-S,S,7.59253332250862
C15-S,S,3.660033074925209
C15-S,S,6.728039729197636
C15-S,S,6.109876690843634
C15-S,S,5.25518985982515
C15-S,S,3.167176934009081
C15-S,S,6.125443280890184
C15-S,S,4.535407224223704
C15-S,S,2.51967068012428
C15-S,S,3.771097765009893
C15-S,S,6.79844317826541
C15-S,S,3.829567883822151
C15-S,S,3.0756500290270585
C15-S,S,6.482951567469869
C15-S,S,4.493216472568831
C15-S,S,4.185991319643072
C15-S,S,4.261149769927706
C15-S,S,4.632358183109277
C15-S,S,3.3898702052826586
C15-S,S,4.507323937336815
C15-S,S,8.031388536024389
C15-S,S,3.9759732691923495
C15-S,S,4.047190391814686
C15-S,S,2.9813145541504222
C15-S,S,3.554432904021839
C15-S,S,2.6426529037892483
C15-S,S,2.0624393385761013
C15-S,S,2.6902721021035894
C15-S,S,2.6426529037892483
C15-S,S,2.403612636431448
C15-S,S,2.23953228725544
C15-S,S,4.290844552673292
C15-S,S,3.563352448545597
C15-S,S,3.660033074925209
C15-S,S,3.177183837092519
C15-S,S,2.0624393385761013
C15-S,S,3.3522038117053645
C15-S,S,5.474125901660642
C15-S,S,3.427122644743577
C15-S,S,1.7273991889689646
C15-S,S,1.5532293223428475
C15-S,S,4.178401120615919
C15-S,S,3.177183837092519
C15-S,S,2.468762994462375
C15-S,S,3.5988095651210856
C15-S,S,9.784631023757182
C15-S,S,2.196597973132827
C15-S,S,3.79626666125431
C15-S,S,4.047190391814686
C15-S,S,4.124878677152203
C15-S,S,4.185991319643072
C15-S,S,3.6859604338129857
C15-S,S,4.807225272862896
C15-S,S,4.88582272134439
C15-S,S,2.9167296841861186
C15-S,S,2.9813145541504222
C15-S,S,5.261226840402518
C15-S,S,3.935851422566431
C15-S,S,5.3628158390288885
C15-S,S,3.2070172036910374
C15-S,S,4.0550261985540725
C15-S,S,3.9998532032338936
C15-S,S,6.156458381860416
C15-S,S,2.3230215853143203
C15-S,S,1.7273991889689646
C15-S,S,4.846683324112317
C15-S,S,5.583217267053535
C15-S,S,2.8948812141238016
C15-S,S,3.967981355043056
C15-S,S,4.117175815757948
C15-S,S,5.433382239792492
C15-S,S,4.34962598416327
C15-S,S,4.238742166217072
C15-S,S,3.463974485409113
C15-S,S,5.893013629666946
C15-S,S,4.500275732966444
C15-S,S,2.403612636431448
C15-S,S,4.924651062215655
C15-S,S,4.813824075245639
C15-S,S,4.140241406965356
C15-S,S,4.591058474517919
C15-S,S,6.453505760901074
C15-S,S,3.8129536281046623
C15-S,S,1.9353957730665816
C15-S,S,4.713872206262367
C15-S,S,5.3212199634857855
C15-S,S,1.4692078526656815
C15-S,S,5.404091556115475
C15-S,S,3.106458644685695
C15-S,S,3.660033074925209
C15-S,S,4.07065256165218
C15-S,S,3.527538952173992
C15-S,S,5.789762428247603
C15-S,S,2.015736544099424
C15-S,S,4.6732929243517525
C15-S,S,3.9998532032338936
C15-S,S,3.034085280212642
C15-S,S,4.2237377220823085
C15-S,S,1.8515722458467807
C15-S,S,2.8617957708052053
C15-S,S,3.408547317463651
C15-S,S,3.7117066869195305
C15-S,S,4.577209096132407
C15-S,S,5.514568542576236
C15-S,S,1.5735338353999258
C15-S,S,3.482254161070224
C15-S,S,6.187318015728304
C15-S,S,3.903457032819381
C15-S,S,3.9839491513691385
C15-S,S,5.695793458191785
C15-S,S,4.0156942680121945
C15-S,S,3.4455978332997264
C15-S,S,4.535407224223704
C15-S,S,3.427122644743577
C15-S,S,5.778786565432402
C15-S,S,6.228226349022512
C15-S,S,5.871427426613504
C15-S,S,5.667859040375513
C15-S,S,3.417847600281708
C15-S,S,2.9813145541504222
C15-S,S,3.034085280212642
C15-S,S,3.3141093496987777
C15-S,S,3.563352448545597
C15-S,S,6.937106871671134
C15-S,S,5.026727219412869
C15-S,S,2.771637748136708
C15-S,S,3.177183837092519
C15-S,S,3.417847600281708
C15-S,S,4.611754560525867
C15-S,S,2.927592774614536
C15-S,S,5.08948529539226
C15-S,S,4.774094448923046
C15-S,S,4.246224505961664
C15-S,S,2.3230215853143203
C15-S,S,2.6902721021035894
C15-S,S,3.3616599766446864
C15-S,S,4.666495403772876
C15-S,S,2.138011469127358
C15-S,S,1.983990677521528
C15-S,S,3.427122644743577
C15-S,S,3.1369646987543267
C15-S,S,3.034085280212642
C15-S,S,1.6902464765013054
C15-S,S,3.9919090976696414
C15-S,S,2.2253128908755286
C15-S,S,3.967981355043056
C15-S,S,3.9919090976696414
C15-S,S,7.692220741379599
C15-S,S,3.616407760849512
C15-S,S,3.554432904021839
C15-S,S,7.315728332491791
C15-S,S,6.228226349022512
C15-S,S,3.903457032819381
C15-S,S,2.6426529037892483
C15-S,S,1.9353957730665816
C15-S,S,2.2816588429798004
C15-S,S,3.9998532032338936
C15-S,S,3.554432904021839
C15-S,S,6.647347797467389
C15-S,S,2.905825983649
C15-S,S,3.2365755907839726
C15-S,S,4.238742166217072
C15-S,S,4.268592831966727
C15-S,S,4.514361137464771
C15-S,S,2.167502675625957
C15-S,S,8.043237160911788
C15-S,S,2.123112252980832
C15-S,S,4.422004097209329
C15-S,S,2.8838949080235423
C15-S,S,2.5322376941434093
C15-S,S,5.206642030705284
C15-S,S,1.6329332323266434
C15-S,S,5.450881100682789
C15-S,S,3.0962231682777173
C15-S,S,7.1533801178464085
C15-S,S,5.114372902464696
C15-S,S,3.951949041579833
C15-S,S,5.05820358973422
C15-S,S,3.589978117293229
C15-S,S,1.6713604482463675
C15-S,S,8.522299539855412
C15-S,S,2.167502675625957
C15-S,S,2.077773671184859
C15-S,S,4.450625781751057
C15-S,S,2.403612636431448
C15-S,S,4.93752598892475
C15-S,S,2.390369490821483
C15-S,S,6.379296634860435
C15-S,S,3.054938345421817
C15-S,S,1.6902464765013054
C15-S,S,3.0445296666259978
C15-S,S,6.90040234494226
C15-S,S,3.3141093496987777
C15-S,S,7.508449519451283
C15-S,S,2.046990137236486
C15-S,S,3.572249721942558
C15-S,S,2.0314234463992653
C15-S,S,3.399221589132705
C15-S,S,5.690217545491346
C15-S,S,3.554432904021839
C15-S,S,5.291308428260988
C15-S,S,4.680080571972979
C15-S,S,2.1820988181584404
C15-S,S,2.771637748136708
C15-S,S,3.762670720366032
C15-S,S,2.29552923725896
C15-S,S,2.23953228725544
C15-S,S,1.8515722458467807
C15-S,S,2.9813145541504222
C15-S,S,9.17173971805147
C15-S,S,2.9813145541504222
C15-S,S,6.482951567469869
C15-S,S,2.7486362073164146
C15-S,S,4.787374292236132
C15-S,S,4.42917685796118
C15-S,S,5.93060043022457
C15-S,S,5.380544204207179
C15-S,S,3.5004383795485454
C15-S,S,2.850681958836478
C15-S,S,2.8617957708052053
C15-S,S,4.924651062215655
C15-S,S,6.448585054306144
C15-S,S,3.1369646987543267
C15-S,S,1.5935796605476555
C15-S,S,4.5284027301221546
C15-S,S,2.507040672369551
C15-S,S,3.554432904021839
C15-S,S,2.9813145541504222
C15-S,S,3.87898370671736
C15-S,S,1.5735338353999258
C15-S,S,2.29552923725896
C15-S,S,4.031473088198847
C15-S,S,5.163788281133086
C15-S,S,5.445054395542623
C15-S,S,6.661658573552302
C15-S,S,5.333137604311858
C15-S,S,3.821269785482214
C15-S,S,5.095718592639985
C15-S,S,6.364350975979666
C15-S,S,6.278986979464608
C15-S,S,6.334353868018162
C15-S,S,3.7031444916935614
C15-S,S,4.246224505961664
C15-S,S,3.054938345421817
C15-S,S,2.1820988181584404
C15-S,S,2.092995659821536
C15-S,S,1.9999266016169468
C15-S,S,6.5946092608663305
C15-S,S,6.93252943344809
C15-S,S,1.7994047825605428
C15-S,S,6.575326736372333
C15-S,S,4.591058474517919
C15-S,S,3.9919090976696414
C15-S,S,4.879321291024226
C15-S,S,3.903457032819381
C15-S,S,4.443487644387506
C15-S,S,8.566880312422551
C15-S,S,3.29489695969924
C15-S,S,1.918924020132432
C15-S,S,7.068563251928038
C15-S,S,5.520321875953807
C15-S,S,3.563352448545597
C15-S,S,5.267256901797619
C15-S,S,1.902309646634436
C15-S,S,2.6426529037892483
C15-S,S,6.052456669842732
C15-S,S,1.6902464765013054
C15-S,S,7.219636982621909
C15-S,S,6.404128556826101
C15-S,S,4.514361137464771
C15-S,S,5.00774643210875
C15-S,S,3.371089616420414
C15-S,S,5.701363917672956
C15-S,S,4.312981472867047
C15-S,S,5.526069219390664
C15-S,S,2.336646462175876
C15-S,S,3.572249721942558
C15-S,S,2.377052565528869
C15-S,S,4.646043170628641
C15-S,S,4.48614610395171
C15-S,S,2.678446672979338
C15-S,S,4.457752488928697
C15-S,S,2.938415705331363
C15-S,S,3.720249176209294
C15-S,S,2.7020457780577374
C15-S,S,2.7254405503413945
C15-S,S,4.754105131057737
C15-S,S,4.42917685796118
C15-S,S,6.354367674185038
C15-S,S,2.152807572794862
C15-S,S,4.493216472568831
C15-S,S,3.694562453525125
C15-S,S,5.194434177962148
C15-S,S,4.132567180892246
C15-S,S,5.40996237974363
C15-S,S,3.3236738987336945
C15-S,S,2.5322376941434093
C15-S,S,6.79844317826541
C15-S,S,2.949198918469352
C15-S,S,5.0644753882868185
C15-S,S,4.807225272862896
C15-S,S,7.855555745370387
C15-S,S,5.957302953501169
C15-S,S,4.047190391814686
C15-S,S,6.146137404976707
C15-S,S,2.82832332375742
C15-S,S,3.023604816149136
C15-S,S,1.763769476086996
C15-S,S,5.8171114818577685
C15-S,S,6.031441131841764
C15-S,S,7.745682421699629
C15-S,S,7.745682421699629
C15-S,S,4.170797108635421
C15-S,S,4.734031409598079
C15-S,S,4.666495403772876
C15-S,S,7.000876759097091
C15-S,S,3.0445296666259978
C15-S,S,6.633006145813993
C15-S,S,4.918200959824537
C15-S,S,3.7878956110204745
C15-S,S,3.0445296666259978
C15-S,S,2.666568802155929
C15-S,S,3.106458644685695
C15-S,S,3.417847600281708
C15-S,S,2.569569993156261
C15-S,S,1.885548882504947
C15-S,S,7.8272181677197565
C15-S,S,2.6185185817901284
C15-S,S,4.414819682883245
C15-S,S,3.7031444916935614
C15-S,S,4.61863264721215
C15-S,S,5.456701584028908
C15-S,S,1.7994047825605428
C15-S,S,2.678446672979338
C15-S,S,4.457752488928697
C15-S,S,3.116660506777289
C15-S,S,4.039339384631394
C15-S,S,5.00774643210875
C15-S,S,3.342720896492735
C15-S,S,5.014081344739102
C15-S,S,3.106458644685695
C15-S,S,2.2253128908755286
C15-S,S,6.991802384889051
C15-S,S,7.483040141945754
C15-S,S,2.123112252980832
C15-S,S,2.771637748136708
C15-S,S,2.267703612111852
C15-S,S,7.431960772610292
C15-S,S,4.975950895204253
C15-S,S,3.837848040264863
C15-S,S,3.265866464653287
C15-S,S,4.995052504385949
C15-S,S,5.163788281133086
C15-S,S,7.427688302712721
C15-S,S,5.297304247100458
C15-S,S,5.695793458191785
C15-S,S,1.7456790545267524
C15-S,S,4.652870570594867
C15-S,S,2.350192352247326
C15-S,S,3.677338292334829
C15-S,S,4.0550261985540725
C15-S,S,7.10439903675249
C15-S,S,4.047190391814686
C15-S,S,3.9998532032338936
C15-S,S,5.723591541610411
C15-S,S,6.675938672626586
C15-S,S,5.651032108515939
C15-S,S,6.166762085106327
C15-S,S,8.284315483802187
C15-S,S,4.577209096132407
C15-S,S,6.115069957136806
C15-S,S,5.279296361851663
C15-S,S,2.760160937976904
C15-S,S,2.8838949080235423
C15-S,S,1.7994047825605428
C15-S,S,3.677338292334829
C15-S,S,3.216900176899038
C15-S,S,4.652870570594867
C15-S,S,5.876831410662726
C15-S,S,3.8129536281046623
C15-S,S,3.7117066869195305
C15-S,S,2.4943467139819178
C15-S,S,2.390369490821483
C15-S,S,3.7117066869195305
C15-S,S,4.713872206262367
C15-S,S,3.054938345421817
C15-S,S,3.804619293268873
C15-S,S,3.3141093496987777
C15-S,S,7.333064205928805
C15-S,S,3.5454909202859826
C15-S,S,5.339086448999304
C15-S,S,1.7456790545267524
C15-S,S,2.654637785700438
C15-S,S,6.078623919699069
C15-S,S,6.854245289487154
C15-S,S,3.9998532032338936
C15-S,S,5.309275571400876
C15-S,S,6.955386499860234
C15-S,S,4.385964343097444
C15-S,S,1.7273991889689646
C15-S,S,4.892315511878591
C15-S,S,3.4455978332997264
C15-S,S,4.0156942680121945
C15-S,S,2.82832332375742
C15-S,S,6.399169881241846
C15-S,S,12.924215962582524
C15-S,S,7.122249313725322
C15-S,S,4.08621916744697
C15-S,S,3.0445296666259978
C15-S,S,3.371089616420414
C15-S,S,7.280932756722925
C15-S,S,3.87898370671736
C15-S,S,6.268867735210284
C15-S,S,1.5532293223428475
C15-S,S,3.333211002694912
C15-S,S,3.187159321095311
C15-S,S,1.902309646634436
C15-S,S,3.47312634940454
C15-S,S,2.2536619686684074
C15-S,S,6.228226349022512
C15-S,S,5.773290809015188
C15-S,S,7.675696080529725
C15-S,S,2.4943467139819178
C15-S,S,4.833566430442728
C15-S,S,4.5284027301221546
C15-S,S,4.471971831225634
C15-S,S,3.79626666125431
C15-S,S,11.237279265399096
C15-S,S,6.223127513661881
C15-S,S,3.417847600281708
C15-S,S,8.537185663933453
C15-S,S,5.767789816047085
C15-S,S,2.403612636431448
C15-S,S,3.28524863163696
C15-S,S,6.35936128412992
C15-S,S,4.591058474517919
C15-S,S,4.713872206262367
C15-S,S,3.454798377937929
C15-S,S,4.170797108635421
C15-S,S,3.959973311855338
C15-S,S,3.951949041579833
C15-S,S,3.7031444916935614
C15-S,S,1.902309646634436
C15-S,S,7.3805279001752195
C15-S,S,2.839524648083372
C15-S,S,3.167176934009081
C15-S,S,5.617227026861333
C15-S,S,4.163179208013847
C15-S,S,3.29489695969924
C15-S,S,3.0653116803502
C15-S,S,5.497272414632829
C15-S,S,3.919687693400157
C15-S,S,4.298236193901963
C15-S,S,3.085953743077969
C15-S,S,4.193567780719649
C15-S,S,3.9839491513691385
C15-S,S,3.013087897967378
C15-S,S,5.176068413293333
C15-S,S,7.108865808043678
C15-S,S,3.616407760849512
C15-S,S,1.5935796605476555
C15-S,S,4.570268668946549
C15-S,S,5.491494932832067
C15-S,S,6.438732359393037
C15-S,S,1.9999266016169468
C15-S,S,5.182197566906894
C15-S,S,1.9353957730665816
C15-S,S,4.093980274472972
C15-S,S,1.7816762242727986
C15-S,S,1.5935796605476555
C15-S,S,3.454798377937929
C15-S,S,4.713872206262367
C15-S,S,3.572249721942558
C15-S,S,4.734031409598079
C15-S,S,4.283440156211276
C15-S,S,4.407623557997045
C15-S,S,3.417847600281708
C15-S,S,2.760160937976904
C15-S,S,3.454798377937929
C15-S,S,2.123112252980832
C15-S,S,3.64264564606838
C15-S,S,3.660033074925209
C15-S,S,2.8838949080235423
C15-S,S,5.218821326950407
C15-S,S,6.078623919699069
C15-S,S,6.3393632431530085
C15-S,S,4.760777562595452
C15-S,S,3.454798377937929
C15-S,S,3.677338292334829
C15-S,S,3.837848040264863
C15-S,S,3.9439084451697126
C15-S,S,3.034085280212642
C15-S,S,5.427536748869573
C15-S,S,7.122249313725322
C15-S,S,5.9626291083008445
C15-S,S,4.47906457451088
C15-S,S,4.866292372465588
C15-S,S,3.0653116803502
C15-S,S,5.893013629666946
C15-S,S,2.309316323606075
C15-S,S,7.688092905964894
C15-S,S,3.463974485409113
C15-S,S,2.442911360672195
C15-S,S,3.1268290835714136
C15-S,S,5.989188834889949
C15-S,S,4.283440156211276
C15-S,S,1.8515722458467807
C15-S,S,2.771637748136708
C15-S,S,2.872866588820535
C15-S,S,7.086503796651674
C15-S,S,3.265866464653287
C15-S,S,7.550608466857223
C15-S,S,3.3522038117053645
C15-S,S,4.117175815757948
C15-S,S,7.140054964796276
C15-S,S,5.194434177962148
C15-S,S,4.727321227047977
C15-S,S,6.06293712214215
C15-S,S,5.08948529539226
C15-S,S,4.514361137464771
C15-S,S,5.605913365775096
C15-S,S,3.2365755907839726
C15-S,S,3.9759732691923495
C15-S,S,9.084801834471314
C15-S,S,7.625907256209325
C15-S,S,3.895316341929664
C15-S,S,1.6713604482463675
C15-S,S,5.114372902464696
C15-S,S,5.468323964787487
C15-S,S,5.651032108515939
C15-S,S,6.384270746052712
C15-S,S,3.1369646987543267
C15-S,S,4.905275310774456
C15-S,S,4.342321821185702
C15-S,S,2.678446672979338
C15-S,S,4.767440655516864
C15-S,S,5.93060043022457
C15-S,S,4.866292372465588
C15-S,S,9.390633805601237
C15-S,S,4.407623557997045
C15-S,S,7.794706217567151
C15-S,S,3.116660506777289
C15-S,S,4.450625781751057
C15-S,S,7.935962710086111
C15-S,S,5.273280067746964
C15-S,S,7.250349645664093
C15-S,S,3.47312634940454
C15-S,S,4.253693684128203
C15-S,S,5.182197566906894
C15-S,S,5.421684955525073
C15-S,S,3.1571383130861377
C15-S,S,4.155547342369718
C15-S,S,5.548999065682753
C15-S,S,6.522005845831655
C15-S,S,7.863633439787693
C15-S,S,7.927958711367745
C15-S,S,2.581894140566543
C15-S,S,5.386440692775725
C15-S,S,4.700384704494652
C15-S,S,1.8169603668942629
C15-S,S,1.918924020132432
C15-S,S,4.1094585159725545
C15-S,S,3.265866464653287
C15-S,S,1.6522585586401175
C15-S,S,3.967981355043056
C15-S,S,3.47312634940454
C15-S,S,7.478796852609967
C15-S,S,4.364197636316881
C15-S,S,3.804619293268873
C15-S,S,2.8948812141238016
C15-S,S,1.9999266016169468
C15-S,S,6.223127513661881
C15-S,S,4.132567180892246
C15-S,S,2.377052565528869
C15-S,S,2.167502675625957
C15-S,S,2.336646462175876
C15-S,S,3.3141093496987777
C15-S,S,3.28524863163696
C15-S,S,6.807775294090504
C15-S,S,2.7254405503413945
C15-S,S,1.5326558401751
C15-S,S,3.29489695969924
C15-S,S,3.1369646987543267
C15-S,S,3.275571884161564
C15-S,S,3.967981355043056
C15-S,S,1.5532293223428475
C15-S,S,4.780738981642966
C15-S,S,5.941295840951316
C15-S,S,1.7456790545267524
C15-S,S,4.039339384631394
C15-S,S,5.206642030705284
C15-S,S,3.572249721942558
C15-S,S,1.8515722458467807
C15-S,S,6.807775294090504
C15-S,S,3.380492953002611
C15-S,S,2.9813145541504222
C15-S,S,3.572249721942558
C15-S,S,2.557186451232348
C15-S,S,5.849761568862286
C15-S,S,5.327182116575558
C15-S,S,4.88582272134439
C15-S,S,4.039339384631394
C15-S,S,4.713872206262367
C15-S,S,2.7254405503413945
C15-S,S,1.763769476086996
C15-S,S,7.895861580742755
C15-S,S,2.3636606135239884
C15-S,S,2.7830672306394435
C15-S,S,2.666568802155929
C15-S,S,3.554432904021839
C15-S,S,6.872745310420571
C15-S,S,4.632358183109277
C15-S,S,1.8169603668942629
C15-S,S,7.367613580744885
C15-S,S,1.9999266016169468
C15-S,S,3.3522038117053645
C15-S,S,3.927777872685193
C15-S,S,4.356917902080675
C15-S,S,6.492737160311173
C15-S,S,5.114372902464696
C15-S,S,6.656891733175485
C15-S,S,6.51226423345496
C15-S,S,4.42917685796118
C15-S,S,3.6859604338129857
C15-S,S,5.566134461278887
C15-S,S,8.15299400961574
C15-S,S,4.268592831966727
C15-S,S,4.378720796712142
C15-S,S,4.680080571972979
C15-S,S,4.88582272134439
C15-S,S,5.3212199634857855
C15-S,S,4.342321821185702
C15-S,S,4.956775675920353
C15-S,S,8.84041817673698
C15-S,S,2.82832332375742
C15-S,S,9.745622372671647
C15-S,S,4.866292372465588
C15-S,S,3.0025341426059904
C15-S,S,4.0156942680121945
C15-S,S,4.356917902080675
C15-S,S,5.05820358973422
C15-S,S,5.00774643210875
C15-S,S,4.85976481436643
C15-S,S,8.764688133012106
C15-S,S,9.244135704667109
C15-S,S,3.427122644743577
C15-S,S,7.487281026469777
C15-S,S,3.935851422566431
C15-S,S,5.182197566906894
C15-S,S,4.007781562259003
C15-S,S,1.7994047825605428
C15-S,S,6.078623919699069
C15-S,S,5.3212199634857855
C15-S,S,7.588351260322693
C15-S,S,4.727321227047977
C15-S,S,5.163788281133086
C15-S,S,2.959942848107641
C15-S,S,5.350964297826473
C15-S,S,6.005068285211981
C15-S,S,2.8617957708052053
C15-S,S,2.51967068012428
C15-S,S,9.551512897563097
C15-S,S,4.975950895204253
C15-S,S,4.975950895204253
C15-S,S,3.2070172036910374
C15-S,S,2.7486362073164146
C15-S,S,3.013087897967378
C15-S,S,3.4455978332997264
C15-S,S,3.0962231682777173
C15-S,S,3.265866464653287
C15-S,S,7.1533801178464085
C15-S,S,3.9759732691923495
C15-S,S,1.6902464765013054
C15-S,S,4.61863264721215
C15-S,S,1.6522585586401175
C15-S,S,1.6133764402252686
C15-S,S,3.518528620850199
C15-S,S,2.938415705331363
C15-S,S,7.000876759097091
C15-S,S,3.9759732691923495
C15-S,S,5.200541686453833
C15-S,S,4.975950895204253
C15-S,S,2.403612636431448
C15-S,S,2.9813145541504222
C15-S,S,2.9813145541504222
C15-S,S,6.863501533123046
C15-S,S,3.9839491513691385
C15-S,S,4.988693427963836
C15-S,S,7.794706217567151
C15-S,S,3.197103680115411
C15-S,S,5.0707394295039165
C15-S,S,5.356893345958676
C15-S,S,5.020408263779298
C15-S,S,2.152807572794862
C15-S,S,10.370518853777206
C15-S,S,4.666495403772876
C15-S,S,4.975950895204253
C15-S,S,3.187159321095311
C15-S,S,3.2463685801555866
C15-S,S,1.7994047825605428
C15-S,S,5.479921695662696
C15-S,S,4.6732929243517525
C15-S,S,4.093980274472972
C15-S,S,4.117175815757948
C15-S,S,2.481587823589891
C15-S,S,2.092995659821536
C15-S,S,4.89879969697993
C15-S,S,4.457752488928697
C15-S,S,4.276022938254716
C15-S,S,1.9353957730665816
C15-S,S,3.116660506777289
C15-S,S,6.68544179298547
C15-S,S,6.5946092608663305
C15-S,S,5.935950544465699
C15-S,S,3.79626666125431
C15-S,S,5.701363917672956
C15-S,S,3.4363726552102856
C15-S,S,2.123112252980832
C15-S,S,4.140241406965356
C15-S,S,4.514361137464771
C15-S,S,3.2070172036910374
C15-S,S,2.416783215221364
C15-S,S,4.193567780719649
C15-S,S,2.481587823589891
C15-S,S,4.124878677152203
C15-S,S,6.399169881241846
C15-S,S,1.6522585586401175
C15-S,S,3.7117066869195305
C15-S,S,4.493216472568831
C15-S,S,2.8838949080235423
C15-S,S,2.2536619686684074
C15-S,S,3.2463685801555866
C15-S,S,2.3230215853143203
C15-S,S,2.82832332375742
C15-S,S,3.518528620850199
C15-S,S,2.7830672306394435
C15-S,S,2.737062950830321
C15-S,S,2.403612636431448
C15-S,S,3.9439084451697126
C15-S,S,6.026175795934756
C15-S,S,2.8948812141238016
C15-S,S,1.6522585586401175
C15-S,S,3.463974485409113
C15-S,S,4.1094585159725545
C15-S,S,3.333211002694912
C15-S,S,6.633006145813993
C15-S,S,6.140970411709458
C15-S,S,5.756772060397294
C15-S,S,2.429882407183215
C15-S,S,4.007781562259003
C15-S,S,6.115069957136806
C15-S,S,3.9759732691923495
C15-S,S,2.4943467139819178
C15-S,S,4.840129320675807
C15-S,S,3.804619293268873
C15-S,S,5.989188834889949
C15-S,S,4.591058474517919
C15-S,S,3.919687693400157
C15-S,S,2.678446672979338
C15-S,S,5.083244354607721
C15-S,S,3.9439084451697126
C15-S,S,2.092995659821536
C15-S,S,9.604540441172531
C15-S,S,5.5888999324095545
C15-S,S,2.468762994462375
C15-S,S,5.983886320495039
C15-S,S,4.584139015461902
C15-S,S,2.839524648083372
C15-S,S,2.737062950830321
C15-S,S,3.1369646987543267
C15-S,S,3.333211002694912
C15-S,S,3.694562453525125
C15-S,S,3.762670720366032
C15-S,S,7.350359192701086
C15-S,S,5.0707394295039165
C15-S,S,4.0550261985540725
C15-S,S,5.218821326950407
C15-S,S,3.9998532032338936
C15-S,S,1.967925711283216
C15-S,S,6.765679405984593
C15-S,S,5.468323964787487
C15-S,S,4.039339384631394
C15-S,S,8.40981375216695
C15-S,S,3.536526327127732
C15-S,S,2.51967068012428
C15-S,S,6.551143768323128
C15-S,S,2.7486362073164146
C15-S,S,2.267703612111852
C15-S,S,2.938415705331363
C15-S,S,1.4692078526656815
C15-S,S,2.0624393385761013
C15-S,S,7.3805279001752195
C15-S,S,2.654637785700438
C15-S,S,2.196597973132827
C15-S,S,4.866292372465588
C15-S,S,2.0314234463992653
C15-S,S,3.177183837092519
C15-S,S,3.8129536281046623
C15-S,S,6.3393632431530085
C15-S,S,2.0314234463992653
C15-S,S,2.2110020486046644
C15-S,S,4.0156942680121945
C15-S,S,4.261149769927706
C15-S,S,5.474125901660642
C15-S,S,5.3746412466382045
C15-S,S,3.177183837092519
C15-S,S,5.25518985982515
C15-S,S,2.949198918469352
C15-S,S,5.273280067746964
C15-S,S,5.701363917672956
C15-S,S,3.927777872685193
C15-S,S,5.935950544465699
C15-S,S,5.1267714004225615
C15-S,S,1.885548882504947
C15-S,S,8.436194590553008
C15-S,S,4.450625781751057
C15-S,S,3.87898370671736
C15-S,S,6.713870447631042
C15-S,S,5.40996237974363
C15-S,S,7.358991443700075
C15-S,S,4.457752488928697
C15-S,S,2.429882407183215
C15-S,S,2.630613420201259
C15-S,S,6.423924982890654
C15-S,S,3.737275577183397
C15-S,S,2.99194316024752
C15-S,S,6.840337438925692
C15-S,S,6.218024497212336
C15-S,S,3.5811248902099826
C15-S,S,2.403612636431448
C15-S,S,4.047190391814686
C15-S,S,2.581894140566543
C15-S,S,1.967925711283216
C15-S,S,3.454798377937929
C15-S,S,5.404091556115475
C15-S,S,4.47906457451088
C15-S,S,2.0314234463992653
C15-S,S,3.7457597551330326
C15-S,S,3.7117066869195305
C15-S,S,5.339086448999304
C15-S,S,7.770232982221532
C15-S,S,3.919687693400157
C15-S,S,3.589978117293229
C15-S,S,1.6329332323266434
C15-S,S,6.886587711776878
C15-S,S,4.88582272134439
C15-S,S,5.427536748869573
C15-S,S,9.220066870840023
C15-S,S,6.61863341788302
C15-S,S,5.05820358973422
C15-S,S,4.007781562259003
C15-S,S,5.767789816047085
C15-S,S,3.491358109053505
C15-S,S,2.6185185817901284
C15-S,S,2.138011469127358
C15-S,S,2.6185185817901284
C15-S,S,4.305615145589724
C15-S,S,5.690217545491346
C15-S,S,5.662255619291985
C15-S,S,8.695602187604399
C15-S,S,4.500275732966444
C15-S,S,2.8617957708052053
C15-S,S,12.256067736282152
C15-S,S,1.5532293223428475
C15-S,S,3.427122644743577
C15-S,S,3.6339207337885258
C15-S,S,3.589978117293229
C15-S,S,3.399221589132705
C15-S,S,9.64411975902788
C15-S,S,3.408547317463651
C15-S,S,3.275571884161564
C15-S,S,3.536526327127732
C15-S,S,4.42917685796118
C15-S,S,3.399221589132705
C15-S,S,2.7020457780577374
C15-S,S,5.392330733565313
C15-S,S,5.445054395542623
C15-S,S,5.001403495513547
C15-S,S,3.527538952173992
C15-S,S,7.10439903675249
C15-S,S,5.628517946851282
C15-S,S,6.789098234771531
C15-S,S,3.829567883822151
C15-S,S,3.1571383130861377
C15-S,S,3.677338292334829
C15-S,S,4.34962598416327
C15-S,S,1.7273991889689646
C15-S,S,3.911580781529363
C15-S,S,4.436338021664
C15-S,S,4.062846892798531
C15-S,S,4.780738981642966
C15-S,S,4.611754560525867
C15-S,S,4.632358183109277
C15-S,S,3.2365755907839726
C15-S,S,5.5888999324095545
C15-S,S,3.116660506777289
C15-S,S,6.886587711776878
C15-S,S,4.911742387163257
C15-S,S,5.439221448613327
C15-S,S,2.2816588429798004
C15-S,S,5.200541686453833
C15-S,S,3.085953743077969
C15-S,S,5.571834549266443
C15-S,S,3.589978117293229
C15-S,S,4.632358183109277
C15-S,S,2.839524648083372
C15-S,S,2.167502675625957
C15-S,S,3.837848040264863
C15-S,S,1.6713604482463675
C15-S,S,3.651349710200832
C15-S,S,3.919687693400157
C15-S,S,1.7994047825605428
C15-S,S,5.583217267053535
C15-S,S,6.61863341788302
C15-S,S,2.569569993156261
C15-S,S,2.123112252980832
C15-S,S,3.9839491513691385
C15-S,S,3.265866464653287
C15-S,S,4.85976481436643
C15-S,S,3.509495156340756
C15-S,S,3.013087897967378
C15-S,S,7.419135981738698
C15-S,S,8.394701765559349
C15-S,S,1.5735338353999258
C15-S,S,7.376225639302396
C15-S,S,7.171108472464449
C15-S,S,6.551143768323128
C15-S,S,6.835695200563416
C15-S,S,3.25613211672748
C15-S,S,3.0445296666259978
C15-S,S,3.8461103706898
C15-S,S,4.500275732966444
C15-S,S,3.085953743077969
C15-S,S,7.683962853071645
C15-S,S,5.822565877319402
C15-S,S,2.630613420201259
C15-S,S,3.454798377937929
C15-S,S,2.2253128908755286
C15-S,S,2.309316323606075
C15-S,S,2.29552923725896
C15-S,S,3.085953743077969
C15-S,S,5.8876244985628645
C15-S,S,6.666422005389823
C15-S,S,3.7878956110204745
C15-S,S,4.866292372465588
C15-S,S,3.417847600281708
C15-S,S,9.65398923433004
C15-S,S,3.527538952173992
C15-S,S,4.268592831966727
C15-S,S,2.872866588820535
C15-S,S,3.754224759725641
C15-S,S,3.754224759725641
C15-S,S,3.7457597551330326
C15-S,S,2.377052565528869
C15-S,S,3.371089616420414
C15-S,S,3.959973311855338
C15-S,S,1.763769476086996
C15-S,S,4.464867820654131
C15-M,M,5.935950544465699
C15-M,M,10.440683482123784
C15-M,M,6.329340528199906
C15-M,M,8.17243833489394
C15-M,M,9.021687819420674
C15-M,M,8.62228214209062
C15-M,M,16.89682967075242
C15-M,M,16.817740097325288
C15-M,M,7.56321032563979
C15-M,M,9.4747658733591
C15-M,M,17.843467372244085
C15-M,M,16.457134098791848
C15-M,M,10.603593322807251
C15-M,M,15.398878256547828
C15-M,M,13.724690370910624
C15-M,M,12.310338412365224
C15-M,M,9.974204783814873
C15-M,M,12.235329874156813
C15-M,M,14.767505901510503
C15-M,M,11.115146735152392
C15-M,M,13.23486856292531
C15-M,M,19.38345823378608
C15-M,M,16.141632612621535
C15-M,M,7.333064205928805
C15-M,M,14.217731616087356
C15-M,M,10.081831816877823
C15-M,M,16.66415021262103
C15-M,M,13.172360205767092
C15-M,M,10.097562567304244
C15-M,M,9.088295317328557
C15-M,M,10.70785928527172
C15-M,M,15.11592420934438
C15-M,M,16.497590679133598
C15-M,M,17.487676289276084
C15-M,M,15.90788451693182
C15-M,M,8.203453392599137
C15-M,M,11.69409538371511
C15-M,M,6.278986979464608
C15-M,M,12.441153057432276
C15-M,M,18.78126761120248
C15-M,M,12.222350842314263
C15-M,M,9.70645695351114
C15-M,M,13.990413309386154
C15-M,M,8.34920169191833
C15-M,M,17.962265555593074
C15-M,M,13.394603461962394
C15-M,M,15.276769775105516
C15-M,M,7.57998021391319
C15-M,M,11.86120086044914
C15-M,M,18.835275681317007
C15-M,M,6.448585054306144
C15-M,M,11.521812376166
C15-M,M,17.100379524705364
C15-M,M,10.299876262324933
C15-M,M,7.0280295827666
C15-M,M,11.903944065129163
C15-M,M,17.857693778627784
C15-M,M,10.29062625932534
C15-M,M,14.509453109989256
C15-M,M,14.804003391255856
C15-M,M,8.844008194418658
C15-M,M,12.648646428539474
C15-M,M,16.923110723785342
C15-M,M,19.371991154173845
C15-M,M,19.99450371915799
C15-M,M,7.068563251928038
C15-M,M,8.975829480742556
C15-M,M,12.990362509886625
C15-M,M,10.21321710946393
C15-M,M,8.514846718543687
C15-M,M,14.18196368114393
C15-M,M,12.62352496098362
C15-M,M,11.23162813139052
C15-M,M,15.739372539004394
C15-M,M,14.15956283999113
C15-M,M,18.3918700821012
C15-M,M,13.23966467417639
C15-M,M,10.23495068618243
C15-M,M,10.21321710946393
C15-M,M,15.835884670045406
C15-M,M,8.439956550423622
C15-M,M,17.69698733650989
C15-M,M,5.762283571530794
C15-M,M,8.25744943742468
C15-M,M,11.006087661661764
C15-M,M,11.31329329502968
C15-M,M,4.5979675205253
C15-M,M,7.951946538384699
C15-M,M,6.109876690843634
C15-M,M,8.311094684739436
C15-M,M,9.116194984854063
C15-M,M,15.25181451241865
C15-M,M,6.68544179298547
C15-M,M,7.757967413434719
C15-M,M,15.799761707774238
C15-M,M,6.354367674185038
C15-M,M,13.268404935220646
C15-M,M,10.910494090792204
C15-M,M,7.675696080529725
C15-M,M,8.031388536024389
C15-M,M,5.14531312966267
C15-M,M,10.498291872385014
C15-M,M,15.803779447625008
C15-M,M,8.581689105346584
C15-M,M,12.532670741686168
C15-M,M,16.738276824092317
C15-M,M,5.3628158390288885
C15-M,M,13.6876341024869
C15-M,M,17.831009955714787
C15-M,M,14.550961831262896
C15-M,M,10.573614203376948
C15-M,M,7.696346362883708
C15-M,M,7.285291292136759
C15-M,M,10.122680920957952
C15-M,M,5.941295840951316
C15-M,M,9.726059377288497
C15-M,M,7.307044972360412
C15-M,M,5.468323964787487
C15-M,M,13.23966467417639
C15-M,M,10.24734917732568
C15-M,M,11.704948374806197
C15-M,M,8.70654693981252
C15-M,M,6.379296634860435
C15-M,M,20.887446849938858
C15-M,M,11.273942590428806
C15-M,M,12.738673517884992
C15-M,M,9.935940430030875
C15-M,M,11.430532626286505
C15-M,M,7.206434343748207
C15-M,M,7.406288983387125
C15-M,M,14.264540924183589
C15-M,M,11.917269877053965
C15-M,M,9.794358911187595
C15-M,M,10.612570544668753
C15-M,M,12.62855325234455
C15-M,M,9.983747957533977
C15-M,M,12.71622649865122
C15-M,M,13.823786895129942
C15-M,M,12.870067419150988
C15-M,M,11.112290472292656
C15-M,M,4.320335240309157
C15-M,M,4.975950895204253
C15-M,M,12.250886561780368
C15-M,M,7.005409538308847
C15-M,M,6.517136859825754
C15-M,M,4.632358183109277
C15-M,M,21.52660115171292
C15-M,M,7.63422794308839
C15-M,M,13.014775917083464
C15-M,M,8.742930495479564
C15-M,M,5.200541686453833
C15-M,M,6.628218699397555
C15-M,M,8.436194590553008
C15-M,M,11.748260080143046
C15-M,M,13.43246814092702
C15-M,M,5.718042736096981
C15-M,M,7.068563251928038
C15-M,M,7.73337791445228
C15-M,M,15.264297243613962
C15-M,M,15.25181451241865
C15-M,M,9.65727681802293
C15-M,M,8.742930495479564
C15-M,M,19.87826950541569
C15-M,M,10.907584237669164
C15-M,M,10.388868355924297
C15-M,M,8.303452297206178
C15-M,M,8.280482813930712
C15-M,M,12.469188058388044
C15-M,M,8.02347973200272
C15-M,M,10.312196692880509
C15-M,M,21.09462514883167
C15-M,M,21.433498331655347
C15-M,M,10.293710517227453
C15-M,M,10.93374503690816
C15-M,M,10.231848715907766
C15-M,M,10.852148784363214
C15-M,M,6.031441131841764
C15-M,M,8.688298026561062
C15-M,M,13.087742902150053
C15-M,M,7.533773198492564
C15-M,M,18.88408707586185
C15-M,M,9.8750519778495
C15-M,M,5.898397836938703
C15-M,M,8.447475444164617
C15-M,M,6.2638019826777525
C15-M,M,11.369272327049742
C15-M,M,8.618599766461605
C15-M,M,15.607727787957636
C15-M,M,9.343188942958491
C15-M,M,6.914189376360252
C15-M,M,13.38274877917093
C15-M,M,8.473739033231059
C15-M,M,10.352136826586666
C15-M,M,9.343188942958491
C15-M,M,8.035340018938014
C15-M,M,16.239663591619934
C15-M,M,8.245908621949244
C15-M,M,5.083244354607721
C15-M,M,10.965634590351094
C15-M,M,5.617227026861333
C15-M,M,6.278986979464608
C15-M,M,10.843369911050146
C15-M,M,11.44163562319878
C15-M,M,10.594608494200916
C15-M,M,11.060751614609025
C15-M,M,5.182197566906894
C15-M,M,5.212735235868942
C15-M,M,5.18831947992975
C15-M,M,11.729330888296364
C15-M,M,8.40603830248076
C15-M,M,13.087742902150053
C15-M,M,5.773290809015188
C15-M,M,9.891111594863505
C15-M,M,5.734673045773384
C15-M,M,4.686858389531491
C15-M,M,10.68708747272335
C15-M,M,8.383349898614332
C15-M,M,6.61863341788302
C15-M,M,5.74573317764107
C15-M,M,13.184404059618709
C15-M,M,11.377645426743946
C15-M,M,11.62603465328388
C15-M,M,12.545328729703757
C15-M,M,5.537546011025326
C15-M,M,6.58979391939848
C15-M,M,9.561477963285933
C15-M,M,14.4787915899048
C15-M,M,17.50037810511671
C15-M,M,7.923953680189514
C15-M,M,6.756289145517565
C15-M,M,8.904817055959748
C15-M,M,9.574748584472264
C15-M,M,8.145203282552536
C15-M,M,4.840129320675807
C15-M,M,19.06643311307271
C15-M,M,8.074748494756635
C15-M,M,7.911926422540884
C15-M,M,5.206642030705284
C15-M,M,6.628218699397555
C15-M,M,7.56321032563979
C15-M,M,9.202836306593085
C15-M,M,7.000876759097091
C15-M,M,9.1266353719192
C15-M,M,8.164666161633217
C15-M,M,8.854769514393512
C15-M,M,7.63422794308839
C15-M,M,6.969064755942961
C15-M,M,12.047082804036584
C15-M,M,8.618599766461605
C15-M,M,8.27281214733396
C15-M,M,7.891840260603777
C15-M,M,8.975829480742556
C15-M,M,9.67697886533291
C15-M,M,5.00774643210875
C15-M,M,18.37460233809868
C15-M,M,7.76205808991905
C15-M,M,15.285079141928856
C15-M,M,12.323224774537248
C15-M,M,15.212218288511748
C15-M,M,12.638603833523437
C15-M,M,8.757441593424284
C15-M,M,11.957158206404204
C15-M,M,7.453286385376056
C15-M,M,10.284454968659771
C15-M,M,15.771608870859374
C15-M,M,8.458741253274775
C15-M,M,6.156458381860416
C15-M,M,7.263472461190293
C15-M,M,6.807775294090504
C15-M,M,14.859649689536663
C15-M,M,7.298351281034095
C15-M,M,9.90394053877013
C15-M,M,13.184404059618709
C15-M,M,14.434876439950653
C15-M,M,15.532293223428477
C15-M,M,11.245750641849426
C15-M,M,8.48496997127226
C15-M,M,5.001403495513547
C15-M,M,8.28814638134049
C15-M,M,5.773290809015188
C15-M,M,6.803110836335556
C15-M,M,7.537985540559736
C15-M,M,9.032237448227969
C15-M,M,9.726059377288497
C15-M,M,5.157637250622092
C15-M,M,9.025205732527438
C15-M,M,10.471043195762311
C15-M,M,11.043518545278015
C15-M,M,8.775546722515445
C15-M,M,9.053299826104752
C15-M,M,14.940606086217947
C15-M,M,15.821846651369102
C15-M,M,17.165227613016373
C15-M,M,12.227544108255987
C15-M,M,6.258732129979279
C15-M,M,11.729330888296364
C15-M,M,7.716941385956432
C15-M,M,7.346039263328408
C15-M,M,11.967772640990075
C15-M,M,15.41741995893757
C15-M,M,10.028162689478204
C15-M,M,7.000876759097091
C15-M,M,9.223509121051734
C15-M,M,7.055077904347984
C15-M,M,10.799368499010765
C15-M,M,11.43886088431399
C15-M,M,8.655353023885265
C15-M,M,6.756289145517565
C15-M,M,16.679382528609977
C15-M,M,14.123647594224844
C15-M,M,7.41057379079409
C15-M,M,8.936842475414716
C15-M,M,15.059116999739672
C15-M,M,17.083664514930554
C15-M,M,7.995737313488917
C15-M,M,13.903925461525736
C15-M,M,13.261225709371637
C15-M,M,16.263103099019556
C15-M,M,7.9439586443159955
C15-M,M,14.103405075923623
C15-M,M,6.742179232840828
C15-M,M,13.009896900635692
C15-M,M,14.951225609974143
C15-M,M,14.502888241343118
C15-M,M,9.85574589491088
C15-M,M,11.157902938922287
C15-M,M,9.168278030923805
C15-M,M,16.742069341830824
C15-M,M,11.834407962306
C15-M,M,9.71952962873286
C15-M,M,10.890108791085243
C15-M,M,12.713729938992596
C15-M,M,6.35936128412992
C15-M,M,7.7292720591512065
C15-M,M,16.795074669105503
C15-M,M,12.328375547917664
C15-M,M,7.059575882429618
C15-M,M,14.722295849511015
C15-M,M,13.136162390136423
C15-M,M,14.34664287218899
C15-M,M,4.680080571972979
C15-M,M,8.76830915697696
C15-M,M,17.482229828841074
C15-M,M,6.826401253096697
C15-M,M,7.907913271675267
C15-M,M,6.364350975979666
C15-L,L,7.991766249269069
C15-L,L,9.804077146332958
C15-L,L,9.980567913510788
C15-L,L,8.808042172317101
C15-L,L,13.039143614728829
C15-L,L,10.951150850586002
C15-L,L,7.483040141945754
C15-L,L,6.109876690843634
C15-L,L,6.58497505665575
C15-L,L,8.548333245174712
C15-L,L,19.28823951805576
C15-L,L,8.607543187481761
C15-L,L,9.478115622756087
C15-L,L,9.993282017918446
C15-L,L,10.898850016940342
C15-L,L,7.461799565061878
C15-L,L,7.895861580742755
C15-L,L,7.384827654632679
C15-L,L,8.371982639286143
C15-L,L,15.811811864635429
C15-L,L,13.136162390136423
C15-L,L,16.080553283286026
C15-L,L,9.150949952628206
C15-L,L,5.014081344739102
C15-L,L,12.514928049972044
C15-L,L,6.005068285211981
C15-L,L,7.667420395017729
C15-L,L,8.563174112676347
C15-L,L,10.0154928642175
C15-L,L,14.39082727883935
C15-L,L,13.439555891736443
C15-L,L,6.633006145813993
C15-L,L,9.4747658733591
C15-L,L,7.533773198492564
C15-L,L,6.492737160311173
C15-L,L,8.466243464286748
C15-L,L,19.2404534512149
C15-L,L,9.032237448227969
C15-L,L,11.16643453410707
C15-L,L,5.718042736096981
C15-L,L,10.884277407110982
C15-L,L,7.099929455286646
C15-L,L,7.931961720313236
C15-L,L,11.742854853227009
C15-L,L,7.117790941261063
C15-L,L,10.866764479584983
C15-L,L,14.065089721662671
C15-L,L,9.407520411230296
C15-L,L,8.548333245174712
C15-L,L,9.967837592113444
C15-L,L,10.238051716608435
C15-L,L,15.14110344535684
C15-L,L,9.842854135442703
C15-L,L,7.144499443885116
C15-L,L,14.107905923357787
C15-L,L,7.000876759097091
C15-L,L,9.722795051176318
C15-L,L,16.257246390433135
C15-L,L,16.21814761716009
C15-L,L,7.86766917699963
C15-L,L,19.2404534512149
C15-L,L,6.094270339197796
C15-L,L,12.044447545817585
C15-L,L,8.413587507686549
C15-L,L,8.74656052698141
C15-L,L,8.936842475414716
C15-L,L,11.208995104599728
C15-L,L,7.014466309431825
C15-L,L,7.871702845132862
C15-L,L,9.897528145389067
C15-L,L,12.874999424474446
C15-L,L,7.280932756722925
C15-L,L,9.312561033011104
C15-L,L,10.29062625932534
C15-L,L,5.00774643210875
C15-L,L,12.691238802078056
C15-L,L,11.262674279176926
C15-L,L,6.278986979464608
C15-L,L,7.162249780419965
C15-L,L,8.02347973200272
C15-L,L,12.297438546711296
C15-L,L,5.404091556115475
C15-L,L,7.9559374779274865
C15-L,L,9.787874727152689
C15-L,L,12.778481969665602
C15-L,L,17.52756528649915
C15-L,L,19.66796249461076
C15-L,L,14.137126503856075
C15-L,L,10.570611615156992
C15-L,L,17.76680527049643
C15-L,L,12.250886561780368
C15-L,L,10.315274501244184
C15-L,L,12.626039356977284
C15-L,L,12.338670644115
C15-L,L,15.95172444214168
C15-L,L,10.06292245640566
C15-L,L,10.540538690449562
C15-L,L,11.290823971369903
C15-L,L,10.710823398625458
C15-L,L,9.544863740545935
C15-L,L,8.40603830248076
C15-L,L,9.2372652944243
C15-L,L,6.409083395909149
C15-L,L,9.302329320308353
C15-L,L,17.82922961424405
C15-L,L,13.07318208595759
C15-L,L,13.31616752644105
C15-L,L,10.799368499010765
C15-L,L,9.894320390274716
C15-L,L,8.507387368256406
C15-L,L,8.982899847715812
C15-L,L,14.491940184946758
C15-L,L,8.70654693981252
C15-L,L,16.441695883293647
C15-L,L,13.23486856292531
C15-L,L,8.742930495479564
C15-L,L,9.660563282919163
C15-L,L,9.94871156696048
C15-L,L,7.402001695627928
C15-L,L,14.568403805557146
C15-L,L,7.2678414675770515
C15-L,L,12.0022047237225
C15-L,L,13.67603342737756
C15-L,L,10.612570544668753
C15-L,L,15.059116999739672
C15-L,L,13.869637060472128
C15-L,L,5.001403495513547
C15-L,L,10.228745804929392
C15-L,L,7.605065710662343
C15-L,L,11.565809910480825
C15-L,L,12.338670644115
C15-L,L,8.836826700587649
C15-L,L,10.172731564399536
C15-L,L,7.887816890339425
C15-L,L,7.237203035309503
C15-L,L,10.398030963928388
C15-L,L,5.723591541610411
C15-L,L,5.706928939903308
C15-L,L,5.673456927211946
C15-L,L,6.68544179298547
C15-L,L,14.52038796202742
C15-L,L,10.849223282548534
C15-L,L,17.205864171283025
C15-L,L,10.796428695363256
C15-L,L,5.101944274366352
C15-L,L,11.055010243023322
C15-L,L,8.364395884090078
C15-L,L,11.911941341184155
C15-L,L,10.927936938205136
C15-L,L,5.368731798730674
C15-L,L,5.531810591556775
C15-L,L,10.461944532324376
C15-L,L,11.22031732476367
C15-L,L,6.428864564537774
C15-L,L,7.250349645664093
C15-L,L,10.600599226087162
C15-L,L,9.08130700770823
C15-L,L,8.477484332434145
C15-L,L,12.575655918348106
C15-L,L,6.877362539903705
C15-L,L,6.1924463365554345
C15-L,L,7.704590978384176
C15-L,L,5.6790492961667445
C15-L,L,18.98634973589873
C15-L,L,7.991766249269069
C15-L,L,12.451354906672108
C15-L,L,11.620572574216473
C15-L,L,10.755187070757266
C15-L,L,9.755389158860169
C15-L,L,12.778481969665602
C15-L,L,9.035751254020578
C15-L,L,9.271566434707973
C15-L,L,10.77877303564216
C15-L,L,7.97586222107084
C15-L,L,7.041566730943534
C15-L,L,5.076995742098715
C15-L,L,5.600247964261322
C15-L,L,6.010352112266097
C15-L,L,13.913054763534667
C15-L,L,4.713872206262367
C15-L,L,7.609238586537745
C15-L,L,11.99691391247854
C15-L,L,11.615107926571602
C15-L,L,6.218024497212336
C15-L,L,7.162249780419965
C15-L,L,9.298916247612176
C15-L,L,4.5284027301221546
C15-L,L,15.149487224208215
C15-L,L,8.592778951591422
C15-L,L,11.383224071563951
C15-L,L,10.67519971879633
C15-L,L,12.61849466591998
C15-L,L,12.206757787899436
C15-L,L,6.5946092608663305
C15-L,L,11.764460860186468
C15-L,L,10.38275545845127
C15-L,L,10.182088670376965
C15-L,L,6.978168698107828
C15-L,L,13.922178079114124
C15-L,L,13.901642199261955
C15-L,L,11.077957875901715
C15-L,L,5.914521050168941
C15-L,L,5.838898492508035
C15-L,L,13.18921852173266
C15-L,L,13.198842177534624
C15-L,L,11.772552889706958
C15-L,L,14.450261923584009
C15-L,L,5.339086448999304
C15-L,L,11.259855439368248
C15-L,L,10.272101264538795
C15-L,L,11.43886088431399
C15-L,L,12.9976913468645
C15-L,L,16.025184760321586
C15-L,L,10.716749165827672
C15-L,L,8.886975288775012
C15-L,L,15.297534729334831
C15-L,L,10.4102352298238
C15-L,L,11.75906308020047
C15-L,L,11.799486241975773
C15-L,L,7.983818195339285
C15-L,L,7.499989291953865
C15-L,L,15.903893076769398
C15-L,L,7.831272671057049
C15-L,L,4.443487644387506
C15-L,L,13.172360205767092
C15-L,L,7.384827654632679
C15-L,L,7.193207472377346
C15-L,L,12.464095475754403
C15-L,L,6.90040234494226
C15-L,L,9.787874727152689
C15-L,L,8.695602187604399
C15-L,L,9.667132860885456
C15-L,L,9.088295317328557
C15-L,L,13.43010472608671
C15-L,L,11.826358256378134
C15-L,L,13.354254604658683
C15-L,L,5.033038241633877
C15-L,L,8.600164237829306
C15-L,L,8.89411629056104
C15-L,L,13.441917644832916
C15-L,L,9.90394053877013
C15-L,L,15.61586104947262
C15-L,L,10.185205795406478
C15-L,L,8.879828544322924
C15-L,L,7.810979108385268
C15-L,L,14.465631043398048
C15-L,L,9.967837592113444
C15-L,L,8.77916326778437
C15-L,L,14.642300405199531
C15-L,L,10.546560135493928
C15-L,L,10.364395133813789
C15-L,L,10.474074327160514
C15-L,L,8.48496997127226
C15-L,L,6.914189376360252
C15-L,L,21.13221226596475
C15-L,L,7.068563251928038
C15-L,L,7.478796852609967
C15-L,L,11.601435046109277
C15-L,L,13.434831140002547
C15-L,L,6.182185440796261
C15-L,L,8.333979798324496
C15-L,L,16.745861000659154
C15-L,L,7.550608466857223
C15-L,L,9.588000837990409
C15-L,L,10.834583924534405
C15-L,L,7.737481591002404
C15-L,L,11.563064969203175
C15-L,L,5.811651967297999
C15-L,L,7.529558499869836
C15-L,L,11.69409538371511
C15-L,L,5.8171114818577685
C15-L,L,13.474938724074017
C15-L,L,12.325800430281651
C15-L,L,8.30727436981236
C15-L,L,14.685595296866994
C15-L,L,8.2996284644926
C15-L,L,11.160747528627883
C15-L,L,15.11592420934438
C15-L,L,10.642439926971573
C15-L,L,13.73162728839722
C15-L,L,8.555756896808417
C15-L,L,5.132959418849276
C15-L,L,7.855555745370387
C15-L,L,13.181996169166776
C15-L,L,7.140054964796276
C15-L,L,16.31182722730378
C15-L,L,9.65398923433004
C15-L,L,6.031441131841764
C15-L,L,13.005016053755742
C15-L,L,12.842907534374808
C15-L,L,14.044762804980223
C15-L,L,9.63424017327696
C15-L,L,6.233321013554577
C15-L,L,11.946534340951285
C15-L,L,8.537185663933453
C15-L,L,18.46937514558125
C15-L,L,5.345028672818396
C15-L,L,9.035751254020578
C15-L,L,8.125693785597061
C15-L,L,11.617840571692712
C15-L,L,7.453286385376056
C15-L,L,5.673456927211946
C15-L,L,8.717477950946998
C15-L,L,5.6790492961667445
C15-L,L,9.660563282919163
C15-L,L,7.963913357101315
C15-L,L,6.433800353798076
C15-L,L,7.806914065638762
C15-L,L,19.07974766295869
C15-L,L,6.941681291470363
C15-L,L,8.195710631654874
C15-L,L,5.706928939903308
C15-L,L,11.16643453410707
C15-L,L,8.904817055959748
C15-L,L,5.508809200490484
C15-L,L,5.882230430093234
C15-L,L,7.427688302712721
C15-L,L,16.11013671410155
C15-L,L,13.339984693614568
C15-L,L,13.529012672582333
C15-L,L,11.44718308322082
C15-L,L,7.367613580744885
C15-L,L,6.642570687401961
C15-L,L,9.761894920942964
C15-L,L,8.245908621949244
C15-L,L,6.334353868018162
C15-L,L,16.151462485411685
C15-L,L,5.48571136626395
C15-L,L,8.098301530182193
C15-L,L,9.9964580173687
C15-L,L,8.473739033231059
C15-L,L,12.547858795017309
C15-L,L,6.294135341599703
C15-L,L,6.599421088767312
C15-L,L,4.995052504385949
C15-L,L,8.926180102389168
C15-L,L,10.097562567304244
C15-L,L,13.73162728839722
C15-L,L,4.632358183109277
C15-L,L,10.250446456881772
C15-L,L,15.67470098642895
C15-L,L,12.104913339685464
C15-L,L,6.1306233607004
C15-L,L,13.246855585184075
C15-L,L,10.275191083006794
C15-L,L,11.27957252465758
C15-L,L,6.354367674185038
C15-L,L,5.9626291083008445
C15-L,L,6.609034234560471
C15-L,L,12.0022047237225
C15-L,L,7.891840260603777
C15-L,L,5.811651967297999
C15-L,L,9.056805460244307
C15-L,L,14.022142782561025
C15-L,L,6.633006145813993
C15-L,L,4.911742387163257
C15-L,L,6.052456669842732
C15-L,L,6.728039729197636
C15-L,L,8.782778323843607
C15-L,L,8.078678769262789
C15-L,L,6.243497870965171
C15-L,L,11.22031732476367
C15-L,L,11.03489191835657
C15-L,L,6.68544179298547
C15-L,L,9.147480398019086
C15-L,L,13.244459048649734
C15-L,L,11.885262827644343
C15-L,L,18.815040822460592
C15-L,L,11.31329329502968
C15-L,L,11.27675790888708
C15-L,L,11.50526992344792
C15-L,L,13.075610014678674
C15-L,L,6.020905855446263
C15-L,L,6.575326736372333
C15-L,L,10.790546685286042
C15-L,L,8.982899847715812
C15-L,L,6.868124976916566
C15-L,L,9.5979280201194
C15-L,L,11.563064969203175
C15-L,L,6.140970411709458
C15-L,L,11.499750484452685
C15-L,L,8.607543187481761
C15-L,L,5.427536748869573
C15-L,L,7.6632792008754995
C15-L,L,12.736181358315438
C15-L,L,6.30924733295999
C15-L,L,6.694931424153823
C15-L,L,6.9508210996309785
C15-L,L,10.100705777518057
C15-L,L,14.590176951476623
C15-L,L,6.551143768323128
C15-L,L,9.722795051176318
C15-L,L,10.38581235693012
C15-L,L,12.743656374918071
C15-L,L,11.978377669779896
C15-L,L,10.5796168233344
C15-L,L,10.094418378354504
C15-L,L,12.39770154267674
C15-L,L,7.241587890625639
C15-L,L,11.469346091546768
C15-L,L,8.655353023885265
C15-L,L,7.232815521699024
C15-L,L,8.940393773975472
C15-L,L,9.673697977337156
C15-L,L,13.550113303037667
C15-L,L,6.546296454475322
C15-L,L,4.956775675920353
C15-L,L,10.901762201365578
C15-L,L,5.508809200490484
C15-L,L,7.0280295827666
C15-L,L,13.855897941636451
C15-L,L,13.71774994550048
C15-L,L,5.039341360248559
C15-L,L,10.805245706792212
C15-L,L,11.978377669779896
C15-L,L,11.595961379823882
C15-L,L,6.324323214269737
C15-L,L,10.122680920957952
C15-L,L,7.883791466810949
C15-L,L,7.050577056741977
C15-L,L,13.890220258134388
C15-L,L,6.68544179298547
C15-L,L,9.761894920942964
C15-L,L,7.184376029547711
C15-L,L,14.5313145855633
C15-L,L,8.818847380434981
C15-L,L,11.228801497866106
C15-L,L,9.000551465932888
C15-L,L,9.060309737976617
C15-L,L,10.33679349989918
C15-L,L,9.29208634125728
C15-L,L,12.209358013253862
C15-L,L,11.620572574216473
C15-L,L,6.68544179298547
C15-L,L,17.569170587988324
C15-L,L,5.919885696215282
C15-L,L,9.591311040346232
C15-L,L,9.77814038886464
C15-L,L,12.870067419150988
C15-L,L,10.26282622764564
C15-L,L,16.161286379322497
C15-L,L,10.185205795406478
C15-L,L,8.926180102389168
C15-L,L,6.661658573552302
C15-L,L,10.147737100182896
C15-L,L,13.832969086042862
C15-L,L,5.291308428260988
C15-L,L,6.927948970818226
C15-L,L,8.876253014262797
C15-L,L,10.9714227325279
C15-L,L,6.304214027545383
C15-L,L,9.919953387607638
C15-L,L,13.351877345253172
C15-L,L,12.721218148106924
C15-L,L,4.5284027301221546
C15-L,L,11.911941341184155
C15-L,L,7.294000549630446
C15-L,L,10.2163247368322
C15-L,L,12.152024531814654
C15-L,L,10.919218997497024
C15-L,L,5.806187319199745
C15-L,L,10.849223282548534
C15-L,L,9.932745080075264
C15-L,L,9.999633008084734
C15-L,L,7.041566730943534
C15-L,L,12.748637284381244
C15-L,L,13.215666712315594
C15-L,L,18.02929574934726
C15-L,L,10.540538690449562
C15-L,L,9.891111594863505
C15-L,L,5.849761568862286
C15-L,L,13.75472507980741
C15-L,L,9.123156570431307
C15-L,L,9.16481503626545
C15-L,L,10.82285818092098
C15-L,L,14.724451856822787
C15-L,L,8.886975288775012
C15-L,L,9.807314418056096
C15-L,L,7.4490261470254815
C15-L,L,4.787374292236132
C15-L,L,6.5946092608663305
C15-L,L,5.200541686453833
C21-S,S,3.116660506777289
C21-S,S,5.120575904019775
C21-S,S,6.580152664901904
C21-S,S,1.8515722458467812
C21-S,S,2.046990137236486
C21-S,S,3.399221589132705
C21-S,S,9.261289431991374
C21-S,S,8.047182825687205
C21-S,S,3.399221589132705
C21-S,S,5.773290809015188
C21-S,S,2.51967068012428
C21-S,S,3.554432904021839
C21-S,S,5.462515865469533
C21-S,S,5.537546011025326
C21-S,S,6.349370136900588
C21-S,S,6.068170560425284
C21-S,S,3.895316341929664
C21-S,S,3.518528620850199
C21-S,S,6.831049807433915
C21-S,S,8.047182825687205
C21-S,S,9.548188897846092
C21-S,S,5.651032108515939
C21-S,S,2.760160937976904
C21-S,S,5.101944274366352
C21-S,S,6.031441131841764
C21-S,S,3.2070172036910374
C21-S,S,8.926180102389168
C21-S,S,4.774094448923046
C21-S,S,2.7020457780577374
C21-S,S,4.740732094352511
C21-S,S,3.3236738987336945
C21-S,S,7.457544189999471
C21-S,S,2.9167296841861186
C21-S,S,9.23382817233529
C21-S,S,10.528485469022268
C21-S,S,11.097998131365506
C21-S,S,5.662255619291985
C21-S,S,3.9839491513691385
C21-S,S,10.302957751178411
C21-S,S,5.001403495513547
C21-S,S,7.786557019084522
C21-S,S,4.542400917235657
C21-S,S,7.237203035309503
C21-S,S,5.309275571400876
C21-S,S,2.5322376941434093
C21-S,S,2.5322376941434093
C21-S,S,5.71248854077351
C21-S,S,6.394207360230822
C21-S,S,4.866292372465588
C21-S,S,6.79377231328374
C21-S,S,3.829567883822151
C21-S,S,6.089059333251996
C21-S,S,5.651032108515939
C21-S,S,3.6339207337885258
C21-S,S,2.970647920475658
C21-S,S,4.911742387163257
C21-S,S,7.046073334112666
C21-S,S,3.1571383130861377
C21-S,S,7.963913357101315
C21-S,S,2.7254405503413945
C21-S,S,6.166762085106327
C21-S,S,4.471971831225634
C21-S,S,3.216900176899038
C21-S,S,2.015736544099424
C21-S,S,6.517136859825754
C21-S,S,3.6251748228320464
C21-S,S,6.551143768323128
C21-S,S,2.123112252980832
C21-S,S,2.51967068012428
C21-S,S,5.605913365775096
C21-S,S,2.3230215853143203
C21-S,S,3.47312634940454
C21-S,S,2.4943467139819178
C21-S,S,3.226752880450537
C21-S,S,5.811651967297999
C21-S,S,4.9503674306088525
C21-S,S,6.613835567728841
C21-S,S,2.7944499662047773
C21-S,S,3.013087897967378
C21-S,S,5.5888999324095545
C21-S,S,4.88582272134439
C21-S,S,6.652121476931801
C21-S,S,6.1924463365554345
C21-S,S,5.537546011025326
C21-S,S,9.230389770364528
C21-S,S,3.64264564606838
C21-S,S,4.963175647179782
C21-S,S,4.747423321527871
C21-S,S,6.756289145517565
C21-S,S,9.584689492411425
C21-S,S,5.297304247100458
C21-S,S,5.2249003288096505
C21-S,S,5.973267170475642
C21-S,S,7.320066149850418
C21-S,S,4.1094585159725545
C21-S,S,8.451232382506527
C21-S,S,9.77164544268878
C21-S,S,6.779740410565317
C21-S,S,4.155547342369718
C21-S,S,3.187159321095311
C21-S,S,3.034085280212642
C21-S,S,6.680691922550688
C21-S,S,3.7878956110204745
C21-S,S,8.345398821444613
C21-S,S,8.555756896808417
C21-S,S,11.242927558927612
C21-S,S,10.352136826586666
C21-S,S,1.8686377885916985
C21-S,S,8.804437489468238
C21-S,S,8.031388536024389
C21-S,S,7.241587890625639
C21-S,S,2.654637785700438
C21-S,S,7.9439586443159955
C21-S,S,6.868124976916566
C21-S,S,5.40996237974363
C21-S,S,5.903777133849647
C21-S,S,5.989188834889949
C21-S,S,5.71248854077351
C21-S,S,5.61157304754546
C21-S,S,10.147737100182896
C21-S,S,5.8876244985628645
C21-S,S,8.326358416027695
C21-S,S,4.342321821185702
C21-S,S,3.399221589132705
C21-S,S,6.817094634927302
C21-S,S,8.031388536024389
C21-S,S,7.166680495214546
C21-S,S,6.709140703861462
C21-S,S,4.471971831225634
C21-S,S,6.031441131841764
C21-S,S,4.0156942680121945
C21-S,S,3.660033074925209
C21-S,S,7.228425344953597
C21-S,S,6.812436558103996
C21-S,S,3.804619293268873
C21-S,S,3.887158602416619
C21-S,S,8.261292793200587
C21-S,S,2.7944499662047773
C21-S,S,9.494846643055745
C21-S,S,6.789098234771531
C21-S,S,2.2816588429798004
C21-S,S,5.380544204207179
C21-S,S,5.0456366048769885
C21-S,S,4.707133286153054
C21-S,S,5.973267170475642
C21-S,S,4.231246595071459
C21-S,S,3.1571383130861377
C21-S,S,7.692220741379599
C21-S,S,4.604866200354616
C21-S,S,3.013087897967378
C21-S,S,3.821269785482214
C21-S,S,5.0456366048769885
C21-S,S,7.679830579122314
C21-S,S,6.041958038053411
C21-S,S,4.47906457451088
C21-S,S,2.594159739964875
C21-S,S,2.5322376941434093
C21-S,S,4.707133286153054
C21-S,S,5.230972266162188
C21-S,S,3.463974485409113
C21-S,S,4.686858389531491
C21-S,S,2.2253128908755286
C21-S,S,6.536591042978795
C21-S,S,5.033038241633877
C21-S,S,4.666495403772876
C21-S,S,3.837848040264863
C21-S,S,5.594576825627681
C21-S,S,7.77839928293276
C21-S,S,2.594159739964875
C21-S,S,3.491358109053505
C21-S,S,4.231246595071459
C21-S,S,5.169931993337067
C21-S,S,6.468245420210314
C21-S,S,3.342720896492735
C21-S,S,6.94625269880908
C21-S,S,6.374318642190622
C21-S,S,6.522005845831655
C21-S,S,7.596713082430227
C21-S,S,2.167502675625957
C21-S,S,4.652870570594867
C21-S,S,5.267256901797619
C21-S,S,5.1081623684161
C21-S,S,6.166762085106327
C21-S,S,5.941295840951316
C21-S,S,4.132567180892246
C21-S,S,9.4041455159069
C21-S,S,4.5284027301221546
C21-S,S,2.196597973132827
C21-S,S,6.031441131841764
C21-S,S,7.533773198492564
C21-S,S,9.508210262115474
C21-S,S,3.911580781529363
C21-S,S,7.575791222040949
C21-S,S,4.062846892798531
C21-S,S,2.6426529037892483
C21-S,S,8.677330256954411
C21-S,S,7.947953594854817
C21-S,S,5.474125901660642
C21-S,S,6.526871199619697
C21-S,S,10.507359061527952
C21-S,S,8.199582926050782
C21-S,S,6.831049807433915
C21-S,S,6.187318015728304
C21-S,S,7.863633439787693
C21-S,S,3.454798377937929
C21-S,S,5.838898492508035
C21-S,S,9.13011284789676
C21-S,S,2.0314234463992653
C21-S,S,4.734031409598079
C21-S,S,8.555756896808417
C21-S,S,5.925245485177561
C21-S,S,6.228226349022512
C21-S,S,4.0235914128436026
C21-S,S,9.261289431991374
C21-S,S,3.25613211672748
C21-S,S,4.047190391814686
C21-S,S,6.79844317826541
C21-S,S,12.956106455690657
C21-S,S,5.673456927211946
C21-S,S,7.095457058335576
C21-S,S,3.427122644743577
C21-S,S,7.014466309431825
C21-S,S,5.855185549229071
C21-S,S,8.735665907191104
C21-S,S,3.5988095651210856
C21-S,S,9.551512897563097
C21-S,S,3.1571383130861377
C21-S,S,2.138011469127358
C21-S,S,7.478796852609967
C21-S,S,10.293710517227453
C21-S,S,5.206642030705284
C21-S,S,3.527538952173992
C21-S,S,3.5988095651210856
C21-S,S,2.468762994462375
C21-S,S,4.820413844347526
C21-S,S,1.902309646634436
C21-S,S,3.6339207337885258
C21-S,S,3.5988095651210856
C21-S,S,5.893013629666946
C21-S,S,3.607619393640327
C21-S,S,4.312981472867047
C21-S,S,7.625907256209325
C21-S,S,3.8625820108126097
C21-S,S,5.05820358973422
C21-S,S,9.074313316252915
C21-S,S,2.6426529037892483
C21-S,S,5.273280067746964
C21-S,S,9.11967644191619
C21-S,S,6.06293712214215
C21-S,S,4.178401120615919
C21-S,S,2.309316323606075
C21-S,S,9.85896620079486
C21-S,S,6.177048601154963
C21-S,S,5.120575904019775
C21-S,S,3.454798377937929
C21-S,S,9.471414939258413
C21-S,S,3.023604816149136
C21-S,S,4.747423321527871
C21-S,S,8.13350319997578
C21-S,S,8.41735957131819
C21-S,S,6.75158911771708
C21-S,S,5.468323964787487
C21-S,S,10.501315138645635
C21-S,S,5.076995742098715
C21-S,S,7.745682421699629
C21-S,S,3.737275577183397
C21-S,S,7.839375386800315
C21-S,S,7.328734082016584
C21-S,S,2.0624393385761013
C21-S,S,3.167176934009081
C21-S,S,8.303452297206178
C21-S,S,7.358991443700075
C21-S,S,7.725164021625219
C21-S,S,8.555756896808417
C21-S,S,6.914189376360252
C21-S,S,3.509495156340756
C21-S,S,4.42917685796118
C21-S,S,5.71248854077351
C21-S,S,7.753874578851027
C21-S,S,2.442911360672195
C21-S,S,6.344368662995729
C21-S,S,7.86766917699963
C21-S,S,7.250349645664093
C21-S,S,5.617227026861333
C21-S,S,2.2536619686684074
C21-S,S,5.882230430093234
C21-S,S,7.823161563058726
C21-S,S,8.79722369269011
C21-S,S,6.9872607784436855
C21-S,S,3.6339207337885258
C21-S,S,2.938415705331363
C21-S,S,10.731549268399323
C21-S,S,8.684643642371404
C21-S,S,9.312561033011104
C21-S,S,6.517136859825754
C21-S,S,9.17173971805147
C21-S,S,3.265866464653287
C21-S,S,8.62228214209062
C21-S,S,9.366941413682552
C21-S,S,5.200541686453833
C21-S,S,7.219636982621909
C21-S,S,6.109876690843634
C21-S,S,3.216900176899038
C21-S,S,5.871427426613504
C21-S,S,2.077773671184859
C21-S,S,4.48614610395171
C21-S,S,8.552045876509432
C21-S,S,2.152807572794862
C21-S,S,8.750189052558355
C21-S,S,5.706928939903308
C21-S,S,3.589978117293229
C21-S,S,1.9189240201324316
C21-S,S,4.9503674306088525
C21-S,S,3.0962231682777173
C21-S,S,3.408547317463651
C21-S,S,6.3393632431530085
C21-S,S,10.031327645431862
C21-S,S,2.309316323606075
C21-S,S,7.995737313488917
C21-S,S,8.951039215857998
C21-S,S,5.083244354607721
C21-S,S,6.182185440796261
C21-S,S,4.9695673763539245
C21-S,S,3.919687693400157
C21-S,S,2.377052565528869
C21-S,S,3.754224759725641
C21-S,S,8.027435108004374
C21-S,S,8.592778951591422
C21-S,S,3.177183837092519
C21-S,S,7.819102853803413
C21-S,S,6.973618212656119
C21-S,S,3.607619393640327
C21-S,S,3.2070172036910374
C21-S,S,5.909151533809971
C21-S,S,6.344368662995729
C21-S,S,7.995737313488917
C21-S,S,4.238742166217072
C21-S,S,12.356666422926724
C21-S,S,5.5888999324095545
C21-S,S,5.139139986312522
C21-S,S,8.218917031945109
C21-S,S,2.8617957708052053
C21-S,S,1.9999266016169468
C21-S,S,3.79626666125431
C21-S,S,5.571834549266443
C21-S,S,5.876831410662726
C21-S,S,5.339086448999304
C21-S,S,5.114372902464696
C21-S,S,5.48571136626395
C21-S,S,6.094270339197796
C21-S,S,9.312561033011104
C21-S,S,5.267256901797619
C21-S,S,5.139139986312522
C21-S,S,10.031327645431862
C21-S,S,3.5004383795485454
C21-S,S,3.187159321095311
C21-S,S,6.978168698107828
C21-S,S,2.0314234463992653
C21-S,S,4.1094585159725545
C21-S,S,7.617577480641761
C21-S,S,4.364197636316881
C21-S,S,3.927777872685193
C21-S,S,4.062846892798531
C21-S,S,3.9439084451697126
C21-S,S,5.548999065682753
C21-S,S,7.895861580742755
C21-S,S,6.120258816752761
C21-S,S,7.77839928293276
C21-S,S,4.767440655516864
C21-S,S,7.000876759097091
C21-S,S,1.7456790545267524
C21-S,S,7.700469774035611
C21-S,S,2.429882407183215
C21-S,S,7.032544860831337
C21-S,S,7.10439903675249
C21-S,S,5.893013629666946
C21-S,S,4.846683324112317
C21-S,S,4.754105131057737
C21-S,S,9.660563282919163
C21-S,S,3.5004383795485454
C21-S,S,3.677338292334829
C21-S,S,2.7944499662047773
C21-S,S,9.823484774326516
C21-S,S,6.955386499860234
C21-S,S,3.408547317463651
C21-S,S,10.713786691917353
C21-S,S,5.218821326950407
C21-S,S,8.61491581683125
C21-S,S,2.737062950830321
C21-S,S,8.897684642275543
C21-S,S,7.171108472464449
C21-S,S,8.563174112676347
C21-S,S,5.309275571400876
C21-S,S,3.589978117293229
C21-S,S,1.8343479436102936
C21-S,S,6.723319953289373
C21-S,S,2.850681958836478
C21-S,S,6.031441131841764
C21-S,S,6.923365477778747
C21-S,S,6.647347797467389
C21-S,S,4.995052504385949
C21-S,S,6.927948970818226
C21-S,S,5.243095045493981
C21-S,S,8.79722369269011
C21-S,S,7.10439903675249
C21-S,S,6.580152664901904
C21-S,S,6.541445548692841
C21-S,S,5.3212199634857855
C21-S,S,6.177048601154963
C21-S,S,6.3393632431530085
C21-S,S,6.973618212656119
C21-S,S,6.374318642190622
C21-S,S,2.606367617934471
C21-S,S,9.084801834471314
C21-S,S,5.871427426613504
C21-S,S,5.273280067746964
C21-S,S,8.979365360131526
C21-S,S,4.840129320675807
C21-S,S,7.333064205928805
C21-S,S,11.524567143061589
C21-S,S,4.879321291024226
C21-S,S,3.427122644743577
C21-S,S,4.443487644387506
C21-S,S,3.0445296666259978
C21-S,S,9.147480398019086
C21-S,S,3.427122644743577
C21-S,S,1.7816762242727986
C21-S,S,6.604229410781361
C21-S,S,4.680080571972979
C21-S,S,2.2253128908755286
C21-S,S,7.219636982621909
C21-S,S,4.9695673763539245
C21-S,S,7.786557019084522
C21-S,S,3.013087897967378
C21-S,S,3.5004383795485454
C21-S,S,8.145203282552536
C21-S,S,8.439956550423622
C21-S,S,2.390369490821483
C21-S,S,6.737469362037007
C21-S,S,7.444763470769674
C21-S,S,5.157637250622092
C21-S,S,4.840129320675807
C21-S,S,6.036701875215923
C21-S,S,6.849612477001458
C21-S,S,6.166762085106327
C21-S,S,2.152807572794862
C21-S,S,8.218917031945109
C21-S,S,8.739298956176277
C21-S,S,7.745682421699629
C21-S,S,6.75158911771708
C21-S,S,2.167502675625957
C21-S,S,8.268974145667256
C21-S,S,10.222537157434797
C21-S,S,5.537546011025326
C21-S,S,3.87898370671736
C21-S,S,3.9439084451697126
C21-S,S,7.1799562345864585
C21-S,S,4.0550261985540725
C21-S,S,4.178401120615919
C21-S,S,3.0025341426059904
C21-S,S,8.055068357050775
C21-S,S,8.982899847715812
C21-S,S,5.919885696215282
C21-S,S,4.170797108635421
C21-S,S,6.151300058054117
C21-S,S,6.21291728937139
C21-S,S,8.872676043328
C21-S,S,3.554432904021839
C21-S,S,3.754224759725641
C21-S,S,3.9919090976696423
C21-S,S,12.978138584614284
C21-S,S,6.661658573552302
C21-S,S,2.481587823589891
C21-S,S,3.967981355043056
C21-S,S,2.481587823589891
C21-S,S,5.297304247100458
C21-S,S,3.371089616420414
C21-S,S,6.94625269880908
C21-S,S,2.152807572794862
C21-S,S,6.089059333251996
C21-S,S,5.243095045493981
C21-S,S,7.875734447366518
C21-S,S,2.390369490821483
C21-S,S,5.99977980485084
C21-S,S,3.371089616420414
C21-S,S,7.667420395017729
C21-S,S,4.2162154761798245
C21-S,S,2.152807572794862
C21-S,S,3.29489695969924
C21-S,S,5.303293287167072
C21-S,S,5.462515865469533
C21-S,S,2.666568802155929
C21-S,S,4.400415665098895
C21-S,S,5.05820358973422
C21-S,S,2.9813145541504222
C21-S,S,1.983990677521528
C21-S,S,4.521387384732147
C21-S,S,2.6426529037892483
C21-S,S,2.606367617934471
C21-S,S,7.903898083159667
C21-S,S,6.057699162527515
C21-S,S,3.1369646987543267
C21-S,S,5.0456366048769885
C21-S,S,4.0235914128436026
C21-S,S,6.344368662995729
C21-S,S,7.617577480641761
C21-S,S,8.886975288775012
C21-S,S,2.3230215853143203
C21-S,S,5.163788281133086
C21-S,S,3.187159321095311
C21-S,S,5.935950544465699
C21-S,S,5.967950509724364
C21-S,S,8.904817055959748
C21-S,S,11.967772640990075
C21-S,S,10.17897059078452
C21-S,S,11.946534340951285
C21-S,S,5.261226840402518
C21-S,S,7.588351260322693
C21-S,S,6.273929397508653
C21-S,S,6.478053227845328
C21-S,S,3.0445296666259978
C21-S,S,10.585616039480453
C21-S,S,5.415826839329719
C21-S,S,8.951039215857998
C21-S,S,3.177183837092519
C21-S,S,7.59253332250862
C21-S,S,8.85835371592236
C21-S,S,6.423924982890654
C21-S,S,2.771637748136708
C21-S,S,3.8461103706898
C21-S,S,2.0314234463992653
C21-S,S,7.461799565061878
C21-S,S,1.967925711283216
C21-S,S,2.23953228725544
C21-S,S,6.115069957136806
C21-S,S,3.8625820108126097
C21-S,S,2.468762994462375
C21-S,S,2.2955292372589597
C21-S,S,4.147901434618866
C21-S,S,5.651032108515939
C21-S,S,7.427688302712721
C21-S,S,4.047190391814686
C21-S,S,3.1470676707998515
C21-S,S,4.185991319643072
C21-S,S,1.9999266016169468
C21-S,S,2.817077460835509
C21-S,S,3.2463685801555866
C21-S,S,3.589978117293229
C21-S,S,4.840129320675807
C21-S,S,4.155547342369718
C21-S,S,1.9189240201324316
C21-S,S,2.7486362073164146
C21-S,S,3.527538952173992
C21-S,S,4.1094585159725545
C21-S,S,6.517136859825754
C21-S,S,7.671559353697044
C21-S,S,9.538209948353153
C21-S,S,8.14130512330436
C21-S,S,7.113329774454104
C21-S,S,7.009939386527629
C21-S,S,4.61863264721215
C21-S,S,6.289089941717453
C21-S,S,7.064070996468304
C21-S,S,5.673456927211946
C21-S,S,4.700384704494652
C21-S,S,3.3898702052826586
C21-S,S,2.4558711935816286
C21-S,S,5.194434177962148
C21-S,S,3.79626666125431
C21-S,S,3.563352448545597
C21-S,S,4.238742166217072
C21-S,S,6.349370136900588
C21-S,S,1.9999266016169468
C21-S,S,5.267256901797619
C21-S,S,4.201130578172108
C21-S,S,7.815042036674781
C21-S,S,9.787874727152689
C21-S,S,2.581894140566543
C21-S,S,3.1268290835714136
C21-S,S,2.123112252980832
C21-S,S,4.208679785659095
C21-S,S,6.728039729197636
C21-S,S,3.77950602018642
C21-S,S,9.444564665706157
C21-S,S,1.8515722458467812
C21-S,S,3.919687693400157
C21-S,S,6.35936128412992
C21-S,S,9.189028592430036
C21-S,S,2.23953228725544
C21-S,S,3.7878956110204745
C21-S,S,3.9439084451697126
C21-S,S,3.927777872685193
C21-S,S,7.311387941523849
C21-S,S,2.569569993156261
C21-S,S,2.123112252980832
C21-S,S,6.135799067287671
C21-S,S,9.621051611073112
C21-S,S,3.5004383795485454
C21-S,S,5.462515865469533
C21-S,S,9.067314230509467
C21-S,S,7.550608466857223
C21-S,S,4.995052504385949
C21-S,S,5.806187319199745
C21-S,S,11.126564454377643
C21-S,S,4.879321291024226
C21-S,S,4.101726696299568
C21-S,S,10.76698651157488
C21-S,S,10.446762483210671
C21-S,S,2.2253128908755286
C21-S,S,3.887158602416619
C21-S,S,2.839524648083372
C21-S,S,7.642539570964428
C21-S,S,4.659687967028543
C21-S,S,1.902309646634436
C21-S,S,6.58497505665575
C21-S,S,3.3332110026949118
C21-S,S,2.569569993156261
C21-S,S,8.199582926050782
C21-S,S,7.367613580744885
C21-S,S,4.117175815757948
C21-S,S,3.563352448545597
C21-S,S,6.268867735210284
C21-S,S,4.787374292236132
C21-S,S,2.2955292372589597
C21-S,S,5.386440692775725
C21-S,S,4.659687967028543
C21-S,S,7.371920867625971
C21-S,S,2.678446672979338
C21-S,S,5.439221448613327
C21-S,S,8.011601887248897
C21-S,S,3.6339207337885258
C21-S,S,5.404091556115475
C21-S,S,2.581894140566543
C21-S,S,5.194434177962148
C21-S,S,4.61863264721215
C21-S,S,3.935851422566431
C21-S,S,8.677330256954411
C21-S,S,7.358991443700075
C21-S,S,3.572249721942558
C21-S,S,4.238742166217072
C21-S,S,6.3193019167617175
C21-S,S,4.700384704494652
C21-S,S,2.970647920475658
C21-S,S,5.48571136626395
C21-S,S,6.08384386391535
C21-S,S,3.2463685801555866
C21-S,S,5.860604509712605
C21-S,S,6.779740410565317
C21-S,S,3.0025341426059904
C21-S,S,4.208679785659095
C21-S,S,2.7486362073164146
C21-S,S,5.617227026861333
C21-S,S,10.600599226087162
C21-S,S,7.041566730943534
C21-S,S,9.007602427817972
C21-S,S,2.82832332375742
C21-S,S,5.176068413293333
C21-S,S,4.911742387163257
C21-S,S,2.9813145541504222
C21-S,S,3.589978117293229
C21-S,S,2.6426529037892483
C21-S,S,5.844332554635763
C21-S,S,2.8838949080235423
C21-S,S,6.161612387268624
C21-S,S,5.634154921671018
C21-S,S,6.546296454475322
C21-S,S,9.084801834471314
C21-S,S,7.419135981738698
C21-S,S,4.464867820654131
C21-S,S,4.364197636316881
C21-S,S,8.943943662451268
C21-S,S,6.623427792592039
C21-S,S,11.455499236212503
C21-S,S,2.54474264769613
C21-S,S,2.7944499662047773
C21-S,S,2.416783215221364
C21-S,S,8.947492142520437
C21-S,S,4.707133286153054
C21-S,S,5.61157304754546
C21-S,S,6.675938672626586
C21-S,S,4.464867820654131
C21-S,S,5.617227026861333
C21-S,S,10.898850016940342
C21-S,S,7.879763986871585
C21-S,S,6.187318015728304
C21-S,S,4.436338021664
C21-S,S,5.866018464224818
C21-S,S,2.8838949080235423
C21-S,S,5.967950509724364
C21-S,S,2.077773671184859
C21-S,S,6.580152664901904
C21-S,S,2.046990137236486
C21-S,S,2.9167296841861186
C21-S,S,4.820413844347526
C21-S,S,4.666495403772876
C21-S,S,6.599421088767312
C21-S,S,5.548999065682753
C21-S,S,6.294135341599703
C21-S,S,6.3193019167617175
C21-S,S,3.9998532032338936
C21-S,S,5.617227026861333
C21-S,S,8.184082755430348
C21-S,S,3.6859604338129857
C21-S,S,9.240701138059732
C21-S,S,6.8588749727502405
C21-S,S,4.450625781751057
C21-S,S,4.178401120615919
C21-S,S,10.293710517227453
C21-S,S,5.701363917672956
C21-S,S,7.466052514717561
C21-S,S,5.345028672818396
C21-S,S,5.876831410662726
C21-S,S,1.8686377885916985
C21-S,S,4.866292372465588
C21-S,S,2.6902721021035894
C21-S,S,2.9919431602475197
C21-S,S,4.253693684128203
C21-S,S,8.466243464286748
C21-S,S,8.019522405137081
C21-S,S,3.187159321095311
C21-S,S,3.616407760849512
C21-S,S,3.9759732691923495
C21-S,S,4.5979675205253
C21-S,S,3.1470676707998515
C21-S,S,7.055077904347984
C21-S,S,4.988693427963836
C21-S,S,8.563174112676347
C21-S,S,11.33851806055926
C21-S,S,7.050577056741977
C21-S,S,3.660033074925209
C21-S,S,8.702900218421211
C21-S,S,2.678446672979338
C21-S,S,5.456701584028908
C21-S,S,9.8299454687272
C21-S,S,5.3746412466382045
C21-S,S,7.516900225017875
C21-S,S,7.1799562345864585
C21-S,S,10.043977496164388
C21-S,S,4.879321291024226
C21-S,S,8.454987651468791
C21-S,S,4.385964343097444
C21-S,S,6.840337438925692
C21-S,S,8.390919516317773
C21-S,S,5.617227026861333
C21-S,S,7.959926416497451
C21-S,S,3.3045171172802354
C21-S,S,5.919885696215282
C21-S,S,3.399221589132705
C21-S,S,3.5454909202859826
C21-S,S,6.473151181567945
C21-S,S,3.589978117293229
C21-S,S,5.095718592639985
C21-S,S,7.397711923204088
C21-S,S,3.737275577183397
C21-S,S,9.298916247612176
C21-S,S,5.8876244985628645
C21-S,S,5.756772060397294
C21-S,S,2.429882407183215
C21-S,S,5.967950509724364
C21-S,S,6.937106871671134
C21-S,S,3.87898370671736
C21-S,S,5.350964297826473
C21-S,S,3.554432904021839
C21-S,S,5.033038241633877
C21-S,S,3.3236738987336945
C21-S,S,7.679830579122314
C21-S,S,5.267256901797619
C21-S,S,3.177183837092519
C21-S,S,6.623427792592039
C21-S,S,3.870791546133164
C21-S,S,3.959973311855338
C21-S,S,2.3636606135239884
C21-S,S,6.849612477001458
C21-S,S,6.146137404976707
C21-S,S,4.659687967028543
C21-S,S,5.350964297826473
C21-S,S,2.350192352247326
C21-S,S,3.967981355043056
C21-S,S,4.995052504385949
C21-S,S,4.542400917235657
C21-S,S,3.226752880450537
C21-S,S,2.737062950830321
C21-S,S,3.6251748228320464
C21-S,S,5.157637250622092
C21-S,S,4.5979675205253
C21-S,S,15.316199118105978
C21-S,S,7.068563251928038
C21-S,S,2.1820988181584404
C21-S,S,3.47312634940454
C21-S,S,10.367457445930786
C21-S,S,9.761894920942964
C21-S,S,3.2070172036910374
C21-S,S,5.3746412466382045
C21-S,S,7.80284690513056
C21-S,S,6.765679405984593
C21-S,S,5.194434177962148
C21-S,S,7.487281026469777
C21-S,S,4.457752488928697
C21-S,S,9.298916247612176
C21-S,S,4.436338021664
C21-S,S,7.414856122148768
C21-S,S,7.431960772610292
C21-S,S,6.742179232840828
C21-S,S,6.404128556826101
C21-S,S,2.6902721021035894
C21-S,S,3.887158602416619
C21-S,S,2.970647920475658
C21-S,S,8.901251563502115
C21-S,S,9.305741141189737
C21-S,S,7.923953680189514
C21-S,S,4.07065256165218
C21-S,S,4.659687967028543
C21-S,S,11.541081936071306
C21-S,S,7.688092905964894
C21-S,S,4.464867820654131
C21-S,S,3.927777872685193
C21-S,S,4.500275732966444
C21-S,S,6.478053227845328
C21-S,S,3.4363726552102856
C21-S,S,7.911926422540884
C21-S,S,4.639205722964035
C21-S,S,6.073399489064991
C21-S,S,8.691950874326638
C21-S,S,8.684643642371404
C21-S,S,3.197103680115411
C21-S,S,2.594159739964875
C21-S,S,5.941295840951316
C21-S,S,3.87898370671736
C21-S,S,6.937106871671134
C21-S,S,3.177183837092519
C21-S,S,8.121786262511955
C21-S,S,6.94625269880908
C21-S,S,4.283440156211276
C21-S,S,9.501530802027244
C21-S,S,4.163179208013847
C21-S,S,8.844008194418658
C21-S,S,5.327182116575558
C21-S,S,3.408547317463651
C21-S,S,6.760985906005222
C21-S,S,2.1820988181584404
C21-S,S,3.463974485409113
C21-S,S,9.332990807545752
C21-S,S,10.037654563528829
C21-S,S,5.48571136626395
C21-S,S,7.588351260322693
C21-S,S,5.297304247100458
C21-S,S,4.82699461716502
C21-S,S,4.155547342369718
C21-S,S,8.488710315280805
C21-S,S,4.995052504385949
C21-S,S,5.9626291083008445
C21-S,S,3.454798377937929
C21-S,S,4.201130578172108
C21-S,S,3.226752880450537
C21-S,S,5.014081344739102
C21-S,S,2.7254405503413945
C21-S,S,9.935940430030875
C21-S,S,8.757441593424284
C21-S,S,2.196597973132827
C21-S,S,8.85835371592236
C21-S,S,4.563317685959601
C21-S,S,9.06381266087493
C21-S,S,5.157637250622092
C21-S,S,8.904817055959748
C21-S,S,10.024996734327646
C21-S,S,2.959942848107641
C21-S,S,6.020905855446263
C21-S,S,5.951972032564583
C21-S,S,7.2678414675770515
C21-S,S,3.3522038117053645
C21-S,S,6.052456669842732
C21-S,S,2.949198918469352
C21-S,S,5.345028672818396
C21-S,S,2.046990137236486
C21-S,S,5.076995742098715
C21-S,S,3.607619393640327
C21-S,S,8.424898632006649
C21-S,S,7.712826780819364
C21-S,S,7.285291292136759
C21-S,S,4.261149769927706
C21-S,S,5.033038241633877
C21-S,S,2.2536619686684074
C21-S,S,3.116660506777289
C21-S,S,7.546403170810133
C21-S,S,7.959926416497451
C21-S,S,3.167176934009081
C21-S,S,11.5383311120694
C21-S,S,8.051126556786812
C21-S,S,5.577528811916794
C21-S,S,2.23953228725544
C21-S,S,7.939961683738786
C21-S,S,9.955090991512776
C21-S,S,7.294000549630446
C21-S,S,5.673456927211946
C21-S,S,4.570268668946549
C21-S,S,5.751255267505358
C21-S,S,7.721053798391122
C21-S,S,5.139139986312522
C21-S,S,6.329340528199906
C21-S,S,1.8169603668942629
C21-S,S,2.760160937976904
C21-S,S,4.178401120615919
C21-S,S,4.178401120615919
C21-S,S,3.454798377937929
C21-S,S,8.771928686194888
C21-S,S,9.302329320308353
C21-S,S,6.202690258093208
C21-S,S,5.218821326950407
C21-S,S,8.79722369269011
C21-S,S,7.815042036674781
C21-S,S,3.197103680115411
C21-S,S,6.314276626172275
C21-S,S,6.334353868018162
C21-S,S,4.892315511878591
C21-S,S,6.104679006626931
C21-S,S,5.450881100682789
C21-S,S,3.216900176899038
C21-S,S,5.667859040375513
C21-S,S,4.320335240309157
C21-S,S,4.9695673763539245
C21-S,S,3.694562453525125
C21-S,S,8.640670480618313
C21-S,S,9.594620100662157
C21-S,S,2.1820988181584404
C21-S,S,6.699671199207101
C21-S,S,3.0653116803502
C21-S,S,4.047190391814686
C21-S,S,5.531810591556775
C21-S,S,4.604866200354616
C21-S,S,9.627648150491275
C21-S,S,4.124878677152203
C21-S,S,9.524888419578044
C21-S,S,4.2237377220823085
C21-S,S,7.6134091752786865
C21-S,S,3.427122644743577
C21-S,S,7.596713082430227
C21-S,S,6.094270339197796
C21-S,S,4.062846892798531
C21-S,S,9.919953387607638
C21-S,S,3.536526327127732
C21-S,S,7.324401398172323
C21-S,S,2.2110020486046644
C21-S,S,6.482951567469869
C21-S,S,3.821269785482214
C21-S,S,6.026175795934756
C21-S,S,9.343188942958491
C21-S,S,7.126704897091194
C21-S,S,3.0756500290270585
C21-S,S,5.039341360248559
C21-S,S,2.2110020486046644
C21-S,S,12.330950127782405
C21-S,S,8.261292793200587
C21-S,S,8.421129945335407
C21-S,S,4.356917902080675
C21-S,S,5.05820358973422
C21-S,S,2.0314234463992653
C21-S,S,5.729134972974281
C21-S,S,6.61863341788302
C21-S,S,4.866292372465588
C21-S,S,5.00774643210875
C21-S,S,6.120258816752761
C21-S,S,3.5454909202859826
C21-S,S,2.507040672369551
C21-S,S,2.390369490821483
C21-S,S,5.157637250622092
C21-S,S,5.114372902464696
C21-S,S,6.99634104319558
C21-S,S,3.1571383130861377
C21-S,S,2.7020457780577374
C21-S,S,7.358991443700075
C21-S,S,5.14531312966267
C21-S,S,10.828722639861718
C21-S,S,8.753816074083055
C21-S,S,3.527538952173992
C21-S,S,4.147901434618866
C21-S,S,3.837848040264863
C21-S,S,4.007781562259003
C21-S,S,7.766146611714237
C21-S,S,5.935950544465699
C21-S,S,6.418981600101679
C21-S,S,5.951972032564583
C21-S,S,7.883791466810949
C21-S,S,4.646043170628641
C21-S,S,4.500275732966444
C21-S,S,4.231246595071459
C21-S,S,8.149099577098525
C21-S,S,2.8617957708052053
C21-S,S,4.747423321527871
C21-S,S,4.261149769927706
C21-S,S,3.919687693400157
C21-S,S,7.406288983387125
C21-S,S,6.399169881241846
C21-S,S,7.745682421699629
C21-S,S,3.6251748228320464
C21-S,S,10.621540179072865
C21-S,S,10.61556126490416
C21-S,S,5.291308428260988
C21-S,S,3.216900176899038
C21-S,S,7.630068733875785
C21-S,S,6.453505760901074
C21-S,S,2.80578652377273
C21-S,S,8.398482311468427
C21-S,S,6.656891733175485
C21-S,S,4.514361137464771
C21-S,S,4.335005351251914
C21-S,S,8.031388536024389
C21-S,S,6.666422005389823
C21-S,S,5.297304247100458
C21-S,S,3.29489695969924
C21-S,S,7.171108472464449
C21-S,S,3.554432904021839
C21-S,S,6.047209632298272
C21-S,S,6.789098234771531
C21-S,S,2.7020457780577374
C21-S,S,3.116660506777289
C21-S,S,8.808042172317101
C21-S,S,5.479921695662696
C21-S,S,5.014081344739102
C21-S,S,3.3236738987336945
C21-S,S,8.673671251834122
C21-S,S,8.314913244410125
C21-S,S,3.8625820108126097
C21-S,S,11.388799983762931
C21-S,S,7.815042036674781
C21-S,S,6.238411517476531
C21-S,S,5.40996237974363
C21-S,S,2.7944499662047773
C21-S,S,2.5322376941434093
C21-S,S,6.551143768323128
C21-S,S,8.589083927145536
C21-S,S,3.6251748228320464
C21-S,S,4.707133286153054
C21-S,S,9.407520411230296
C21-S,S,6.482951567469869
C21-S,S,4.956775675920353
C21-S,S,7.202028085712445
C21-S,S,7.175533717237639
C21-S,S,3.399221589132705
C21-S,S,2.905825983649
C21-S,S,2.9919431602475197
C21-S,S,3.668695887220588
C21-S,S,1.3800804689884518
C21-S,S,7.090981840571965
C21-S,S,4.521387384732147
C21-S,S,3.034085280212642
C21-S,S,7.250349645664093
C21-S,S,5.967950509724364
C21-S,S,5.0644753882868185
C21-S,S,3.417847600281708
C21-S,S,8.291975509002073
C21-S,S,5.762283571530794
C21-S,S,3.3898702052826586
C21-S,S,6.927948970818226
C21-S,S,2.3230215853143203
C21-S,S,3.5004383795485454
C21-S,S,5.333137604311858
C21-S,S,3.1369646987543267
C21-S,S,6.914189376360252
C21-S,S,7.679830579122314
C21-S,S,10.2163247368322
C21-S,S,2.569569993156261
C21-S,S,5.479921695662696
C21-S,S,4.853228476755571
C21-S,S,2.959942848107641
C21-S,S,4.507323937336815
C21-S,S,5.14531312966267
C21-S,S,5.315251122612825
C21-S,S,2.6426529037892483
C21-S,S,5.946636332673134
C21-S,S,7.712826780819364
C21-S,S,6.078623919699069
C21-S,S,4.813824075245639
C21-S,S,12.985474320622346
C21-S,S,6.770369652236635
C21-S,S,4.632358183109277
C21-S,S,4.283440156211276
C21-S,S,6.078623919699069
C21-S,S,6.599421088767312
C21-S,S,5.983886320495039
C21-S,S,8.544619000704271
C21-S,S,6.647347797467389
C21-S,S,4.342321821185702
C21-S,S,5.849761568862286
C21-S,S,4.335005351251914
C21-S,S,5.729134972974281
C21-S,S,7.7824792198946255
C21-S,S,2.7254405503413945
C21-S,S,8.581689105346584
C21-S,S,3.919687693400157
C21-S,S,8.311094684739436
C21-S,S,7.879763986871585
C21-S,S,7.232815521699024
C21-S,S,6.104679006626931
C21-S,S,6.849612477001458
C21-S,S,13.389862848307644
C21-S,S,2.51967068012428
C21-S,S,5.61157304754546
C21-S,S,7.018990312681511
C21-S,S,6.746885815775521
C21-S,S,5.729134972974281
C21-S,S,6.98271621810701
C21-S,S,7.131157696586606
C21-S,S,5.667859040375513
C21-S,S,5.279296361851663
C21-S,S,6.580152664901904
C21-S,S,5.468323964787487
C21-S,S,2.7944499662047773
C21-S,S,4.570268668946549
C21-S,S,9.144009526940607
C21-S,S,4.48614610395171
C21-S,S,3.616407760849512
C21-S,S,8.176321651024184
C21-S,S,7.414856122148768
C21-S,S,6.98271621810701
C21-S,S,9.4041455159069
C21-S,S,3.4455978332997264
C21-S,S,6.2638019826777525
C21-S,S,6.732756196464014
C21-S,S,6.487846208837168
C21-S,S,9.1959350410506
C21-S,S,4.238742166217072
C21-S,S,11.645131754638804
C21-S,S,4.591058474517919
C21-S,S,5.548999065682753
C21-S,S,3.0756500290270585
C21-S,S,6.623427792592039
C21-S,S,6.656891733175485
C21-S,S,9.088295317328557
C21-S,S,12.54279815403914
C21-S,S,8.094380783629372
C21-S,S,6.364350975979666
C21-S,S,8.793614575125831
C21-S,S,6.760985906005222
C21-S,S,8.469992077914881
C21-S,S,11.804865538467649
C21-S,S,5.673456927211946
C21-S,S,2.377052565528869
C21-S,S,7.559012040372839
C21-S,S,7.068563251928038
C21-S,S,6.536591042978795
C21-S,S,5.05820358973422
C21-S,S,4.5979675205253
C21-S,S,7.831272671057049
C21-S,S,4.639205722964035
C21-S,S,9.977386855927673
C21-S,S,4.039339384631394
C21-S,S,4.155547342369718
C21-S,S,3.854354989734393
C21-S,S,3.8625820108126097
C21-S,S,2.23953228725544
C21-S,S,5.617227026861333
C21-S,S,4.2162154761798245
C21-S,S,9.65398923433004
C21-S,S,6.334353868018162
C21-S,S,4.078443291385604
C21-S,S,7.5548114220765825
C21-S,S,3.5454909202859826
C21-S,S,11.086550992546831
C21-S,S,8.110052397108145
C21-S,S,10.379697659693022
C21-S,S,6.057699162527515
C21-S,S,4.268592831966727
C21-S,S,7.575791222040949
C21-S,S,4.639205722964035
C21-S,S,4.246224505961664
C21-S,S,7.967898302738277
C21-S,S,3.2070172036910374
C21-S,S,6.969064755942961
C21-S,S,4.356917902080675
C21-S,S,2.5322376941434093
C21-S,S,11.228801497866106
C21-S,S,9.491502798386785
C21-S,S,6.197570413838121
C21-S,S,4.727321227047977
C21-S,S,5.520321875953807
C21-S,S,6.418981600101679
C21-S,S,4.238742166217072
C21-S,S,5.622875320924713
C21-S,S,3.3332110026949118
C21-S,S,5.849761568862286
C21-S,S,7.588351260322693
C21-S,S,7.294000549630446
C21-S,S,7.037057241700398
C21-S,S,9.999633008084734
C21-S,S,2.3636606135239884
C21-S,S,9.878265989969703
C21-S,S,6.073399489064991
C21-S,S,7.798777623547346
C21-S,S,4.982326235288772
C21-S,S,9.696640881267928
C21-S,S,3.28524863163696
C21-S,S,7.923953680189514
C21-S,S,6.243497870965171
C21-S,S,8.904817055959748
C21-S,S,5.327182116575558
C21-S,S,3.1571383130861377
C21-S,S,4.9695673763539245
C21-S,S,8.019522405137081
C21-S,S,3.454798377937929
C21-S,S,5.479921695662696
C21-S,S,8.125693785597061
C21-S,S,6.243497870965171
C21-S,S,2.7944499662047773
C21-S,S,6.637790139328675
C21-S,S,6.140970411709458
C21-S,S,2.481587823589891
C21-S,S,3.737275577183397
C21-S,S,9.042774769464296
C21-S,S,8.95812914902176
C21-S,S,5.903777133849647
C21-S,S,2.1820988181584404
C21-S,S,4.747423321527871
C21-S,S,2.481587823589891
C21-S,S,2.6902721021035894
C21-S,S,5.778786565432402
C21-S,S,5.951972032564583
C21-S,S,5.909151533809971
C21-S,S,5.622875320924713
C21-S,S,4.298236193901963
C21-S,S,6.243497870965171
C21-S,S,4.378720796712142
C21-S,S,4.163179208013847
C21-S,S,7.483040141945754
C21-S,S,2.80578652377273
C21-S,S,3.25613211672748
C21-S,S,6.099476893192464
C21-S,S,6.2991767003107
C21-S,S,9.9964580173687
C21-S,S,3.5988095651210856
C21-S,S,4.185991319643072
C21-S,S,6.991802384889051
C21-S,S,4.276022938254716
C21-S,S,8.387135561439298
C21-S,S,3.226752880450537
C21-S,S,10.428514849221882
C21-S,S,12.94630236313589
C21-S,S,2.7944499662047773
C21-S,S,2.377052565528869
C21-S,S,11.10371727533252
C21-S,S,6.423924982890654
C21-S,S,8.066882201126342
C21-S,S,4.201130578172108
C21-S,S,4.140241406965356
C21-S,S,4.82699461716502
C21-S,S,3.854354989734393
C21-S,S,8.63331984510612
C21-S,S,7.10439903675249
C21-S,S,13.053742399239392
C21-S,S,4.312981472867047
C21-S,S,10.982989865664134
C21-S,S,7.712826780819364
C21-S,S,10.4801339599076
C21-S,S,8.066882201126342
C21-S,S,9.852524536467284
C21-S,S,5.18831947992975
C21-S,S,8.14130512330436
C21-S,S,6.364350975979666
C21-S,S,7.931961720313236
C21-S,S,9.846078657768498
C21-S,S,2.2536619686684074
C21-S,S,4.646043170628641
C21-S,S,11.089413885039368
C21-S,S,7.4490261470254815
C21-S,S,4.0156942680121945
C21-S,S,5.903777133849647
C21-S,S,8.180203123662004
C21-S,S,9.06381266087493
C21-S,S,3.0653116803502
C21-S,S,6.344368662995729
C21-S,S,3.804619293268873
C21-S,S,9.571432654127117
C21-S,S,9.390633805601237
C21-S,S,3.177183837092519
C21-S,S,3.563352448545597
C21-S,S,7.499989291953865
C21-S,S,3.935851422566431
C21-S,S,6.364350975979666
C21-S,S,5.560428530039174
C21-S,S,4.5979675205253
C21-S,S,8.234351631515896
C21-S,S,2.737062950830321
C21-S,S,7.835325076332686
C21-S,S,4.0235914128436026
C21-S,S,3.25613211672748
C21-S,S,8.137405096674186
C21-S,S,7.333064205928805
C21-S,S,8.926180102389168
C21-S,S,6.831049807433915
C21-S,S,2.594159739964875
C21-S,S,5.876831410662726
C21-S,S,3.771097765009893
C21-S,S,2.817077460835509
C21-S,S,2.82832332375742
C21-S,S,4.760777562595452
C21-S,S,6.304214027545383
C21-S,S,8.121786262511955
C21-S,S,2.3230215853143203
C21-S,S,4.422004097209329
C21-S,S,5.6790492961667445
C21-S,S,7.466052514717561
C21-S,S,5.893013629666946
C21-S,S,6.036701875215923
C21-S,S,8.265134361784492
C21-S,S,6.877362539903705
C21-S,S,6.709140703861462
C21-S,S,4.879321291024226
C21-S,S,4.787374292236132
C21-S,S,10.132084249433303
C21-S,S,3.380492953002611
C21-S,S,7.979841199727464
C21-S,S,5.531810591556775
C21-S,S,11.335718080751024
C21-S,S,6.468245420210314
C21-S,S,10.471043195762311
C21-S,S,8.249757354304405
C21-S,S,9.447925122907568
C21-S,S,8.986432945137661
C21-S,S,4.6732929243517525
C21-S,S,4.47906457451088
C21-S,S,3.660033074925209
C21-S,S,6.937106871671134
C21-S,S,2.377052565528869
C21-S,S,6.289089941717453
C21-S,S,9.25100101248653
C21-S,S,8.082607132621263
C21-S,S,3.572249721942558
C21-S,S,2.7944499662047773
C21-S,S,8.447475444164617
C21-S,S,4.82699461716502
C21-S,S,5.866018464224818
C21-S,S,11.837089981142087
C21-S,S,8.253604291960114
C21-S,S,6.314276626172275
C21-S,S,2.654637785700438
C21-S,S,6.354367674185038
C21-S,S,8.2996284644926
C21-S,S,7.638384887552759
C21-S,S,5.1081623684161
C21-S,S,1.9999266016169468
C21-S,S,3.116660506777289
C21-S,S,5.404091556115475
C21-S,S,10.609578981383194
C21-S,S,3.187159321095311
C21-S,S,4.443487644387506
C21-S,S,3.482254161070224
C21-S,S,5.456701584028908
C21-S,S,3.895316341929664
C21-S,S,2.4558711935816286
C21-S,S,6.746885815775521
C21-S,S,7.1799562345864585
C21-S,S,6.329340528199906
C21-S,S,7.113329774454104
C21-S,S,5.08948529539226
C21-S,S,2.7254405503413945
C21-S,S,5.273280067746964
C21-S,S,12.279355967908144
C21-S,S,4.800617399948569
C21-S,S,4.464867820654131
C21-S,S,4.88582272134439
C21-S,S,5.706928939903308
C21-S,S,9.81378575786819
C21-S,S,2.336646462175876
C21-S,S,3.417847600281708
C21-S,S,11.780639360876645
C21-S,S,6.555987498203587
C21-S,S,5.427536748869573
C21-S,S,10.642439926971573
C21-S,S,7.3805279001752195
C21-S,S,13.74779981709781
C21-S,S,6.642570687401961
C21-S,S,7.367613580744885
C21-S,S,8.187960548945943
C21-S,S,3.660033074925209
C21-S,S,8.581689105346584
C21-S,S,7.786557019084522
C21-S,S,4.931092727575152
C21-S,S,10.425470471737883
C21-S,S,4.268592831966727
C21-S,S,7.082022921213671
C21-S,S,4.261149769927706
C21-S,S,7.197619130242171
C21-S,S,7.939961683738786
C21-S,S,2.7020457780577374
C21-S,S,9.5979280201194
C21-S,S,9.247568995669294
C21-S,S,8.53346656741023
C21-S,S,5.212735235868942
C21-S,S,7.333064205928805
C21-S,S,4.591058474517919
C21-S,S,6.334353868018162
C21-S,S,6.872745310420571
C21-S,S,6.872745310420571
C21-S,S,4.740732094352511
C21-S,S,3.1470676707998515
C21-S,S,3.754224759725641
C21-S,S,5.157637250622092
C21-S,S,7.712826780819364
C21-S,S,3.7117066869195305
C21-S,S,4.132567180892246
C21-S,S,2.196597973132827
C21-S,S,5.560428530039174
C21-S,S,9.584689492411425
C21-S,S,10.498291872385014
C21-S,S,4.457752488928697
C21-S,S,10.642439926971573
C21-S,S,8.121786262511955
C21-S,S,2.654637785700438
C21-S,S,4.007781562259003
C21-S,S,5.020408263779298
C21-S,S,9.457999330627825
C21-S,S,4.298236193901963
C21-S,S,2.0314234463992653
C21-S,S,6.404128556826101
C21-S,S,4.07065256165218
C21-S,S,3.870791546133164
C21-S,S,9.38048725071424
C21-S,S,4.132567180892246
C21-S,S,4.047190391814686
C21-S,S,6.068170560425284
C21-S,S,7.794706217567151
C21-S,S,9.722795051176318
C21-S,S,3.554432904021839
C21-S,S,5.6454119856849525
C21-S,S,9.254431756536407
C21-S,S,7.1799562345864585
C21-S,S,4.911742387163257
C21-S,S,12.74116518999056
C21-S,S,4.956775675920353
C21-S,S,4.185991319643072
C21-S,S,10.45283794896599
C21-S,S,5.860604509712605
C21-S,S,4.680080571972979
C21-S,S,5.114372902464696
C21-S,S,6.840337438925692
C21-S,S,8.156886582771207
C21-S,S,2.7020457780577374
C21-S,S,6.404128556826101
C21-S,S,5.526069219390664
C21-S,S,4.570268668946549
C21-S,S,4.400415665098895
C21-S,S,7.474551154366794
C21-S,S,6.438732359393037
C21-S,S,5.594576825627681
C21-S,S,2.4943467139819178
C21-S,S,4.794000418995204
C21-S,S,8.790003975681847
C21-S,S,7.289647221549644
C21-S,S,2.959942848107641
C21-S,S,3.589978117293229
C21-S,S,7.815042036674781
C21-S,S,5.684636163524871
C21-S,S,5.6790492961667445
C21-S,S,2.7486362073164146
C21-S,S,6.329340528199906
C21-S,S,4.963175647179782
C21-S,S,6.026175795934756
C21-S,S,3.554432904021839
C21-S,S,8.786391892531308
C21-S,S,7.600890543885589
C21-S,S,6.253658167142827
C21-S,S,5.63978626232879
C21-S,S,6.068170560425284
C21-S,S,5.882230430093234
C21-S,S,10.573614203376948
C21-S,S,7.082022921213671
C21-S,S,9.220066870840023
C21-S,S,2.8617957708052053
C21-S,S,7.546403170810133
C21-S,S,4.88582272134439
C21-S,S,3.116660506777289
C21-S,S,3.371089616420414
C21-S,S,5.701363917672956
C21-S,S,2.9813145541504222
C21-S,S,9.961466330617416
C21-S,S,13.058605033939337
C21-S,S,5.548999065682753
C21-S,S,7.609238586537745
C21-S,S,8.933289765087318
C21-S,S,4.820413844347526
C21-S,S,3.9759732691923495
C21-S,S,9.01464787467363
C21-S,S,11.704948374806197
C21-S,S,2.442911360672195
C21-S,S,2.4558711935816286
C21-S,S,11.33851806055926
C21-S,S,4.659687967028543
C21-S,S,5.800717523054638
C21-S,S,5.303293287167072
C21-S,S,4.713872206262367
C21-S,S,5.543275496273416
C21-S,S,10.47710458162205
C21-S,S,3.265866464653287
C21-S,S,6.349370136900588
C21-S,S,4.535407224223704
C21-S,S,2.0624393385761013
C21-S,S,2.959942848107641
C21-S,S,6.507387958541733
C21-S,S,2.666568802155929
C21-S,S,4.9695673763539245
C21-S,S,4.666495403772876
C21-S,S,3.4363726552102856
C21-M,M,5.99977980485084
C21-M,M,7.358991443700075
C21-M,M,7.59253332250862
C21-M,M,5.1081623684161
C21-M,M,10.543549842829355
C21-M,M,18.811666229872703
C21-M,M,13.230070713007663
C21-M,M,11.546581618030377
C21-M,M,8.113965570989464
C21-M,M,12.990362509886625
C21-M,M,7.202028085712445
C21-M,M,7.646691997008898
C21-M,M,4.521387384732147
C21-M,M,7.289647221549644
C21-M,M,10.321427364601467
C21-M,M,9.55815742907804
C21-M,M,8.031388536024389
C21-M,M,14.942730594737212
C21-M,M,5.651032108515939
C21-M,M,12.771027336866071
C21-M,M,24.558711935816287
C21-M,M,16.274810193348372
C21-M,M,10.64542225571919
C21-M,M,4.283440156211276
C21-M,M,9.319375934057083
C21-M,M,4.872811186335824
C21-M,M,16.072655172159635
C21-M,M,8.943943662451268
C21-M,M,5.531810591556775
C21-M,M,11.802176196699412
C21-M,M,9.919953387607638
C21-M,M,8.383349898614332
C21-M,M,9.544863740545935
C21-M,M,11.965119915114425
C21-M,M,10.33679349989918
C21-M,M,14.022142782561025
C21-M,M,10.549569569179232
C21-M,M,10.37357935815364
C21-M,M,4.787374292236132
C21-M,M,11.502510535010716
C21-M,M,5.139139986312522
C21-M,M,8.02347973200272
C21-M,M,8.265134361784492
C21-M,M,4.963175647179782
C21-M,M,5.48571136626395
C21-M,M,9.025205732527438
C21-M,M,9.498189310521754
C21-M,M,9.049792833981646
C21-M,M,9.693366648224634
C21-M,M,7.144499443885116
C21-M,M,9.264716366218554
C21-M,M,11.16643453410707
C21-M,M,4.956775675920353
C21-M,M,6.909596755875858
C21-M,M,10.787604477546202
C21-M,M,16.25334074559829
C21-M,M,12.24570319511645
C21-M,M,11.734742344588089
C21-M,M,17.4767816710724
C21-M,M,18.1573700095282
C21-M,M,6.909596755875858
C21-M,M,11.9412188637845
C21-M,M,13.826083014553657
C21-M,M,11.81024238481271
C21-M,M,8.043237160911788
C21-M,M,11.422198295884725
C21-M,M,9.192482465355022
C21-M,M,5.925245485177561
C21-M,M,22.89713905643745
C21-M,M,9.69009130883455
C21-M,M,19.64535377747972
C21-M,M,9.209732400709232
C21-M,M,9.993282017918446
C21-M,M,8.375773439860426
C21-M,M,10.86968526030688
C21-M,M,4.393195946265654
C21-M,M,7.113329774454104
C21-M,M,14.78683932358138
C21-M,M,15.953714303615415
C21-M,M,14.842549971916714
C21-M,M,10.097562567304244
C21-M,M,17.54747578170378
C21-M,M,14.500699291328186
C21-M,M,4.393195946265654
C21-M,M,9.431110863056064
C21-M,M,14.69855889682858
C21-M,M,15.444163118601235
C21-M,M,12.377200988688314
C21-M,M,7.630068733875785
C21-M,M,11.427755191516724
C21-M,M,7.6134091752786865
C21-M,M,9.680258641351614
C21-M,M,6.036701875215923
C21-M,M,8.2996284644926
C21-M,M,5.404091556115475
C21-M,M,6.369336758942496
C21-M,M,8.518573944250116
C21-M,M,9.220066870840023
C21-M,M,16.054870216008748
C21-M,M,9.891111594863505
C21-M,M,13.456079458395273
C21-M,M,7.671559353697044
C21-M,M,14.48098385149506
C21-M,M,16.350701989843266
C21-M,M,8.919064772360537
C21-M,M,12.803299398307326
C21-M,M,6.394207360230822
C21-M,M,7.037057241700398
C21-M,M,10.47710458162205
C21-M,M,7.708709979468785
C21-M,M,7.512676060466802
C21-M,M,6.068170560425284
C21-M,M,14.550961831262896
C21-M,M,6.891195666599453
C21-M,M,7.919946623710677
C21-M,M,14.40405617142489
C21-M,M,18.460779540729057
C21-M,M,6.364350975979666
C21-M,M,5.249145936192507
C21-M,M,6.253658167142827
C21-M,M,6.522005845831655
C21-M,M,7.474551154366794
C21-M,M,11.397158737169844
C21-M,M,8.30727436981236
C21-M,M,7.188793107142709
C21-M,M,5.163788281133086
C21-M,M,11.826358256378134
C21-M,M,16.938110160121187
C21-M,M,16.740173190361823
C21-M,M,8.180203123662004
C21-M,M,12.1258742442843
C21-M,M,18.360776450258285
C21-M,M,6.374318642190622
C21-M,M,5.243095045493981
C21-M,M,10.805245706792212
C21-M,M,9.37371677906298
C21-M,M,5.039341360248559
C21-M,M,8.577989303878937
C21-M,M,11.126564454377643
C21-M,M,11.620572574216473
C21-M,M,5.380544204207179
C21-M,M,11.29925520388621
C21-M,M,15.336910688241558
C21-M,M,4.371465247739782
C21-M,M,13.012336637534895
C21-M,M,7.406288983387125
C21-M,M,7.337391774441175
C21-M,M,5.25518985982515
C21-M,M,9.794358911187595
C21-M,M,7.708709979468785
C21-M,M,9.999633008084734
C21-M,M,13.277971198132592
C21-M,M,5.218821326950407
C21-M,M,11.433309386348428
C21-M,M,7.457544189999471
C21-M,M,9.431110863056064
C21-M,M,9.660563282919163
C21-M,M,9.01464787467363
C21-M,M,4.268592831966727
C21-M,M,18.18706605035791
C21-M,M,15.283002223766958
C21-M,M,12.03126259654976
C21-M,M,17.42038426884109
C21-M,M,11.00897147873252
C21-M,M,5.1267714004225615
C21-M,M,5.1267714004225615
C21-M,M,5.421684955525073
C21-M,M,5.531810591556775
C21-M,M,4.0550261985540725
C21-M,M,8.793614575125831
C21-M,M,13.075610014678674
C21-M,M,5.849761568862286
C21-M,M,3.2365755907839726
C21-M,M,7.023511401918536
C21-M,M,4.471971831225634
C21-M,M,10.624528374427824
C21-M,M,9.581377002423984
C21-M,M,6.146137404976707
C21-M,M,4.371465247739782
C21-M,M,20.51637112881389
C21-M,M,14.282332687786354
C21-M,M,5.139139986312522
C21-M,M,9.144009526940607
C21-M,M,12.033900742091072
C21-M,M,8.469992077914881
C21-M,M,15.973599284914185
C21-M,M,13.517275867499318
C21-M,M,11.650582319765077
C21-M,M,9.484811572459336
C21-M,M,8.876253014262797
C21-M,M,6.849612477001458
C21-M,M,7.22403250021792
C21-M,M,14.248954907436856
C21-M,M,10.32450242123594
C21-M,M,4.101726696299568
C21-M,M,4.892315511878591
C21-M,M,20.089535165781943
C21-M,M,7.843423605705187
C21-M,M,3.572249721942558
C21-M,M,6.294135341599703
C21-M,M,12.2171553688203
C21-M,M,10.422425204995031
C21-M,M,6.661658573552302
C21-M,M,10.731549268399323
C21-M,M,5.537546011025326
C21-M,M,11.764460860186468
C21-M,M,7.700469774035611
C21-M,M,9.729322608172897
C21-M,M,12.703738794078912
C21-M,M,11.140820148186307
C21-M,M,8.922623146638298
C21-M,M,7.363303774245206
C21-M,M,8.098301530182193
C21-M,M,11.65875338960864
C21-M,M,5.946636332673134
C21-M,M,7.423413373839061
C21-M,M,13.770870482457614
C21-M,M,11.804865538467649
C21-M,M,8.291975509002073
C21-M,M,3.837848040264863
C21-M,M,6.756289145517565
C21-M,M,8.387135561439298
C21-M,M,7.991766249269069
C21-M,M,15.63211487749941
C21-M,M,9.670415976232576
C21-M,M,6.08384386391535
C21-M,M,8.039289559613433
C21-M,M,12.276770568159955
C21-M,M,8.30727436981236
C21-M,M,5.767789816047085
C21-M,M,4.82699461716502
C21-M,M,6.036701875215923
C21-M,M,19.049776839156088
C21-M,M,15.694939472568365
C21-M,M,11.656030336111357
C21-M,M,13.37563092628952
C21-M,M,16.09042047037351
C21-M,M,6.551143768323128
C21-M,M,9.427744412524731
C21-M,M,15.470860049708897
C21-M,M,17.948122037214457
C21-M,M,8.113965570989464
C21-M,M,9.202836306593085
C21-M,M,6.349370136900588
C21-M,M,5.822565877319402
C21-M,M,11.855847124739498
C21-M,M,8.55946630816709
C21-M,M,3.085953743077969
C21-M,M,4.170797108635421
C21-M,M,8.031388536024389
C21-M,M,12.036538309408684
C21-M,M,15.326558401751
C21-M,M,5.8876244985628645
C21-M,M,7.696346362883708
C21-M,M,3.3236738987336945
C21-M,M,8.979365360131526
C21-M,M,9.397392089171673
C21-M,M,8.333979798324496
C21-M,M,11.304872532199342
C21-M,M,16.03508601845519
C21-M,M,11.049265888131435
C21-M,M,7.491519510266065
C21-M,M,3.870791546133164
C21-M,M,5.919885696215282
C21-M,M,6.854245289487154
C21-M,M,8.625962945734093
C21-M,M,7.638384887552759
C21-M,M,10.816990542549377
C21-M,M,3.554432904021839
C21-M,M,21.926926498402125
C21-M,M,12.638603833523437
C21-M,M,3.951949041579833
C21-M,M,20.306419793780808
C21-M,M,24.452491997149444
C21-M,M,6.354367674185038
C21-M,M,8.929735641308262
C21-M,M,16.10619539619202
C21-M,M,4.666495403772876
C21-M,M,4.652870570594867
C21-M,M,10.925031730939066
C21-M,M,6.914189376360252
C21-M,M,12.738673517884992
C21-M,M,13.354254604658683
C21-M,M,9.891111594863505
C21-M,M,7.879763986871585
C21-M,M,10.501315138645635
C21-M,M,8.644343454421017
C21-M,M,4.943950879071324
C21-M,M,12.133725248178552
C21-M,M,5.0644753882868185
C21-M,M,11.60417091103261
C21-M,M,7.126704897091194
C21-M,M,8.48496997127226
C21-M,M,8.265134361784492
C21-M,M,5.398214347681629
C21-M,M,5.537546011025326
C21-M,M,9.437840161709651
C21-M,M,9.007602427817972
C21-M,M,10.719710821035749
C21-M,M,6.905001080770909
C21-M,M,9.29208634125728
C21-M,M,10.37357935815364
C21-M,M,5.571834549266443
C21-M,M,12.936490840420628
C21-M,M,8.066882201126342
C21-M,M,10.666275208623716
C21-M,M,6.959948905401588
C21-M,M,6.661658573552302
C21-M,M,11.197661436277198
C21-M,M,11.546581618030377
C21-M,M,5.63978626232879
C21-M,M,7.363303774245206
C21-M,M,16.023203774497794
C21-M,M,6.881976671613579
C21-M,M,6.187318015728304
C21-M,M,6.284040490930088
C21-M,M,4.147901434618866
C21-M,M,5.120575904019775
C21-M,M,8.552045876509432
C21-M,M,7.005409538308847
C21-M,M,16.932486928573496
C21-M,M,13.77547997898251
C21-M,M,14.049282439145475
C21-M,M,7.131157696586606
C21-M,M,16.939984155829762
C21-M,M,10.769934351879687
C21-M,M,10.528485469022268
C21-M,M,8.514846718543687
C21-M,M,12.062882263683528
C21-M,M,8.514846718543687
C21-M,M,11.097998131365506
C21-M,M,12.476823034953062
C21-M,M,9.021687819420674
C21-M,M,17.338190647318452
C21-M,M,10.35826779355976
C21-M,M,10.666275208623716
C21-M,M,10.994544829265658
C21-M,M,10.275191083006794
C21-M,M,9.55815742907804
C21-M,M,9.73584578866314
C21-M,M,4.305615145589724
C21-M,M,7.009939386527629
C21-M,M,9.074313316252915
C21-M,M,8.548333245174712
C21-M,M,6.817094634927302
C21-M,M,6.978168698107828
C21-M,M,7.050577056741977
C21-M,M,6.821749531089322
C21-M,M,8.295802869237733
C21-M,M,18.512293303431743
C21-M,M,8.936842475414716
C21-M,M,16.224018440019226
C21-M,M,5.368731798730674
C21-M,M,6.146137404976707
C21-M,M,9.913551351840706
C21-M,M,8.735665907191104
C21-M,M,12.17029630063971
C21-M,M,11.321707794738913
C21-M,M,10.93374503690816
C21-M,M,9.407520411230296
C21-M,M,11.237279265399096
C21-M,M,9.967837592113444
C21-M,M,3.2070172036910374
C21-M,M,10.53451380359524
C21-M,M,14.017614397885348
C21-M,M,12.188540678395592
C21-M,M,14.195387218158658
C21-M,M,5.279296361851663
C21-M,M,11.469346091546768
C21-M,M,13.71774994550048
C21-M,M,5.866018464224818
C21-M,M,19.003061604054487
C21-M,M,5.218821326950407
C21-M,M,4.170797108635421
C21-M,M,13.713121043750505
C21-M,M,4.931092727575152
C21-M,M,12.010136570423962
C21-M,M,13.958611711784604
C21-M,M,6.177048601154963
C21-M,M,4.208679785659095
C21-M,M,7.786557019084522
C21-M,M,13.561821689654096
C21-M,M,14.308978854026025
C21-M,M,11.449955805335655
C21-M,M,10.069229522180876
C21-M,M,8.295802869237733
C21-M,M,12.081288852230548
C21-M,M,14.966080283891507
C21-M,M,7.298351281034095
C21-M,M,8.721118576685553
C21-M,M,5.356893345958676
C21-M,M,8.851183861476946
C21-M,M,6.551143768323128
C21-M,M,10.13521675352714
C21-M,M,12.464095475754403
C21-M,M,14.69855889682858
C21-M,M,9.9103487830762
C21-M,M,17.5529019970935
C21-M,M,21.004141638447283
C21-M,M,9.11967644191619
C21-M,M,6.273929397508653
C21-M,M,11.753662821325452
C21-M,M,9.9964580173687
C21-M,M,12.904551872132975
C21-M,M,14.280109929592552
C21-M,M,7.090981840571965
C21-M,M,9.673697977337156
C21-M,M,15.95172444214168
C21-M,M,8.548333245174712
C21-M,M,7.140054964796276
C21-M,M,8.043237160911788
C21-M,M,7.354676584669658
C21-M,M,8.585387312415614
C21-M,M,3.6251748228320464
C21-M,M,8.97229220790342
C21-M,M,7.241587890625639
C21-M,M,4.646043170628641
C21-M,M,11.895941412752316
C21-M,M,12.204157008539376
C21-M,M,17.482229828841074
C21-M,M,5.291308428260988
C21-M,M,11.234454053722668
C21-M,M,8.951039215857998
C21-M,M,4.140241406965356
C21-M,M,5.8280151680556775
C21-M,M,11.135120060758592
C21-M,M,11.146517320713205
C21-M,M,17.743563150506823
C21-M,M,8.904817055959748
C21-M,M,8.44371683421474
C21-M,M,8.70654693981252
C21-M,M,6.278986979464608
C21-M,M,7.757967413434719
C21-M,M,5.909151533809971
C21-M,M,7.4490261470254815
C21-M,M,11.017618400980968
C21-M,M,9.346585848703503
C21-M,M,22.25598169114105
C21-M,M,7.406288983387125
C21-M,M,7.210837909294343
C21-M,M,8.818847380434981
C21-M,M,13.044011691663307
C21-M,M,19.235503289445766
C21-M,M,8.81524711599409
C21-M,M,7.546403170810133
C21-M,M,9.73584578866314
C21-M,M,7.749779582748752
C21-M,M,12.097043636823289
C21-M,M,9.000551465932888
C21-M,M,17.93573730960631
C21-M,M,15.357594326349616
C21-M,M,12.133725248178552
C21-M,M,11.352507600809718
C21-M,M,5.176068413293333
C21-M,M,5.08948529539226
C21-M,M,5.751255267505358
C21-M,M,5.617227026861333
C21-M,M,12.790896702963511
C21-M,M,4.163179208013847
C21-M,M,8.518573944250116
C21-M,M,10.88719348952288
C21-M,M,6.073399489064991
C21-M,M,13.157893029292332
C21-M,M,3.2463685801555866
C21-M,M,6.57049726327392
C21-M,M,4.5284027301221546
C21-M,M,9.627648150491275
C21-M,M,4.364197636316881
C21-M,M,6.30924733295999
C21-M,M,14.379793905079891
C21-M,M,5.033038241633877
C21-M,M,11.81024238481271
C21-M,M,11.666918736744474
C21-L,L,8.253604291960114
C21-L,L,9.897528145389067
C21-L,L,9.673697977337156
C21-L,L,5.822565877319402
C21-L,L,18.524292568835747
C21-L,L,9.755389158860169
C21-L,L,11.488703651466452
C21-L,L,12.136341120850568
C21-L,L,13.251647358024892
C21-L,L,7.646691997008898
C21-L,L,7.406288983387125
C21-L,L,13.051310402497425
C21-L,L,6.742179232840828
C21-L,L,7.491519510266065
C21-L,L,9.748879055259684
C21-L,L,9.752134650292914
C21-L,L,20.978433690597296
C21-L,L,7.516900225017875
C21-L,L,16.082527205012394
C21-L,L,6.709140703861462
C21-L,L,16.239663591619934
C21-L,L,15.935796605476554
C21-L,L,6.770369652236635
C21-L,L,15.554757928542402
C21-L,L,12.545328729703757
C21-L,L,13.27318892850219
C21-L,L,9.65398923433004
C21-L,L,15.517980569488504
C21-L,L,8.989964654036095
C21-L,L,7.76205808991905
C21-L,L,5.531810591556775
C21-L,L,14.476598996329738
C21-L,L,9.637534493829136
C21-L,L,12.47936698911039
C21-L,L,20.070564873387
C21-L,L,16.36428633898234
C21-L,L,13.27318892850219
C21-L,L,6.9872607784436855
C21-L,L,5.989188834889949
C21-L,L,12.678726486306015
C21-L,L,13.041577880336655
C21-L,L,14.866057012733252
C21-L,L,7.444763470769674
C21-L,L,10.540538690449562
C21-L,L,12.761081052384608
C21-L,L,11.358098592333487
C21-L,L,6.517136859825754
C21-L,L,8.503655239378292
C21-L,L,8.371982639286143
C21-L,L,15.755498949524508
C21-L,L,10.125816334048771
C21-L,L,9.154418192264814
C21-L,L,9.524888419578044
C21-L,L,12.343814972311876
C21-L,L,7.414856122148768
C21-L,L,11.318903656542409
C21-L,L,13.07318208595759
C21-L,L,15.264297243613962
C21-L,L,9.491502798386785
C21-L,L,7.1578163229970535
C21-L,L,12.2612467214008
C21-L,L,14.15956283999113
C21-L,L,11.991620766881166
C21-L,L,13.917617168892106
C21-L,L,5.514568542576236
C21-L,L,13.43246814092702
C21-L,L,11.055010243023322
C21-L,L,7.487281026469777
C21-L,L,6.905001080770909
C21-L,L,15.24348701274656
C21-L,L,10.930841373323055
C21-L,L,11.06362118311355
C21-L,L,10.93374503690816
C21-L,L,15.255976557662564
C21-L,L,18.931095900208483
C21-L,L,11.197661436277198
C21-L,L,11.03489191835657
C21-L,L,12.80577849590018
C21-L,L,12.227544108255987
C21-L,L,8.537185663933453
C21-L,L,8.833233764191686
C21-L,L,12.79585922369453
C21-L,L,11.427755191516724
C21-L,L,10.088127060586398
C21-L,L,4.760777562595452
C21-L,L,6.5946092608663305
C21-L,L,8.89411629056104
C21-L,L,12.2612467214008
C21-L,L,10.769934351879687
C21-L,L,9.06381266087493
C21-L,L,8.786391892531308
C21-L,L,15.14110344535684
C21-L,L,9.17173971805147
C21-L,L,12.039175298882627
C21-L,L,8.844008194418658
C21-L,L,14.929979008917556
C21-L,L,17.065073079980337
C21-L,L,10.45283794896599
C21-L,L,11.10371727533252
C21-L,L,8.356802241231838
C21-L,L,14.010819076617691
C21-L,L,13.092592908950644
C21-L,L,10.507359061527952
C21-L,L,6.89580054226642
C21-L,L,9.056805460244307
C21-L,L,9.315969106696285
C21-L,L,9.157885118422907
C21-L,L,6.671182035989458
C21-L,L,8.717477950946998
C21-L,L,9.444564665706157
C21-L,L,8.368190121474644
C21-L,L,18.563664117117803
C21-L,L,8.555756896808417
C21-L,L,12.310338412365224
C21-L,L,4.208679785659095
C21-L,L,12.057618077413345
C21-L,L,11.029137085152472
C21-L,L,8.039289559613433
C21-L,L,11.430532626286505
C21-L,L,12.418168253337182
C21-L,L,11.772552889706958
C21-L,L,15.967636390678573
C21-L,L,11.072225426422966
C21-L,L,8.869097629775185
C21-L,L,14.202094228794234
C21-L,L,12.733688710995684
C21-L,L,5.989188834889949
C21-L,L,15.917858738563204
C21-L,L,17.429492967120414
C21-L,L,13.320934366588885
C21-L,L,6.120258816752761
C21-L,L,11.579524856495206
C21-L,L,11.906610420648132
C21-L,L,15.197604200458436
C21-L,L,11.541081936071306
C21-L,L,17.50763214816611
C21-L,L,11.69409538371511
C21-L,L,18.51915097853395
C21-L,L,9.035751254020578
C21-L,L,15.989489464705027
C21-L,L,18.8184148099032
C21-L,L,15.016899038902563
C21-L,L,14.614089944720824
C21-L,L,16.543705627728706
C21-L,L,7.700469774035611
C21-L,L,13.22767113545768
C21-L,L,11.582265896859436
C21-L,L,9.074313316252915
C21-L,L,12.676222541088292
C21-L,L,26.853117647573992
C21-L,L,23.970002094976017
C21-L,L,16.10422437551571
C21-L,L,20.13530625231983
C21-L,L,21.98331445431916
C21-L,L,16.372043763612872
C21-L,L,22.973262375091316
C21-L,L,16.945604899496853
C21-L,L,18.887448729128508
C21-L,L,17.340021405007658
C21-L,L,10.002806991027096
C21-L,L,13.73162728839722
C21-L,L,12.405380516186415
C21-L,L,8.989964654036095
C21-L,L,11.183478198873356
C21-L,L,11.372064045281396
C21-L,L,20.776208880918045
C21-L,L,11.352507600809718
C21-L,L,14.546598069931818
C21-L,L,18.441855107727363
C21-L,L,15.560879037690674
C21-L,L,18.04689389482464
C21-L,L,10.24115180803955
C21-L,L,23.294352030946825
C21-L,L,12.007493203698774
C21-L,L,9.178659175631722
C21-L,L,15.74743780857752
C21-L,L,12.4437043038566
C21-L,L,18.13812901668536
C21-L,L,10.609578981383194
C21-L,L,12.240517633505522
C21-L,L,12.489537624041542
C21-L,L,27.39149745708197
C21-L,L,18.381511382275196
C21-L,L,24.753119598430118
C21-L,L,13.441917644832916
C21-L,L,18.65237171053675
C21-L,L,14.668292674897776
C21-L,L,11.383224071563951
C21-L,L,13.423011984780771
C21-L,L,9.568115574611756
C21-L,L,13.78929922336609
C21-L,L,17.052047014992958
C21-L,L,6.423924982890654
C21-L,L,6.218024497212336
C21-L,L,9.339790801750276
C21-L,L,10.919218997497024
C21-L,L,14.051541711080828
C21-L,L,9.929548701849273
C21-L,L,11.826358256378134
C21-L,L,16.551378960992754
C21-L,L,9.244135704667109
C21-L,L,15.021126174535596
C21-L,L,15.931812158207004
C21-L,L,11.02049920071669
C21-L,L,16.669863962218948
C21-L,L,14.094399069209624
C21-L,L,6.482951567469869
C21-L,L,10.69896201802266
C21-L,L,6.905001080770909
C21-L,L,11.927919807577048
C21-L,L,13.482004147293448
C21-L,L,5.61157304754546
C21-L,L,8.577989303878937
C21-L,L,11.530074702345182
C21-L,L,9.01464787467363
C21-L,L,7.215238787280654
C21-L,L,20.96329664144358
C21-L,L,8.922623146638298
C21-L,L,23.51812616040094
C21-L,L,9.481464188705022
C21-L,L,10.612570544668753
C21-L,L,10.119544536399026
C21-L,L,6.628218699397555
C21-L,L,13.23486856292531
C21-L,L,10.269010516382616
C21-L,L,15.042244034217308
C21-L,L,9.79759939395986
C21-L,L,9.42100790261667
C21-L,L,13.696907568389788
C21-L,L,10.19143718527997
C21-L,L,10.125816334048771
C21-L,L,11.532827495676118
C21-L,L,14.65096961875075
C21-L,L,6.8588749727502405
C21-L,L,21.53102457745604
C21-L,L,9.758642582048452
C21-L,L,8.804437489468238
C21-L,L,13.078037492656458
C21-L,L,16.80263320894319
C21-L,L,11.143669098532886
C21-L,L,12.9830295358279
C21-L,L,12.489537624041542
C21-L,L,12.459000811541664
C21-L,L,14.101154113483954
C21-L,L,12.934036796797974
C21-L,L,9.640827688695053
C21-L,L,13.99268208639116
C21-L,L,18.244573325541296
C21-L,L,12.379765414487858
C21-L,L,6.756289145517565
C21-L,L,6.713870447631042
C21-L,L,12.96835114839211
C21-L,L,13.557139548416794
C21-L,L,9.85896620079486
C21-L,L,19.481470614476105
C21-L,L,15.787702353486155
C21-L,L,12.995248860448712
C21-L,L,21.0599857524258
C21-L,L,11.388799983762931
C21-L,L,13.1675395797298
C21-L,L,14.173007593303348
C21-L,L,11.383224071563951
C21-L,L,10.849223282548534
C21-L,L,8.055068357050775
C21-L,L,5.914521050168941
C21-L,L,9.29208634125728
C21-L,L,11.826358256378134
C21-L,L,6.354367674185038
C21-L,L,11.485940283139898
C21-L,L,12.948754082192645
C21-L,L,15.45443662676762
C21-L,L,7.371920867625971
C21-L,L,10.690057345636792
C21-L,L,13.425376648233414
C21-L,L,11.64785735602303
C21-L,L,22.44204916840104
C21-L,L,9.8299454687272
C21-L,L,11.845132394014966
C21-L,L,4.48614610395171
C21-L,L,15.172518729381702
C21-L,L,6.964508322140447
C21-L,L,13.89479016128752
C21-L,L,22.185982923270032
C21-L,L,16.29430332549213
C21-L,L,10.764037863974307
C21-L,L,15.899900634613664
C21-L,L,6.789098234771531
C21-L,L,7.108865808043678
C21-L,L,18.660879064096783
C21-L,L,16.626008367661253
C21-L,L,10.799368499010765
C21-L,L,12.958556319843344
C21-L,L,13.323317147104603
C21-L,L,8.090458137029428
C21-L,L,15.515934826869438
C21-L,L,5.020408263779298
C21-L,L,9.983747957533977
C21-L,L,12.54279815403914
C21-L,L,22.64902247716794
C21-L,L,7.108865808043678
C21-L,L,7.766146611714237
C21-L,L,12.131108811436938
C27-S,S,3.3332110026949118
C27-S,S,2.557186451232348
C27-S,S,2.9919431602475197
C27-S,S,3.959973311855338
C27-S,S,3.837848040264863
C27-S,S,3.0025341426059904
C27-S,S,3.821269785482214
C27-S,S,6.135799067287671
C27-S,S,3.0445296666259978
C27-S,S,4.846683324112317
C27-S,S,3.762670720366032
C27-S,S,6.737469362037007
C27-S,S,2.7830672306394435
C27-S,S,5.729134972974281
C27-S,S,4.700384704494652
C27-S,S,2.077773671184859
C27-S,S,4.298236193901963
C27-S,S,3.408547317463651
C27-S,S,10.19143718527997
C27-S,S,8.295802869237733
C27-S,S,9.478115622756087
C27-S,S,7.971881256400041
C27-S,S,10.7285908812257
C27-S,S,4.117175815757948
C27-S,S,3.1571383130861377
C27-S,S,8.757441593424284
C27-S,S,4.253693684128203
C27-S,S,4.231246595071459
C27-S,S,6.389240984832801
C27-S,S,4.61863264721215
C27-S,S,2.442911360672195
C27-S,S,7.76205808991905
C27-S,S,2.077773671184859
C27-S,S,8.710192134420545
C27-S,S,10.138348289753122
C27-S,S,3.911580781529363
C27-S,S,3.6859604338129857
C27-S,S,2.80578652377273
C27-S,S,5.18831947992975
C27-S,S,3.106458644685695
C27-S,S,3.9998532032338936
C27-S,S,8.074748494756635
C27-S,S,5.3746412466382045
C27-S,S,5.684636163524871
C27-S,S,7.919946623710677
C27-S,S,4.047190391814686
C27-S,S,5.40996237974363
C27-S,S,4.625500506243265
C27-S,S,9.13706382937402
C27-S,S,4.298236193901963
C27-S,S,4.734031409598079
C27-S,S,6.389240984832801
C27-S,S,3.463974485409113
C27-S,S,1.9353957730665816
C27-S,S,10.701928595652946
C27-S,S,3.8461103706898
C27-S,S,7.166680495214546
C27-S,S,3.5004383795485454
C27-S,S,1.8169603668942629
C27-S,S,6.779740410565317
C27-S,S,4.0235914128436026
C27-S,S,7.140054964796276
C27-S,S,3.380492953002611
C27-S,S,3.895316341929664
C27-S,S,6.565664237784879
C27-S,S,2.6902721021035894
C27-S,S,6.109876690843634
C27-S,S,6.941681291470363
C27-S,S,6.713870447631042
C27-S,S,5.8876244985628645
C27-S,S,4.535407224223704
C27-S,S,3.380492953002611
C27-S,S,4.892315511878591
C27-S,S,2.54474264769613
C27-S,S,6.218024497212336
C27-S,S,3.959973311855338
C27-S,S,2.970647920475658
C27-S,S,5.237037163580257
C27-S,S,3.216900176899038
C27-S,S,2.5322376941434093
C27-S,S,3.668695887220588
C27-S,S,5.93060043022457
C27-S,S,6.497624430224356
C27-S,S,4.393195946265654
C27-S,S,4.943950879071324
C27-S,S,4.298236193901963
C27-S,S,1.8515722458467812
C27-S,S,6.01563129827488
C27-S,S,3.837848040264863
C27-S,S,3.79626666125431
C27-S,S,3.167176934009081
C27-S,S,5.279296361851663
C27-S,S,7.000876759097091
C27-S,S,7.546403170810133
C27-S,S,7.046073334112666
C27-S,S,3.167176934009081
C27-S,S,3.9839491513691385
C27-S,S,5.474125901660642
C27-S,S,2.8838949080235423
C27-S,S,2.390369490821483
C27-S,S,6.369336758942496
C27-S,S,4.632358183109277
C27-S,S,2.9919431602475197
C27-S,S,3.0756500290270585
C27-S,S,4.632358183109277
C27-S,S,6.166762085106327
C27-S,S,4.639205722964035
C27-S,S,4.988693427963836
C27-S,S,5.571834549266443
C27-S,S,11.118002264225876
C27-S,S,6.79377231328374
C27-S,S,3.482254161070224
C27-S,S,5.8280151680556775
C27-S,S,6.428864564537774
C27-S,S,4.680080571972979
C27-S,S,3.509495156340756
C27-S,S,2.8838949080235423
C27-S,S,2.2110020486046644
C27-S,S,6.458422718384586
C27-S,S,7.891840260603777
C27-S,S,2.970647920475658
C27-S,S,3.5988095651210856
C27-S,S,3.106458644685695
C27-S,S,4.0235914128436026
C27-S,S,9.787874727152689
C27-S,S,5.583217267053535
C27-S,S,9.964652470577544
C27-S,S,6.463335935313042
C27-S,S,12.033900742091072
C27-S,S,4.988693427963836
C27-S,S,6.120258816752761
C27-S,S,3.935851422566431
C27-S,S,1.7994047825605428
C27-S,S,3.554432904021839
C27-S,S,5.273280067746964
C27-S,S,2.938415705331363
C27-S,S,11.914605907002338
C27-S,S,4.500275732966444
C27-S,S,5.339086448999304
C27-S,S,2.267703612111852
C27-S,S,7.354676584669658
C27-S,S,4.911742387163257
C27-S,S,10.219431419201966
C27-S,S,4.767440655516864
C27-S,S,11.16643453410707
C27-S,S,6.840337438925692
C27-S,S,1.8169603668942629
C27-S,S,2.6902721021035894
C27-S,S,8.326358416027695
C27-S,S,4.89879969697993
C27-S,S,11.85049097035512
C27-S,S,4.866292372465588
C27-S,S,2.51967068012428
C27-S,S,4.34962598416327
C27-S,S,3.6251748228320464
C27-S,S,6.522005845831655
C27-S,S,5.445054395542623
C27-S,S,4.963175647179782
C27-S,S,4.457752488928697
C27-S,S,6.052456669842732
C27-S,S,5.957302953501169
C27-S,S,8.80083133019779
C27-S,S,5.439221448613327
C27-S,S,8.218917031945109
C27-S,S,6.760985906005222
C27-S,S,5.200541686453833
C27-S,S,5.577528811916794
C27-S,S,2.0314234463992653
C27-S,S,10.050296450860651
C27-S,S,7.397711923204088
C27-S,S,7.272207849147007
C27-S,S,3.7457597551330326
C27-S,S,9.339790801750276
C27-S,S,3.8461103706898
C27-S,S,5.18831947992975
C27-S,S,2.737062950830321
C27-S,S,3.9759732691923495
C27-S,S,2.82832332375742
C27-S,S,6.536591042978795
C27-S,S,8.25744943742468
C27-S,S,2.594159739964875
C27-S,S,5.838898492508035
C27-S,S,5.479921695662696
C27-S,S,5.838898492508035
C27-S,S,6.868124976916566
C27-S,S,2.309316323606075
C27-S,S,6.487846208837168
C27-S,S,7.095457058335576
C27-S,S,4.833566430442728
C27-S,S,5.784277100224782
C27-S,S,3.6859604338129857
C27-S,S,2.760160937976904
C27-S,S,2.377052565528869
C27-S,S,3.482254161070224
C27-S,S,8.062946176397695
C27-S,S,3.0653116803502
C27-S,S,6.384270746052712
C27-S,S,8.629642179403522
C27-S,S,3.226752880450537
C27-S,S,2.557186451232348
C27-S,S,5.531810591556775
C27-S,S,2.507040672369551
C27-S,S,3.651349710200832
C27-S,S,7.491519510266065
C27-S,S,3.509495156340756
C27-S,S,8.203453392599137
C27-S,S,3.728772094999736
C27-S,S,3.4455978332997264
C27-S,S,7.679830579122314
C27-S,S,2.336646462175876
C27-S,S,3.837848040264863
C27-S,S,4.734031409598079
C27-S,S,13.418281407722924
C27-S,S,6.151300058054117
C27-S,S,3.8625820108126097
C27-S,S,7.095457058335576
C27-S,S,3.903457032819381
C27-S,S,4.713872206262367
C27-S,S,2.666568802155929
C27-S,S,2.970647920475658
C27-S,S,8.199582926050782
C27-S,S,4.246224505961664
C27-S,S,6.399169881241846
C27-S,S,2.152807572794862
C27-S,S,6.349370136900588
C27-S,S,9.709726772351916
C27-S,S,9.387252839225006
C27-S,S,4.727321227047977
C27-S,S,7.470303043108974
C27-S,S,7.991766249269069
C27-S,S,5.345028672818396
C27-S,S,2.390369490821483
C27-S,S,2.959942848107641
C27-S,S,1.763769476086996
C27-S,S,3.167176934009081
C27-S,S,11.991620766881166
C27-S,S,8.371982639286143
C27-S,S,3.607619393640327
C27-S,S,5.194434177962148
C27-S,S,5.871427426613504
C27-S,S,2.3636606135239884
C27-S,S,7.131157696586606
C27-S,S,8.822446175679831
C27-S,S,7.108865808043678
C27-S,S,2.970647920475658
C27-S,S,5.230972266162188
C27-S,S,5.9626291083008445
C27-S,S,5.194434177962148
C27-S,S,5.600247964261322
C27-S,S,3.87898370671736
C27-S,S,5.0707394295039165
C27-S,S,2.7137683744347867
C27-S,S,6.010352112266097
C27-S,S,5.74573317764107
C27-S,S,7.757967413434719
C27-S,S,6.671182035989458
C27-S,S,5.076995742098715
C27-S,S,7.037057241700398
C27-S,S,4.5284027301221546
C27-S,S,2.8948812141238016
C27-S,S,4.0235914128436026
C27-S,S,3.854354989734393
C27-S,S,2.1081077380899123
C27-S,S,8.094380783629372
C27-S,S,4.563317685959601
C27-S,S,5.63978626232879
C27-S,S,5.439221448613327
C27-S,S,1.8515722458467812
C27-S,S,4.443487644387506
C27-S,S,5.456701584028908
C27-S,S,5.350964297826473
C27-S,S,6.482951567469869
C27-S,S,5.445054395542623
C27-S,S,8.15299400961574
C27-S,S,2.54474264769613
C27-S,S,9.561477963285933
C27-S,S,5.914521050168941
C27-S,S,6.21291728937139
C27-S,S,4.378720796712142
C27-S,S,6.041958038053411
C27-S,S,4.787374292236132
C27-S,S,6.1924463365554345
C27-S,S,3.660033074925209
C27-S,S,7.712826780819364
C27-S,S,6.765679405984593
C27-S,S,7.440498352418588
C27-S,S,7.947953594854817
C27-S,S,7.032544860831337
C27-S,S,1.902309646634436
C27-S,S,5.3746412466382045
C27-S,S,3.7117066869195305
C27-S,S,5.789762428247603
C27-S,S,4.639205722964035
C27-S,S,5.273280067746964
C27-S,S,4.542400917235657
C27-S,S,3.054938345421817
C27-S,S,7.721053798391122
C27-S,S,2.3230215853143203
C27-S,S,4.521387384732147
C27-S,S,2.196597973132827
C27-S,S,3.29489695969924
C27-S,S,4.5979675205253
C27-S,S,6.349370136900588
C27-S,S,4.507323937336815
C27-S,S,3.911580781529363
C27-S,S,4.327676511942633
C27-S,S,9.800838805320971
C27-S,S,4.93752598892475
C27-S,S,4.7206015061997775
C27-S,S,4.393195946265654
C27-S,S,3.28524863163696
C27-S,S,6.182185440796261
C27-S,S,2.9167296841861186
C27-S,S,3.29489695969924
C27-S,S,5.18831947992975
C27-S,S,4.117175815757948
C27-S,S,2.557186451232348
C27-S,S,6.433800353798076
C27-S,S,7.609238586537745
C27-S,S,7.068563251928038
C27-S,S,4.356917902080675
C27-S,S,9.084801834471314
C27-S,S,8.462493190142919
C27-S,S,3.589978117293229
C27-S,S,6.041958038053411
C27-S,S,6.233321013554577
C27-S,S,2.507040672369551
C27-S,S,2.569569993156261
C27-S,S,4.268592831966727
C27-S,S,2.7830672306394435
C27-S,S,3.527538952173992
C27-S,S,5.844332554635763
C27-S,S,5.273280067746964
C27-S,S,3.28524863163696
C27-S,S,7.907913271675267
C27-S,S,2.7020457780577374
C27-S,S,7.679830579122314
C27-S,S,9.035751254020578
C27-S,S,4.327676511942633
C27-S,S,3.895316341929664
C27-S,S,5.701363917672956
C27-S,S,6.8588749727502405
C27-S,S,3.9439084451697126
C27-S,S,6.723319953289373
C27-S,S,2.654637785700438
C27-S,S,4.820413844347526
C27-S,S,2.0314234463992653
C27-S,S,6.005068285211981
C27-S,S,8.039289559613433
C27-S,S,3.3522038117053645
C27-S,S,4.646043170628641
C27-S,S,5.577528811916794
C27-S,S,4.88582272134439
C27-S,S,7.099929455286646
C27-S,S,6.253658167142827
C27-S,S,10.056611435116093
C27-S,S,6.146137404976707
C27-S,S,4.680080571972979
C27-S,S,2.1820988181584404
C27-S,S,7.575791222040949
C27-S,S,9.568115574611756
C27-S,S,7.228425344953597
C27-S,S,5.497272414632829
C27-S,S,4.918200959824537
C27-S,S,3.197103680115411
C27-S,S,3.0025341426059904
C27-S,S,3.0653116803502
C27-S,S,3.967981355043056
C27-S,S,6.891195666599453
C27-S,S,4.047190391814686
C27-S,S,3.9919090976696423
C27-S,S,4.9503674306088525
C27-S,S,8.191836506819332
C27-S,S,8.454987651468791
C27-S,S,5.914521050168941
C27-S,S,3.771097765009893
C27-S,S,5.101944274366352
C27-S,S,9.13011284789676
C27-S,S,2.54474264769613
C27-S,S,4.943950879071324
C27-S,S,10.69302639370005
C27-S,S,8.051126556786812
C27-S,S,3.399221589132705
C27-S,S,9.551512897563097
C27-S,S,5.114372902464696
C27-S,S,5.303293287167072
C27-S,S,3.911580781529363
C27-S,S,4.385964343097444
C27-S,S,2.8838949080235423
C27-S,S,5.1267714004225615
C27-S,S,2.2955292372589597
C27-S,S,8.432430952359649
C27-S,S,3.106458644685695
C27-S,S,5.800717523054638
C27-S,S,4.305615145589724
C27-S,S,5.909151533809971
C27-S,S,5.1081623684161
C27-S,S,7.135607717423175
C27-S,S,2.507040672369551
C27-S,S,3.167176934009081
C27-S,S,3.870791546133164
C27-S,S,4.879321291024226
C27-S,S,5.194434177962148
C27-S,S,3.013087897967378
C27-S,S,9.095278257519212
C27-S,S,4.604866200354616
C27-S,S,2.077773671184859
C27-S,S,8.156886582771207
C27-S,S,6.109876690843634
C27-S,S,2.077773671184859
C27-S,S,8.398482311468427
C27-S,S,7.512676060466802
C27-S,S,5.020408263779298
C27-S,S,5.033038241633877
C27-S,S,4.07065256165218
C27-S,S,2.569569993156261
C27-S,S,2.8617957708052053
C27-S,S,5.8876244985628645
C27-S,S,6.1924463365554345
C27-S,S,3.6339207337885258
C27-S,S,6.423924982890654
C27-S,S,4.813824075245639
C27-S,S,3.3141093496987777
C27-S,S,4.178401120615919
C27-S,S,2.970647920475658
C27-S,S,2.839524648083372
C27-S,S,3.651349710200832
C27-S,S,5.695793458191785
C27-S,S,4.276022938254716
C27-S,S,8.276648369263919
C27-S,S,3.0756500290270585
C27-S,S,11.9412188637845
C27-S,S,2.0314234463992653
C27-S,S,4.407623557997045
C27-S,S,5.6790492961667445
C27-S,S,4.268592831966727
C27-S,S,4.327676511942633
C27-S,S,4.780738981642966
C27-S,S,4.031473088198847
C27-S,S,3.7117066869195305
C27-S,S,3.226752880450537
C27-S,S,6.187318015728304
C27-S,S,2.850681958836478
C27-S,S,6.599421088767312
C27-S,S,5.001403495513547
C27-S,S,8.997023912802716
C27-S,S,3.054938345421817
C27-S,S,7.126704897091194
C27-S,S,4.734031409598079
C27-S,S,2.377052565528869
C27-S,S,3.023604816149136
C27-S,S,7.987793210868281
C27-S,S,8.936842475414716
C27-S,S,4.879321291024226
C27-S,S,1.7456790545267524
C27-S,S,5.667859040375513
C27-S,S,3.563352448545597
C27-S,S,5.9626291083008445
C27-S,S,9.070814448447408
C27-S,S,2.6902721021035894
C27-S,S,3.651349710200832
C27-S,S,2.6185185817901284
C27-S,S,3.927777872685193
C27-S,S,3.837848040264863
C27-S,S,5.404091556115475
C27-S,S,4.320335240309157
C27-S,S,4.577209096132407
C27-S,S,4.163179208013847
C27-S,S,3.054938345421817
C27-S,S,3.607619393640327
C27-S,S,12.4844533422823
C27-S,S,4.0550261985540725
C27-S,S,5.914521050168941
C27-S,S,3.0025341426059904
C27-S,S,5.778786565432402
C27-S,S,5.433382239792492
C27-S,S,4.625500506243265
C27-S,S,2.468762994462375
C27-S,S,4.283440156211276
C27-S,S,6.379296634860435
C27-S,S,6.384270746052712
C27-S,S,3.275571884161564
C27-S,S,9.524888419578044
C27-S,S,3.821269785482214
C27-S,S,3.7031444916935623
C27-S,S,5.806187319199745
C27-S,S,3.275571884161564
C27-S,S,2.80578652377273
C27-S,S,4.34962598416327
C27-S,S,13.624873116207992
C27-S,S,11.02049920071669
C27-S,S,4.163179208013847
C27-S,S,3.536526327127732
C27-S,S,6.115069957136806
C27-S,S,5.617227026861333
C27-S,S,6.541445548692841
C27-S,S,7.250349645664093
C27-S,S,4.713872206262367
C27-S,S,3.417847600281708
C27-S,S,5.267256901797619
C27-S,S,11.791412695876907
C27-S,S,8.688298026561062
C27-S,S,3.8129536281046623
C27-S,S,2.9167296841861186
C27-S,S,6.354367674185038
C27-S,S,8.121786262511955
C27-S,S,5.026727219412869
C27-S,S,3.589978117293229
C27-S,S,4.0550261985540725
C27-S,S,3.226752880450537
C27-S,S,8.245908621949244
C27-S,S,2.1820988181584404
C27-S,S,5.684636163524871
C27-S,S,6.905001080770909
C27-S,S,1.902309646634436
C27-S,S,5.871427426613504
C27-S,S,3.762670720366032
C27-S,S,5.249145936192507
C27-S,S,3.25613211672748
C27-S,S,3.408547317463651
C27-S,S,2.927592774614536
C27-S,S,4.276022938254716
C27-S,S,5.628517946851282
C27-S,S,2.938415705331363
C27-S,S,3.47312634940454
C27-S,S,5.1081623684161
C27-S,S,7.967898302738277
C27-S,S,1.902309646634436
C27-S,S,2.872866588820535
C27-S,S,4.514361137464771
C27-S,S,6.57049726327392
C27-S,S,3.607619393640327
C27-S,S,4.632358183109277
C27-S,S,5.267256901797619
C27-S,S,2.2110020486046644
C27-S,S,5.421684955525073
C27-S,S,3.572249721942558
C27-S,S,3.967981355043056
C27-S,S,4.34962598416327
C27-S,S,3.527538952173992
C27-S,S,6.06293712214215
C27-S,S,5.101944274366352
C27-S,S,3.106458644685695
C27-S,S,4.305615145589724
C27-S,S,3.829567883822151
C27-S,S,8.003673531138345
C27-S,S,4.335005351251914
C27-S,S,2.5322376941434093
C27-S,S,5.909151533809971
C27-S,S,3.116660506777289
C27-S,S,4.659687967028543
C27-S,S,10.731549268399323
C27-S,S,5.566134461278887
C27-S,S,5.767789816047085
C27-S,S,7.831272671057049
C27-S,S,1.902309646634436
C27-S,S,3.771097765009893
C27-S,S,7.41057379079409
C27-S,S,6.177048601154963
C27-S,S,6.3393632431530085
C27-S,S,6.642570687401961
C27-S,S,5.594576825627681
C27-S,S,3.216900176899038
C27-S,S,4.535407224223704
C27-S,S,3.342720896492735
C27-S,S,8.322545107645404
C27-S,S,3.677338292334829
C27-S,S,5.838898492508035
C27-S,S,3.023604816149136
C27-S,S,5.751255267505358
C27-S,S,4.246224505961664
C27-S,S,8.13350319997578
C27-S,S,8.149099577098525
C27-S,S,11.524567143061589
C27-S,S,3.5004383795485454
C27-S,S,8.943943662451268
C27-S,S,4.253693684128203
C27-S,S,5.439221448613327
C27-S,S,4.9503674306088525
C27-S,S,7.483040141945754
C27-S,S,6.478053227845328
C27-S,S,6.414034407382075
C27-S,S,4.700384704494652
C27-S,S,6.704407623410729
C27-S,S,6.914189376360252
C27-S,S,5.503043830830882
C27-S,S,7.774317204833238
C27-S,S,4.800617399948569
C27-S,S,3.919687693400157
C27-S,S,5.508809200490484
C27-S,S,2.938415705331363
C27-S,S,8.940393773975472
C27-S,S,4.760777562595452
C27-S,S,7.237203035309503
C27-S,S,1.9189240201324316
C27-S,S,2.6902721021035894
C27-S,S,2.377052565528869
C27-S,S,5.909151533809971
C27-S,S,11.02049920071669
C27-S,S,3.762670720366032
C27-S,S,4.6732929243517525
C27-S,S,3.482254161070224
C27-S,S,5.497272414632829
C27-S,S,3.275571884161564
C27-S,S,3.870791546133164
C27-S,S,5.789762428247603
C27-S,S,4.335005351251914
C27-S,S,2.850681958836478
C27-S,S,2.377052565528869
C27-S,S,4.535407224223704
C27-S,S,3.6251748228320464
C27-S,S,7.999706406467787
C27-S,S,7.363303774245206
C27-S,S,1.8343479436102936
C27-S,S,7.999706406467787
C27-S,S,5.795242564285844
C27-S,S,2.817077460835509
C27-S,S,4.356917902080675
C27-S,S,5.898397836938703
C27-S,S,3.919687693400157
C27-S,S,1.7456790545267524
C27-S,S,7.298351281034095
C27-S,S,6.58497505665575
C27-S,S,2.377052565528869
C27-S,S,2.51967068012428
C27-S,S,6.21291728937139
C27-S,S,4.85976481436643
C27-S,S,4.82699461716502
C27-S,S,4.747423321527871
C27-S,S,3.216900176899038
C27-S,S,8.303452297206178
C27-S,S,2.3230215853143203
C27-S,S,3.9919090976696423
C27-S,S,6.718596861766319
C27-S,S,2.760160937976904
C27-S,S,4.639205722964035
C27-S,S,8.230495695162334
C27-S,S,2.2536619686684074
C27-S,S,2.9167296841861186
C27-S,S,5.309275571400876
C27-S,S,1.8686377885916985
C27-S,S,4.450625781751057
C27-S,S,6.08384386391535
C27-S,S,4.062846892798531
C27-S,S,4.155547342369718
C27-S,S,4.238742166217072
C27-S,S,2.507040672369551
C27-S,S,5.356893345958676
C27-S,S,3.054938345421817
C27-S,S,4.201130578172108
C27-S,S,4.147901434618866
C27-S,S,3.2365755907839726
C27-S,S,4.918200959824537
C27-S,S,5.297304247100458
C27-S,S,5.8171114818577685
C27-S,S,5.08948529539226
C27-S,S,2.6426529037892483
C27-S,S,2.3636606135239884
C27-S,S,3.3522038117053645
C27-S,S,4.700384704494652
C27-S,S,5.18831947992975
C27-S,S,2.123112252980832
C27-S,S,2.1081077380899123
C27-S,S,1.8686377885916985
C27-S,S,2.959942848107641
C27-S,S,2.390369490821483
C27-S,S,4.591058474517919
C27-S,S,3.694562453525125
C27-S,S,2.3230215853143203
C27-S,S,4.760777562595452
C27-S,S,3.927777872685193
C27-S,S,4.101726696299568
C27-S,S,3.895316341929664
C27-S,S,8.149099577098525
C27-S,S,3.463974485409113
C27-S,S,4.632358183109277
C27-S,S,7.1533801178464085
C27-S,S,3.013087897967378
C27-S,S,6.248580084155872
C27-S,S,2.481587823589891
C27-S,S,7.741583092266327
C27-S,S,7.847469736284182
C27-S,S,3.3332110026949118
C27-S,S,3.408547317463651
C27-S,S,2.390369490821483
C27-S,S,3.518528620850199
C27-S,S,5.695793458191785
C27-S,S,3.1571383130861377
C27-S,S,7.009939386527629
C27-S,S,2.2536619686684074
C27-S,S,6.905001080770909
C27-S,S,9.11967644191619
C27-S,S,5.1081623684161
C27-S,S,5.076995742098715
C27-S,S,6.99634104319558
C27-S,S,2.2816588429798004
C27-S,S,3.197103680115411
C27-S,S,3.895316341929664
C27-S,S,3.399221589132705
C27-S,S,4.963175647179782
C27-S,S,4.85976481436643
C27-S,S,9.332990807545752
C27-S,S,4.866292372465588
C27-S,S,2.7830672306394435
C27-S,S,6.8588749727502405
C27-S,S,3.895316341929664
C27-S,S,2.403612636431448
C27-S,S,5.662255619291985
C27-S,S,3.0962231682777173
C27-S,S,2.817077460835509
C27-S,S,4.632358183109277
C27-S,S,6.844976528939401
C27-S,S,7.055077904347984
C27-S,S,5.114372902464696
C27-S,S,3.2365755907839726
C27-S,S,4.393195946265654
C27-S,S,6.057699162527515
C27-S,S,2.839524648083372
C27-S,S,5.560428530039174
C27-S,S,3.651349710200832
C27-S,S,6.304214027545383
C27-S,S,3.5811248902099826
C27-S,S,3.3045171172802354
C27-S,S,2.7830672306394435
C27-S,S,5.989188834889949
C27-S,S,3.106458644685695
C27-S,S,2.196597973132827
C27-S,S,7.193207472377346
C27-S,S,5.18831947992975
C27-S,S,4.246224505961664
C27-S,S,10.24115180803955
C27-S,S,7.931961720313236
C27-S,S,4.253693684128203
C27-S,S,9.192482465355022
C27-S,S,2.167502675625957
C27-S,S,3.0653116803502
C27-S,S,6.723319953289373
C27-S,S,5.462515865469533
C27-S,S,6.789098234771531
C27-S,S,8.394701765559349
C27-S,S,8.844008194418658
C27-S,S,2.2536619686684074
C27-S,S,4.238742166217072
C27-S,S,4.846683324112317
C27-S,S,7.397711923204088
C27-S,S,7.402001695627928
C27-S,S,3.1268290835714136
C27-S,S,5.421684955525073
C27-S,S,5.3212199634857855
C27-S,S,9.8750519778495
C27-S,S,6.166762085106327
C27-S,S,4.89879969697993
C27-S,S,7.683962853071645
C27-S,S,4.905275310774456
C27-S,S,3.5004383795485454
C27-S,S,4.542400917235657
C27-S,S,3.919687693400157
C27-S,S,12.157247839398138
C27-S,S,2.6426529037892483
C27-S,S,3.054938345421817
C27-S,S,2.927592774614536
C27-S,S,4.846683324112317
C27-S,S,6.334353868018162
C27-S,S,6.5946092608663305
C27-S,S,4.943950879071324
C27-S,S,4.604866200354616
C27-S,S,2.654637785700438
C27-S,S,3.903457032819381
C27-S,S,6.334353868018162
C27-S,S,5.25518985982515
C27-S,S,6.580152664901904
C27-S,S,5.392330733565313
C27-S,S,5.309275571400876
C27-S,S,5.194434177962148
C27-S,S,6.546296454475322
C27-S,S,3.6339207337885258
C27-S,S,3.380492953002611
C27-S,S,2.594159739964875
C27-S,S,5.267256901797619
C27-S,S,7.046073334112666
C27-S,S,2.839524648083372
C27-S,S,3.5454909202859826
C27-S,S,3.0962231682777173
C27-S,S,4.754105131057737
C27-S,S,4.298236193901963
C27-S,S,3.116660506777289
C27-S,S,3.728772094999736
C27-S,S,3.167176934009081
C27-S,S,7.567406281760424
C27-S,S,7.712826780819364
C27-S,S,3.7117066869195305
C27-S,S,4.975950895204253
C27-S,S,3.0962231682777173
C27-S,S,7.559012040372839
C27-S,S,2.581894140566543
C27-S,S,4.124878677152203
C27-S,S,7.10439903675249
C27-S,S,2.196597973132827
C27-S,S,3.804619293268873
C27-S,S,4.208679785659095
C27-S,S,4.276022938254716
C27-S,S,1.983990677521528
C27-S,S,2.6185185817901284
C27-S,S,3.0756500290270585
C27-S,S,10.7285908812257
C27-S,S,12.107535437266243
C27-S,S,3.2463685801555866
C27-S,S,6.379296634860435
C27-S,S,4.47906457451088
C27-S,S,4.132567180892246
C27-S,S,14.412868687496411
C27-S,S,7.371920867625971
C27-S,S,6.08384386391535
C27-S,S,7.654990091688264
C27-S,S,4.61863264721215
C27-S,S,3.737275577183397
C27-S,S,4.101726696299568
C27-S,S,3.837848040264863
C27-S,S,7.10439903675249
C27-S,S,2.581894140566543
C27-S,S,4.155547342369718
C27-S,S,4.632358183109277
C27-S,S,5.450881100682789
C27-S,S,2.872866588820535
C27-S,S,2.4558711935816286
C27-S,S,3.187159321095311
C27-S,S,4.471971831225634
C27-S,S,3.821269785482214
C27-S,S,7.987793210868281
C27-S,S,4.378720796712142
C27-S,S,4.700384704494652
C27-S,S,5.120575904019775
C27-S,S,5.838898492508035
C27-S,S,12.033900742091072
C27-S,S,12.89963116580645
C27-S,S,4.305615145589724
C27-S,S,2.2536619686684074
C27-S,S,1.885548882504947
C27-S,S,4.371465247739782
C27-S,S,3.9919090976696423
C27-S,S,4.767440655516864
C27-S,S,5.723591541610411
C27-S,S,2.309316323606075
C27-S,S,2.416783215221364
C27-S,S,5.849761568862286
C27-S,S,8.742930495479564
C27-S,S,2.267703612111852
C27-S,S,8.031388536024389
C27-S,S,4.117175815757948
C27-S,S,10.379697659693022
C27-S,S,5.1081623684161
C27-S,S,3.677338292334829
C27-S,S,5.315251122612825
C27-S,S,4.807225272862896
C27-S,S,3.5454909202859826
C27-S,S,9.77164544268878
C27-S,S,2.678446672979338
C27-S,S,5.566134461278887
C27-S,S,2.654637785700438
C27-S,S,3.013087897967378
C27-S,S,3.563352448545597
C27-S,S,2.7944499662047773
C27-S,S,3.1470676707998515
C27-S,S,1.885548882504947
C27-S,S,3.023604816149136
C27-S,S,2.507040672369551
C27-S,S,6.647347797467389
C27-S,S,6.872745310420571
C27-S,S,8.439956550423622
C27-S,S,6.223127513661881
C27-S,S,3.491358109053505
C27-S,S,9.363551892524466
C27-S,S,2.927592774614536
C27-S,S,3.1571383130861377
C27-S,S,7.184376029547711
C27-S,S,3.660033074925209
C27-S,S,6.161612387268624
C27-S,S,3.919687693400157
C27-S,S,8.529745849305554
C27-S,S,3.187159321095311
C27-S,S,4.201130578172108
C27-S,S,4.124878677152203
C27-S,S,2.015736544099424
C27-S,S,3.0445296666259978
C27-S,S,4.807225272862896
C27-S,S,4.124878677152203
C27-S,S,3.013087897967378
C27-S,S,5.751255267505358
C27-S,S,7.333064205928805
C27-S,S,5.701363917672956
C27-S,S,3.0962231682777173
C27-S,S,10.621540179072865
C27-S,S,4.312981472867047
C27-S,S,6.526871199619697
C27-S,S,10.857997423313453
C27-S,S,9.261289431991374
C27-S,S,7.708709979468785
C27-S,S,4.335005351251914
C27-S,S,3.660033074925209
C27-S,S,6.99634104319558
C27-S,S,2.123112252980832
C27-S,S,9.673697977337156
C27-S,S,4.268592831966727
C27-S,S,3.9919090976696423
C27-S,S,2.350192352247326
C27-S,S,8.735665907191104
C27-S,S,4.700384704494652
C27-S,S,4.514361137464771
C27-S,S,9.833174224100436
C27-S,S,3.417847600281708
C27-S,S,4.208679785659095
C27-S,S,2.442911360672195
C27-S,S,5.833459368372237
C27-S,S,2.905825983649
C27-S,S,5.249145936192507
C27-S,S,3.013087897967378
C27-S,S,5.2249003288096505
C27-S,S,3.821269785482214
C27-S,S,8.055068357050775
C27-S,S,5.548999065682753
C27-S,S,7.708709979468785
C27-S,S,2.23953228725544
C27-S,S,3.9919090976696423
C27-S,S,3.7031444916935623
C27-S,S,2.581894140566543
C27-S,S,8.454987651468791
C27-S,S,4.155547342369718
C27-S,S,10.624528374427824
C27-S,S,6.9508210996309785
C27-S,S,4.124878677152203
C27-S,S,5.380544204207179
C27-S,S,1.7994047825605428
C27-S,S,6.723319953289373
C27-S,S,2.678446672979338
C27-S,S,9.27841144592807
C27-S,S,7.009939386527629
C27-S,S,3.9839491513691385
C27-S,S,6.394207360230822
C27-S,S,6.443660590010759
C27-S,S,2.6185185817901284
C27-S,S,5.855185549229071
C27-S,S,6.718596861766319
C27-S,S,4.556356098861118
C27-S,S,4.982326235288772
C27-S,S,2.23953228725544
C27-S,S,2.581894140566543
C27-S,S,5.076995742098715
C27-S,S,2.403612636431448
C27-S,S,6.9508210996309785
C27-S,S,3.660033074925209
C27-S,S,5.767789816047085
C27-S,S,4.5979675205253
C27-S,S,6.531732929306574
C27-S,S,4.276022938254716
C27-S,S,8.413587507686549
C27-S,S,4.371465247739782
C27-S,S,5.941295840951316
C27-S,S,2.737062950830321
C27-S,S,4.556356098861118
C27-S,S,4.047190391814686
C27-S,S,3.77950602018642
C27-S,S,7.453286385376056
C27-S,S,6.75158911771708
C27-S,S,1.8343479436102936
C27-S,S,7.090981840571965
C27-S,S,3.187159321095311
C27-S,S,4.155547342369718
C27-S,S,8.168553172642095
C27-S,S,2.817077460835509
C27-S,S,3.023604816149136
C27-S,S,2.2816588429798004
C27-S,S,3.9919090976696423
C27-S,S,3.64264564606838
C27-S,S,2.949198918469352
C27-S,S,5.93060043022457
C27-S,S,7.055077904347984
C27-S,S,5.479921695662696
C27-S,S,4.268592831966727
C27-S,S,11.62603465328388
C27-S,S,5.622875320924713
C27-S,S,6.991802384889051
C27-S,S,3.5004383795485454
C27-S,S,8.574287905948731
C27-S,S,4.093980274472972
C27-S,S,2.2110020486046644
C27-S,S,2.152807572794862
C27-S,S,3.3898702052826586
C27-S,S,3.4363726552102856
C27-S,S,3.28524863163696
C27-S,S,6.057699162527515
C27-S,S,5.560428530039174
C27-S,S,2.046990137236486
C27-S,S,9.787874727152689
C27-S,S,7.675696080529725
C27-S,S,6.613835567728841
C27-S,S,6.661658573552302
C27-S,S,9.607844945120702
C27-S,S,6.177048601154963
C27-S,S,3.9998532032338936
C27-S,S,3.607619393640327
C27-S,S,4.813824075245639
C27-S,S,11.8719010889314
C27-S,S,2.9167296841861186
C27-S,S,7.466052514717561
C27-S,S,4.047190391814686
C27-S,S,3.951949041579833
C27-S,S,6.369336758942496
C27-S,S,2.5322376941434093
C27-S,S,7.371920867625971
C27-S,S,4.943950879071324
C27-S,S,4.356917902080675
C27-S,S,9.660563282919163
C27-S,S,3.3141093496987777
C27-S,S,4.9695673763539245
C27-S,S,6.991802384889051
C27-S,S,6.560827652054618
C27-S,S,12.02334468677701
C27-S,S,2.7020457780577374
C27-S,S,4.08621916744697
C27-S,S,5.114372902464696
C27-S,S,3.7117066869195305
C27-S,S,4.956775675920353
C27-S,S,6.718596861766319
C27-S,S,5.05820358973422
C27-S,S,4.820413844347526
C27-S,S,4.542400917235657
C27-S,S,7.414856122148768
C27-S,S,4.400415665098895
C27-S,S,4.918200959824537
C27-S,S,5.909151533809971
C27-S,S,6.020905855446263
C27-S,S,8.48496997127226
C27-S,S,9.627648150491275
C27-S,S,8.113965570989464
C27-S,S,5.462515865469533
C27-S,S,1.8686377885916985
C27-S,S,7.419135981738698
C27-S,S,7.215238787280654
C27-S,S,3.7031444916935623
C27-S,S,9.312561033011104
C27-S,S,3.9919090976696423
C27-S,S,3.427122644743577
C27-S,S,6.699671199207101
C27-S,S,5.176068413293333
C27-S,S,2.468762994462375
C27-S,S,2.905825983649
C27-S,S,3.9439084451697126
C27-S,S,4.787374292236132
C27-S,S,2.54474264769613
C27-S,S,5.194434177962148
C27-S,S,8.28814638134049
C27-S,S,4.48614610395171
C27-S,S,5.503043830830882
C27-S,S,4.794000418995204
C27-S,S,2.416783215221364
C27-S,S,6.536591042978795
C27-S,S,4.846683324112317
C27-S,S,3.616407760849512
C27-S,S,2.336646462175876
C27-S,S,8.02347973200272
C27-S,S,3.919687693400157
C27-S,S,4.48614610395171
C27-S,S,3.0445296666259978
C27-S,S,5.537546011025326
C27-S,S,4.007781562259003
C27-S,S,2.390369490821483
C27-S,S,3.034085280212642
C27-S,S,8.721118576685553
C27-S,S,6.905001080770909
C27-S,S,3.589978117293229
C27-S,S,2.4558711935816286
C27-S,S,3.6339207337885258
C27-S,S,8.176321651024184
C27-S,S,5.628517946851282
C27-S,S,7.108865808043678
C27-S,S,7.512676060466802
C27-S,S,3.616407760849512
C27-S,S,2.3636606135239884
C27-S,S,3.771097765009893
C27-S,S,9.76839635018244
C27-S,S,6.073399489064991
C27-S,S,4.853228476755571
C27-S,S,3.854354989734393
C27-S,S,2.4943467139819178
C27-S,S,3.0653116803502
C27-S,S,5.339086448999304
C27-S,S,6.531732929306574
C27-S,S,8.295802869237733
C27-S,S,4.163179208013847
C27-S,S,9.758642582048452
C27-S,S,2.309316323606075
C27-S,S,2.123112252980832
C27-S,S,5.14531312966267
C27-S,S,3.8129536281046623
C27-S,S,6.349370136900588
C27-S,S,9.712995490428808
C27-S,S,4.82699461716502
C27-S,S,5.25518985982515
C27-S,S,7.86766917699963
C27-S,S,7.679830579122314
C27-S,S,2.196597973132827
C27-S,S,3.106458644685695
C27-S,S,5.751255267505358
C27-S,S,3.79626666125431
C27-S,S,11.788720285133769
C27-S,S,7.294000549630446
C27-S,S,9.16481503626545
C27-S,S,5.789762428247603
C27-S,S,6.458422718384586
C27-S,S,5.866018464224818
C27-S,S,8.55946630816709
C27-S,S,6.541445548692841
C27-S,S,3.1470676707998515
C27-S,S,5.101944274366352
C27-S,S,6.089059333251996
C27-S,S,6.01563129827488
C27-S,S,5.594576825627681
C27-S,S,3.87898370671736
C27-S,S,3.951949041579833
C27-S,S,5.784277100224782
C27-S,S,6.541445548692841
C27-S,S,3.951949041579833
C27-S,S,5.101944274366352
C27-S,S,7.307044972360412
C27-S,S,4.039339384631394
C27-S,S,5.695793458191785
C27-S,S,3.0025341426059904
C27-S,S,4.253693684128203
C27-S,S,4.132567180892246
C27-S,S,8.043237160911788
C27-S,S,4.450625781751057
C27-S,S,2.959942848107641
C27-S,S,5.345028672818396
C27-S,S,5.212735235868942
C27-S,S,6.713870447631042
C27-S,S,5.474125901660642
C27-S,S,8.055068357050775
C27-S,S,2.581894140566543
C27-S,S,6.228226349022512
C27-S,S,5.462515865469533
C27-S,S,5.617227026861333
C27-S,S,9.541537424452404
C27-S,S,5.919885696215282
C27-S,S,4.312981472867047
C27-S,S,5.935950544465699
C27-S,S,2.51967068012428
C27-S,S,2.442911360672195
C27-S,S,3.694562453525125
C27-S,S,7.725164021625219
C27-S,S,7.891840260603777
C27-S,S,5.083244354607721
C27-S,S,7.082022921213671
C27-S,S,5.08948529539226
C27-S,S,4.740732094352511
C27-S,S,3.536526327127732
C27-S,S,2.167502675625957
C27-S,S,6.652121476931801
C27-S,S,4.42917685796118
C27-S,S,4.563317685959601
C27-S,S,3.28524863163696
C27-S,S,5.157637250622092
C27-S,S,4.48614610395171
C27-S,S,3.0445296666259978
C27-S,S,7.883791466810949
C27-S,S,4.356917902080675
C27-S,S,4.707133286153054
C27-S,S,2.138011469127358
C27-S,S,3.3045171172802354
C27-S,S,2.377052565528869
C27-S,S,2.927592774614536
C27-S,S,5.914521050168941
C27-S,S,3.911580781529363
C27-S,S,9.8299454687272
C27-S,S,9.64741070597882
C27-S,S,4.82699461716502
C27-S,S,4.846683324112317
C27-S,S,4.632358183109277
C27-S,S,3.177183837092519
C27-S,S,6.197570413838121
C27-S,S,3.518528620850199
C27-S,S,3.427122644743577
C27-S,S,5.554716737540344
C27-S,S,4.062846892798531
C27-S,S,11.245750641849426
C27-S,S,2.678446672979338
C27-S,S,4.364197636316881
C27-S,S,6.433800353798076
C27-S,S,7.1799562345864585
C27-S,S,6.784420936086966
C27-S,S,5.99977980485084
C27-S,S,4.471971831225634
C27-S,S,8.702900218421211
C27-S,S,4.238742166217072
C27-S,S,2.581894140566543
C27-S,S,5.866018464224818
C27-S,S,2.970647920475658
C27-S,S,3.5454909202859826
C27-S,S,6.094270339197796
C27-S,S,6.742179232840828
C27-S,S,3.0962231682777173
C27-S,S,5.303293287167072
C27-S,S,3.25613211672748
C27-S,S,7.887816890339425
C27-S,S,4.364197636316881
C27-S,S,5.656646647514839
C27-S,S,7.402001695627928
C27-S,S,9.17173971805147
C27-S,S,8.447475444164617
C27-S,S,3.829567883822151
C27-S,S,2.6426529037892483
C27-S,S,7.050577056741977
C27-S,S,4.89879969697993
C27-S,S,8.117876858548986
C27-S,S,5.479921695662696
C27-S,S,2.0624393385761013
C27-S,S,5.941295840951316
C27-S,S,8.728395272633762
C27-S,S,4.680080571972979
C27-S,S,5.427536748869573
C27-S,S,6.284040490930088
C27-S,S,6.941681291470363
C27-S,S,7.298351281034095
C27-S,S,10.278279972625043
C27-S,S,4.872811186335824
C27-S,S,2.350192352247326
C27-S,S,7.337391774441175
C27-S,S,9.640827688695053
C27-S,S,2.4943467139819178
C27-S,S,7.1533801178464085
C27-S,S,6.120258816752761
C27-S,S,5.0456366048769885
C27-S,S,6.078623919699069
C27-S,S,3.023604816149136
C27-S,S,3.3141093496987777
C27-S,S,3.482254161070224
C27-S,S,3.0445296666259978
C27-S,S,4.283440156211276
C27-S,S,3.77950602018642
C27-S,S,7.7292720591512065
C27-S,S,6.099476893192464
C27-S,S,4.813824075245639
C27-S,S,8.27281214733396
C27-S,S,8.993494976046916
C27-S,S,4.700384704494652
C27-S,S,2.51967068012428
C27-S,S,9.06381266087493
C27-S,S,10.9046736080676
C27-S,S,2.7137683744347867
C27-S,S,9.60123479989714
C27-S,S,5.871427426613504
C27-S,S,5.08948529539226
C27-S,S,4.443487644387506
C27-S,S,8.44371683421474
C27-S,S,7.9439586443159955
C27-S,S,8.098301530182193
C27-S,S,4.078443291385604
C27-S,S,4.872811186335824
C27-S,S,4.963175647179782
C27-S,S,6.909596755875858
C27-S,S,3.265866464653287
C27-S,S,4.639205722964035
C27-S,S,4.995052504385949
C27-S,S,5.230972266162188
C27-S,S,5.309275571400876
C27-S,S,8.462493190142919
C27-S,S,3.79626666125431
C27-S,S,4.659687967028543
C27-S,S,2.152807572794862
C27-S,S,2.350192352247326
C27-S,S,6.047209632298272
C27-S,S,2.7830672306394435
C27-S,S,5.18831947992975
C27-S,S,7.466052514717561
C27-S,S,4.178401120615919
C27-S,S,2.850681958836478
C27-S,S,3.1470676707998515
C27-S,S,6.031441131841764
C27-S,S,3.651349710200832
C27-S,S,6.3193019167617175
C27-S,S,2.8948812141238016
C27-S,S,3.509495156340756
C27-S,S,4.356917902080675
C27-S,S,3.651349710200832
C27-S,S,4.393195946265654
C27-S,S,2.927592774614536
C27-S,S,2.654637785700438
C27-S,S,4.542400917235657
C27-S,S,6.2991767003107
C27-S,S,3.1470676707998515
C27-S,S,4.393195946265654
C27-S,S,3.3236738987336945
C27-S,S,2.5322376941434093
C27-S,S,4.185991319643072
C27-S,S,3.3332110026949118
C27-S,S,3.187159321095311
C27-S,S,3.9919090976696423
C27-S,S,2.2816588429798004
C27-S,S,4.493216472568831
C27-S,S,6.156458381860416
C27-S,S,4.078443291385604
C27-S,S,5.05820358973422
C27-S,S,5.230972266162188
C27-S,S,4.549383858971028
C27-S,S,3.728772094999736
C27-S,S,2.507040672369551
C27-S,S,6.202690258093208
C27-S,S,8.695602187604399
C27-S,S,6.536591042978795
C27-S,S,2.54474264769613
C27-S,S,8.41735957131819
C27-S,S,5.63978626232879
C27-S,S,5.114372902464696
C27-S,S,4.414819682883245
C27-S,S,5.157637250622092
C27-S,S,5.297304247100458
C27-S,S,8.121786262511955
C27-S,S,3.668695887220588
C27-S,S,8.742930495479564
C27-S,S,6.115069957136806
C27-S,S,8.345398821444613
C27-S,S,3.265866464653287
C27-S,S,3.762670720366032
C27-S,S,5.729134972974281
C27-S,S,8.886975288775012
C27-S,S,4.342321821185702
C27-S,S,2.1820988181584404
C27-S,S,4.290844552673292
C27-S,S,5.404091556115475
C27-S,S,2.927592774614536
C27-S,S,5.967950509724364
C27-S,S,5.0707394295039165
C27-S,S,4.840129320675807
C27-S,S,6.243497870965171
C27-S,S,5.491494932832067
C27-S,S,3.870791546133164
C27-S,S,10.507359061527952
C27-S,S,2.1081077380899123
C27-S,S,3.5988095651210856
C27-S,S,3.951949041579833
C27-S,S,6.891195666599453
C27-S,S,10.293710517227453
C27-S,S,5.833459368372237
C27-S,S,3.216900176899038
C27-S,S,5.462515865469533
C27-S,S,9.660563282919163
C27-S,S,3.694562453525125
C27-S,S,2.9167296841861186
C27-S,S,6.115069957136806
C27-S,S,2.7486362073164146
C27-S,S,6.354367674185038
C27-S,S,5.249145936192507
C27-S,S,6.723319953289373
C27-S,S,8.55946630816709
C27-S,S,9.028722274929542
C27-S,S,2.606367617934471
C27-S,S,5.497272414632829
C27-S,S,5.020408263779298
C27-S,S,5.468323964787487
C27-S,S,4.170797108635421
C27-S,S,6.492737160311173
C27-S,S,4.246224505961664
C27-S,S,6.428864564537774
C27-S,S,5.634154921671018
C27-S,S,6.89580054226642
C27-S,S,4.378720796712142
C27-S,S,2.403612636431448
C27-S,S,3.660033074925209
C27-S,S,21.014718123055903
C27-S,S,6.258732129979279
C27-S,S,3.417847600281708
C27-S,S,6.881976671613579
C27-S,S,9.305741141189737
C27-S,S,7.263472461190293
C27-S,S,2.2536619686684074
C27-S,S,10.3766389598595
C27-S,S,2.7944499662047773
C27-S,S,5.622875320924713
C27-S,S,4.124878677152203
C27-S,S,7.184376029547711
C27-S,S,9.161350732593666
C27-S,S,3.887158602416619
C27-S,S,10.428514849221882
C27-S,S,6.448585054306144
C27-S,S,6.1924463365554345
C27-S,S,7.22403250021792
C27-S,S,3.9759732691923495
C27-S,S,2.959942848107641
C27-S,S,7.521122017108654
C27-S,S,2.167502675625957
C27-S,S,2.442911360672195
C27-S,S,3.589978117293229
C27-S,S,2.403612636431448
C27-S,S,8.833233764191686
C27-S,S,3.0653116803502
C27-S,S,3.7878956110204745
C27-S,S,7.935962710086111
C27-S,S,4.07065256165218
C27-S,S,6.973618212656119
C27-S,S,6.973618212656119
C27-S,S,5.508809200490484
C27-S,S,3.1369646987543267
C27-S,S,6.604229410781361
C27-S,S,3.371089616420414
C27-S,S,2.970647920475658
C27-S,S,3.3332110026949118
C27-S,S,2.581894140566543
C27-S,S,7.406288983387125
C27-S,S,2.442911360672195
C27-S,S,4.6732929243517525
C27-S,S,3.7031444916935623
C27-S,S,7.237203035309503
C27-S,S,2.2536619686684074
C27-S,S,5.543275496273416
C27-S,S,7.298351281034095
C27-S,S,2.666568802155929
C27-S,S,7.546403170810133
C27-S,S,4.047190391814686
C27-S,S,5.537546011025326
C27-S,S,4.378720796712142
C27-S,S,2.557186451232348
C27-S,S,3.7457597551330326
C27-S,S,6.094270339197796
C27-S,S,6.448585054306144
C27-S,S,3.607619393640327
C27-S,S,3.527538952173992
C27-S,S,9.84930212443131
C27-S,S,6.06293712214215
C27-S,S,2.336646462175876
C27-S,S,3.589978117293229
C27-S,S,4.833566430442728
C27-S,S,6.324323214269737
C27-S,S,9.955090991512776
C27-S,S,7.923953680189514
C27-S,S,3.919687693400157
C27-S,S,3.5988095651210856
C27-S,S,2.581894140566543
C27-S,S,6.140970411709458
C27-S,S,5.560428530039174
C27-S,S,3.177183837092519
C27-S,S,4.261149769927706
C27-S,S,3.527538952173992
C27-S,S,8.291975509002073
C27-S,S,9.868620813391493
C27-S,S,7.414856122148768
C27-S,S,12.892246584818208
C27-S,S,8.333979798324496
C27-S,S,5.571834549266443
C27-S,S,3.197103680115411
C27-S,S,4.872811186335824
C27-S,S,4.905275310774456
C27-S,S,4.039339384631394
C27-S,S,4.031473088198847
C27-S,S,7.108865808043678
C27-S,S,3.870791546133164
C27-S,S,5.849761568862286
C27-S,S,3.967981355043056
C27-S,S,14.29344129387407
C27-S,S,5.279296361851663
C27-S,S,5.285305807578497
C27-S,S,11.363686833061422
C27-S,S,4.794000418995204
C27-S,S,4.740732094352511
C27-S,S,3.854354989734393
C27-S,S,3.854354989734393
C27-S,S,2.196597973132827
C27-S,S,7.162249780419965
C27-S,S,7.2678414675770515
C27-S,S,7.76205808991905
C27-S,S,5.983886320495039
C27-S,S,10.16648870921544
C27-S,S,2.760160937976904
C27-S,S,5.844332554635763
C27-S,S,5.9626291083008445
C27-S,S,4.34962598416327
C27-S,S,6.849612477001458
C27-S,S,3.6339207337885258
C27-S,S,2.7486362073164146
C27-S,S,3.87898370671736
C27-S,S,5.531810591556775
C27-S,S,3.0653116803502
C27-S,S,3.013087897967378
C27-S,S,8.908381121363993
C27-S,S,2.9167296841861186
C27-S,S,6.652121476931801
C27-S,S,4.047190391814686
C27-S,S,2.4943467139819178
C27-S,S,7.766146611714237
C27-S,S,7.73337791445228
C27-S,S,3.77950602018642
C27-S,S,3.804619293268873
C27-S,S,3.754224759725641
C27-S,S,8.003673531138345
C27-S,S,2.077773671184859
C27-S,S,4.342321821185702
C27-S,S,4.155547342369718
C27-S,S,3.2070172036910374
C27-S,S,5.882230430093234
C27-S,S,9.41089409626298
C27-S,S,10.59760428345751
C27-S,S,6.073399489064991
C27-S,S,14.219964124794856
C27-S,S,5.157637250622092
C27-S,S,10.339863986674134
C27-S,S,9.192482465355022
C27-S,S,3.116660506777289
C27-S,S,3.895316341929664
C27-S,S,3.3141093496987777
C27-S,S,7.294000549630446
C27-S,S,4.500275732966444
C27-S,S,2.872866588820535
C27-S,S,5.439221448613327
C27-S,S,4.88582272134439
C27-S,S,5.838898492508035
C27-S,S,2.970647920475658
C27-S,S,2.077773671184859
C27-S,S,7.406288983387125
C27-S,S,2.80578652377273
C27-S,S,7.995737313488917
C27-S,S,4.47906457451088
C27-S,S,6.2991767003107
C27-S,S,4.787374292236132
C27-S,S,3.3332110026949118
C27-S,S,4.48614610395171
C27-S,S,5.508809200490484
C27-S,S,2.416783215221364
C27-S,S,3.417847600281708
C27-S,S,12.323224774537248
C27-S,S,5.667859040375513
C27-S,S,5.811651967297999
C27-S,S,7.135607717423175
C27-S,S,4.740732094352511
C27-S,S,2.390369490821483
C27-S,S,4.754105131057737
C27-S,S,10.690057345636792
C27-S,S,3.9439084451697126
C27-S,S,3.677338292334829
C27-S,S,4.666495403772876
C27-S,S,3.5811248902099826
C27-S,S,9.042774769464296
C27-S,S,2.970647920475658
C27-S,S,2.737062950830321
C27-S,S,3.4455978332997264
C27-S,S,3.216900176899038
C27-S,S,2.5322376941434093
C27-S,S,12.341243076258891
C27-S,S,2.737062950830321
C27-S,S,2.7020457780577374
C27-S,S,2.4558711935816286
C27-S,S,6.690188291128999
C27-S,S,4.88582272134439
C27-S,S,4.305615145589724
C27-S,S,6.831049807433915
C27-S,S,6.927948970818226
C27-S,S,6.2991767003107
C27-S,S,2.927592774614536
C27-S,S,3.509495156340756
C27-S,S,14.233351823468336
C27-S,S,2.468762994462375
C27-S,S,2.949198918469352
C27-S,S,6.1306233607004
C27-S,S,3.903457032819381
C27-S,S,3.77950602018642
C27-S,S,3.197103680115411
C27-S,S,9.319375934057083
C27-S,S,7.512676060466802
C27-S,S,3.023604816149136
C27-S,S,6.51226423345496
C27-S,S,3.9919090976696423
C27-S,S,6.718596861766319
C27-S,S,2.7830672306394435
C27-S,S,5.673456927211946
C27-S,S,4.7206015061997775
C27-S,S,8.311094684739436
C27-S,S,5.838898492508035
C27-S,S,4.378720796712142
C27-S,S,7.995737313488917
C27-S,S,10.77288138555145
C27-S,S,4.436338021664
C27-S,S,2.654637785700438
C27-S,S,3.47312634940454
C27-S,S,7.184376029547711
C27-S,S,9.594620100662157
C27-S,S,6.1924463365554345
C27-S,S,5.844332554635763
C27-S,S,7.009939386527629
C27-S,S,2.416783215221364
C27-S,S,10.091273209753975
C27-S,S,5.0519240049546825
C27-S,S,6.775056651518834
C27-S,S,8.555756896808417
C27-S,S,10.79348809100656
C27-S,S,8.710192134420545
C27-S,S,3.9439084451697126
C27-S,S,4.261149769927706
C27-S,S,6.443660590010759
C27-S,S,3.023604816149136
C27-S,S,4.577209096132407
C27-S,S,4.7206015061997775
C27-S,S,6.3393632431530085
C27-S,S,11.845132394014966
C27-S,S,3.4455978332997264
C27-S,S,3.79626666125431
C27-S,S,7.171108472464449
C27-S,S,3.454798377937929
C27-S,S,7.140054964796276
C27-S,S,5.479921695662696
C27-S,S,9.312561033011104
C27-S,S,3.3236738987336945
C27-S,S,6.779740410565317
C27-S,S,6.248580084155872
C27-S,S,4.193567780719649
C27-S,S,6.914189376360252
C27-S,S,5.8171114818577685
C27-S,S,4.577209096132407
C27-S,S,5.157637250622092
C27-S,S,4.82699461716502
C27-S,S,2.442911360672195
C27-S,S,3.677338292334829
C27-S,S,2.429882407183215
C27-S,S,5.800717523054638
C27-S,S,4.813824075245639
C27-S,S,7.504220597955888
C27-S,S,4.327676511942633
C27-S,S,5.554716737540344
C27-S,S,4.0550261985540725
C27-S,S,3.87898370671736
C27-S,S,5.182197566906894
C27-S,S,6.652121476931801
C27-S,S,7.478796852609967
C27-S,S,8.086533587617312
C27-S,S,5.3746412466382045
C27-S,S,5.8280151680556775
C27-S,S,4.140241406965356
C27-S,S,10.203888548732705
C27-S,S,6.2991767003107
C27-S,S,3.085953743077969
C27-S,S,3.023604816149136
C27-S,S,2.350192352247326
C27-S,S,3.651349710200832
C27-S,S,6.047209632298272
C27-S,S,5.634154921671018
C27-S,S,4.975950895204253
C27-S,S,5.531810591556775
C27-S,S,8.27281214733396
C27-S,S,9.427744412524731
C27-S,S,3.951949041579833
C27-S,S,3.491358109053505
C27-S,S,2.905825983649
C27-S,S,9.074313316252915
C27-S,S,6.565664237784879
C27-S,S,2.927592774614536
C27-S,S,3.536526327127732
C27-S,S,3.1571383130861377
C27-S,S,6.218024497212336
C27-S,S,3.903457032819381
C27-S,S,9.5979280201194
C27-S,S,9.871836919331
C27-S,S,3.870791546133164
C27-S,S,6.458422718384586
C27-S,S,3.054938345421817
C27-S,S,4.892315511878591
C27-S,S,4.982326235288772
C27-S,S,10.722671658219966
C27-S,S,4.9503674306088525
C27-S,S,2.938415705331363
C27-S,S,12.054985122238945
C27-S,S,4.140241406965356
C27-S,S,5.339086448999304
C27-S,S,2.167502675625957
C27-S,S,4.611754560525867
C27-S,S,7.474551154366794
C27-S,S,5.784277100224782
C27-S,S,6.223127513661881
C27-S,S,6.344368662995729
C27-S,S,5.456701584028908
C27-S,S,3.771097765009893
C27-S,S,2.442911360672195
C27-S,S,4.535407224223704
C27-S,S,6.991802384889051
C27-S,S,12.2534774228777
C27-S,S,2.82832332375742
C27-S,S,4.0235914128436026
C27-S,S,3.762670720366032
C27-S,S,6.812436558103996
C27-S,S,5.3212199634857855
C27-S,S,4.833566430442728
C27-S,S,5.00774643210875
C27-S,S,2.23953228725544
C27-S,S,4.400415665098895
C27-S,S,7.508449519451283
C27-S,S,5.957302953501169
C27-S,S,7.835325076332686
C27-S,S,6.580152664901904
C27-S,S,5.076995742098715
C27-S,S,5.5888999324095545
C27-S,S,8.168553172642095
C27-S,S,10.663298712065515
C27-S,S,7.245970092473379
C27-S,S,3.829567883822151
C27-S,S,5.356893345958676
C27-S,S,6.005068285211981
C27-S,S,3.8129536281046623
C27-S,S,5.543275496273416
C27-S,S,3.6339207337885258
C27-S,S,7.895861580742755
C27-S,S,2.152807572794862
C27-S,S,2.817077460835509
C27-S,S,4.0156942680121945
C27-S,S,8.890546506636163
C27-S,S,2.569569993156261
C27-S,S,6.374318642190622
C27-S,S,7.406288983387125
C27-S,S,6.680691922550688
C27-S,S,6.886587711776878
C27-S,S,6.146137404976707
C27-S,S,6.709140703861462
C27-S,S,3.7878956110204745
C27-S,S,4.88582272134439
C27-S,S,4.342321821185702
C27-S,S,5.751255267505358
C27-S,S,3.5811248902099826
C27-S,S,2.3230215853143203
C27-S,S,8.035340018938014
C27-S,S,3.1571383130861377
C27-S,S,8.548333245174712
C27-S,S,4.327676511942633
C27-S,S,2.51967068012428
C27-S,S,3.2070172036910374
C27-S,S,2.403612636431448
C27-S,S,8.25744943742468
C27-S,S,3.6339207337885258
C27-S,S,9.1266353719192
C27-S,S,7.609238586537745
C27-S,S,3.668695887220588
C27-S,S,2.23953228725544
C27-S,S,4.680080571972979
C27-S,S,4.356917902080675
C27-S,S,13.109553802591613
C27-S,S,6.073399489064991
C27-S,S,7.358991443700075
C27-S,S,4.039339384631394
C27-S,S,7.113329774454104
C27-S,S,3.29489695969924
C27-S,S,5.634154921671018
C27-S,S,5.132959418849276
C27-S,S,8.234351631515896
C27-S,S,6.546296454475322
C27-S,S,8.883402635248215
C27-S,S,9.810550621548913
C27-S,S,2.152807572794862
C27-S,S,4.0235914128436026
C27-S,S,11.62603465328388
C27-S,S,5.811651967297999
C27-S,S,11.186316284999204
C27-S,S,7.525341440732064
C27-S,S,2.737062950830321
C27-S,S,7.571599912606972
C27-S,S,4.982326235288772
C27-S,S,5.8280151680556775
C27-S,S,9.319375934057083
C27-S,S,7.0280295827666
C27-S,S,4.238742166217072
C27-S,S,2.760160937976904
C27-S,S,2.416783215221364
C27-S,S,6.036701875215923
C27-S,S,5.583217267053535
C27-S,S,5.237037163580257
C27-S,S,9.285251411063385
C27-S,S,2.7137683744347867
C27-S,S,9.504871118812462
C27-S,S,3.951949041579833
C27-S,S,6.487846208837168
C27-S,S,8.28814638134049
C27-S,S,9.032237448227969
C27-S,S,6.765679405984593
C27-S,S,5.503043830830882
C27-S,S,7.487281026469777
C27-S,S,4.931092727575152
C27-S,S,7.571599912606972
C27-S,S,4.6732929243517525
C27-S,S,4.305615145589724
C27-S,S,4.443487644387506
C27-S,S,2.7944499662047773
C27-S,S,5.427536748869573
C27-S,S,6.623427792592039
C27-S,S,5.9626291083008445
C27-S,S,5.520321875953807
C27-S,S,8.164666161633217
C27-S,S,2.606367617934471
C27-S,S,6.135799067287671
C27-S,S,5.386440692775725
C27-S,S,4.147901434618866
C27-S,S,2.092995659821536
C27-S,S,7.009939386527629
C27-S,S,4.686858389531491
C27-S,S,3.177183837092519
C27-S,S,3.651349710200832
C27-S,S,7.708709979468785
C27-S,S,9.617751644722883
C27-S,S,7.406288983387125
C27-S,S,8.353002831059898
C27-S,S,5.860604509712605
C27-S,S,5.261226840402518
C27-S,S,4.335005351251914
C27-S,S,5.212735235868942
C27-S,S,4.507323937336815
C27-S,S,7.786557019084522
C27-S,S,8.670010702503829
C27-S,S,2.350192352247326
C27-S,S,4.47906457451088
C27-S,S,3.3332110026949118
C27-S,S,4.767440655516864
C27-S,S,5.957302953501169
C27-S,S,3.935851422566431
C27-S,S,4.276022938254716
C27-S,S,4.639205722964035
C27-S,S,4.747423321527871
C27-S,S,9.594620100662157
C27-S,S,3.216900176899038
C27-S,S,6.273929397508653
C27-S,S,3.3236738987336945
C27-S,S,3.371089616420414
C27-S,S,3.265866464653287
C27-S,S,4.740732094352511
C27-S,S,5.5888999324095545
C27-S,S,4.039339384631394
C27-S,S,2.309316323606075
C27-S,S,2.5322376941434093
C27-S,S,3.4455978332997264
C27-S,S,8.592778951591422
C27-S,S,2.468762994462375
C27-S,S,2.196597973132827
C27-S,S,2.557186451232348
C27-M,M,4.840129320675807
C27-M,M,4.093980274472972
C27-M,M,6.526871199619697
C27-M,M,9.070814448447408
C27-M,M,11.788720285133767
C27-M,M,8.356802241231838
C27-M,M,13.479649417706492
C27-M,M,16.066729040880148
C27-M,M,6.448585054306144
C27-M,M,10.425470471737883
C27-M,M,10.501315138645635
C27-M,M,6.923365477778747
C27-M,M,9.597928020119399
C27-M,M,8.677330256954411
C27-M,M,12.224947751053293
C27-M,M,7.630068733875785
C27-M,M,8.447475444164617
C27-M,M,12.55544593193653
C27-M,M,10.419379048213619
C27-M,M,16.747756508164304
C27-M,M,11.496989771296962
C27-M,M,9.670415976232576
C27-M,M,10.591611857598984
C27-M,M,13.446639906578746
C27-M,M,9.568115574611756
C27-M,M,12.1258742442843
C27-M,M,10.537526677617542
C27-M,M,13.842145185948187
C27-M,M,12.691238802078056
C27-M,M,16.832833427800708
C27-M,M,13.812300572502483
C27-M,M,9.427744412524733
C27-M,M,10.606586574334143
C27-M,M,17.165227613016373
C27-M,M,22.59851040777242
C27-M,M,9.319375934057085
C27-M,M,14.044762804980223
C27-M,M,14.54878011420569
C27-M,M,15.73533835399926
C27-M,M,6.329340528199906
C27-M,M,18.515722458467813
C27-M,M,13.148239401412214
C27-M,M,5.651032108515939
C27-M,M,6.104679006626931
C27-M,M,4.879321291024226
C27-M,M,10.570611615156993
C27-M,M,13.919897810803176
C27-M,M,7.97586222107084
C27-M,M,8.333979798324496
C27-M,M,10.513399509892086
C27-M,M,4.132567180892246
C27-M,M,13.842145185948187
C27-M,M,7.891840260603777
C27-M,M,14.037980625363023
C27-M,M,10.265918837698552
C27-M,M,17.22798916649863
C27-M,M,13.02452846690992
C27-M,M,6.104679006626931
C27-M,M,11.834407962305999
C27-M,M,7.4957555974071
C27-M,M,8.40981375216695
C27-M,M,14.351067434475278
C27-M,M,14.915088379998942
C27-M,M,5.237037163580257
C27-M,M,6.881976671613579
C27-M,M,8.581689105346584
C27-M,M,13.014775917083465
C27-M,M,15.42359557302819
C27-M,M,15.833880000796277
C27-M,M,14.253409794182389
C27-M,M,12.494619836916801
C27-M,M,12.175511769617332
C27-M,M,22.49291260370675
C27-M,M,4.800617399948569
C27-M,M,11.645131754638804
C27-M,M,12.636091937675607
C27-M,M,8.618599766461605
C27-M,M,14.743841735251943
C27-M,M,6.652121476931801
C27-M,M,9.504871118812462
C27-M,M,4.193567780719649
C27-M,M,11.120857060078349
C27-M,M,11.095137453877237
C27-M,M,12.830543126449765
C27-M,M,6.4780532278453276
C27-M,M,13.43010472608671
C27-M,M,19.606535322734352
C27-M,M,8.015563124518007
C27-M,M,8.947492142520437
C27-M,M,7.457544189999471
C27-M,M,10.799368499010763
C27-M,M,8.421129945335407
C27-M,M,12.162468903774277
C27-M,M,5.8171114818577685
C27-M,M,9.067314230509467
C27-M,M,13.566502214966752
C27-M,M,12.110156967109084
C27-M,M,11.341317349099763
C27-M,M,13.456079458395271
C27-M,M,6.094270339197796
C27-M,M,17.725663859003866
C27-M,M,13.201246995296685
C27-M,M,13.318551159777327
C27-M,M,11.951847454107416
C27-M,M,4.443487644387506
C27-M,M,14.41066606370614
C27-M,M,10.784661467130626
C27-M,M,12.24829515264259
C27-M,M,13.344743026098199
C27-M,M,16.595431774670327
C27-M,M,13.394603461962394
C27-M,M,9.829945468727201
C27-M,M,7.667420395017729
C27-M,M,5.617227026861333
C27-M,M,12.47936698911039
C27-M,M,4.2162154761798245
C27-M,M,15.18506664501724
C27-M,M,4.943950879071324
C27-M,M,19.217341787075764
C27-M,M,10.352136826586666
C27-M,M,16.48026430570732
C27-M,M,5.273280067746964
C27-M,M,9.73584578866314
C27-M,M,9.791117355940386
C27-M,M,8.965213475276474
C27-M,M,7.175533717237639
C27-M,M,8.908381121363993
C27-M,M,7.311387941523849
C27-M,M,15.065439489836889
C27-M,M,11.060751614609023
C27-M,M,11.191990298189324
C27-M,M,8.757441593424284
C27-M,M,14.7589051402093
C27-M,M,10.256638210063064
C27-M,M,14.253409794182389
C27-M,M,13.444278983040826
C27-M,M,13.299470131125664
C27-M,M,21.519226754883963
C27-M,M,5.706928939903308
C27-M,M,13.102287536646257
C27-M,M,4.155547342369718
C27-M,M,8.019522405137081
C27-M,M,11.911941341184157
C27-M,M,16.945604899496853
C27-M,M,5.327182116575558
C27-M,M,8.364395884090078
C27-M,M,9.147480398019086
C27-M,M,10.19143718527997
C27-M,M,6.905001080770909
C27-M,M,14.437075370032712
C27-M,M,17.743563150506823
C27-M,M,5.2249003288096505
C27-M,M,9.810550621548913
C27-M,M,5.3032932871670715
C27-M,M,6.492737160311173
C27-M,M,20.019889545879796
C27-M,M,6.868124976916566
C27-M,M,12.193748343951897
C27-M,M,10.627515729575975
C27-M,M,6.06293712214215
C27-M,M,4.132567180892246
C27-M,M,10.29062625932534
C27-M,M,9.935940430030877
C27-M,M,12.214556803360974
C27-M,M,18.431524500003604
C27-M,M,12.651155831684596
C27-M,M,16.05684729504044
C27-M,M,15.075971081119473
C27-M,M,17.011043017038933
C27-M,M,13.31378346635097
C27-M,M,10.907584237669164
C27-M,M,16.648903960378153
C27-M,M,12.753616248556371
C27-M,M,6.3193019167617175
C27-M,M,13.220469789600216
C27-M,M,17.231673903823733
C27-M,M,10.948251803321284
C27-M,M,11.217487841091204
C27-M,M,14.34885532387493
C27-M,M,7.963913357101315
C27-M,M,6.218024497212336
C27-M,M,5.914521050168941
C27-M,M,17.772164520109193
C27-M,M,14.222196283057533
C27-M,M,11.855847124739498
C27-M,M,5.957302953501169
C27-M,M,6.699671199207101
C27-M,M,4.85976481436643
C27-M,M,13.745490620841142
C27-M,M,10.370518853777206
C27-M,M,10.573614203376948
C27-M,M,13.121655304109236
C27-M,M,9.035751254020578
C27-M,M,11.807554267699294
C27-M,M,17.301534812134598
C27-M,M,13.441917644832916
C27-M,M,18.393595964907245
C27-M,M,6.5946092608663305
C27-M,M,12.72371323848065
C27-M,M,17.531187058474266
C27-M,M,10.504337534776326
C27-M,M,7.005409538308847
C27-M,M,9.366941413682552
C27-M,M,13.524319172814865
C27-M,M,7.600890543885589
C27-M,M,8.469992077914881
C27-M,M,10.951150850586002
C27-M,M,16.785621707998054
C27-M,M,10.265918837698552
C27-M,M,11.152211582806572
C27-M,M,9.627648150491277
C27-M,M,10.302957751178413
C27-M,M,11.866552180757685
C27-M,M,9.69009130883455
C27-M,M,11.917269877053963
C27-M,M,10.749282493276409
C27-M,M,14.013084549844015
C27-M,M,11.99955960970168
C27-M,M,17.079947846875054
C27-M,M,13.990413309386154
C27-M,M,9.894320390274716
C27-M,M,17.079947846875054
C27-M,M,25.459897649715305
C27-M,M,9.454642454095953
C27-M,M,14.724451856822787
C27-M,M,14.001753518194182
C27-M,M,16.086474321823577
C27-M,M,6.115069957136806
C27-M,M,18.44013374168005
C27-M,M,13.30185675656096
C27-M,M,6.01563129827488
C27-M,M,6.3193019167617175
C27-M,M,6.151300058054117
C27-M,M,5.450881100682789
C27-M,M,10.716749165827673
C27-M,M,13.835263681577603
C27-M,M,8.17243833489394
C27-M,M,8.078678769262789
C27-M,M,10.540538690449562
C27-M,M,7.831272671057049
C27-M,M,13.979063901085627
C27-M,M,13.782391333198905
C27-M,M,9.216623335007187
C27-M,M,16.796964622936855
C27-M,M,6.652121476931801
C27-M,M,7.5379855405597365
C27-M,M,11.318903656542407
C27-M,M,8.375773439860426
C27-M,M,9.356769166612636
C27-M,M,11.546581618030377
C27-M,M,14.089893907173735
C27-M,M,10.100705777518057
C27-M,M,13.582871352267063
C27-M,M,6.661658573552302
C27-M,M,9.518220663479408
C27-M,M,13.745490620841142
C27-M,M,18.33482480979618
C27-M,M,16.11013671410155
C27-M,M,12.374636031456609
C27-M,M,12.481910424781173
C27-M,M,10.75813814423049
C27-M,M,5.14531312966267
C27-M,M,17.757869593589366
C27-M,M,11.494228395066116
C27-M,M,5.989188834889949
C27-M,M,15.13061718920226
C27-M,M,7.419135981738698
C27-M,M,14.816863393731195
C27-M,M,5.935950544465699
C27-M,M,13.73393881560632
C27-M,M,20.008787209765803
C27-M,M,7.725164021625219
C27-M,M,21.825351942888222
C27-M,M,12.590792119515772
C27-M,M,14.257863288993201
C27-M,M,16.327388239406545
C27-M,M,8.989964654036095
C27-M,M,11.823673803215332
C27-M,M,13.692271620526958
C27-M,M,15.052791854063488
C27-M,M,12.678726486306017
C27-M,M,16.51874267773508
C27-M,M,10.29062625932534
C27-M,M,13.456079458395271
C27-M,M,7.333064205928805
C27-M,M,10.504337534776326
C27-M,M,8.750189052558355
C27-M,M,11.710371098458142
C27-M,M,14.709353169339316
C27-M,M,9.254431756536409
C27-M,M,15.008441195911775
C27-M,M,16.762912851997473
C27-M,M,13.128910850864454
C27-M,M,22.243141289083717
C27-M,M,8.086533587617312
C27-M,M,11.978377669779897
C27-M,M,18.79140594803326
C27-M,M,22.13154574230738
C27-M,M,19.119635680704913
C27-M,M,14.14834911934406
C27-M,M,12.070774238530808
C27-M,M,20.3251699545565
C27-M,M,12.028623872404296
C27-M,M,9.839628556416079
C27-M,M,11.740151306546025
C27-M,M,8.982899847715812
C27-M,M,9.182116949035837
C27-M,M,9.709726772351917
C27-M,M,6.51226423345496
C27-M,M,5.14531312966267
C27-M,M,13.66209961486783
C27-M,M,12.015421559269596
C27-M,M,15.905888922052624
C27-M,M,5.93060043022457
C27-M,M,6.817094634927302
C27-M,M,8.074748494756635
C27-M,M,18.384964930710044
C27-M,M,16.560965627861425
C27-M,M,24.217692546263716
C27-M,M,11.796795673877407
C27-M,M,22.41940615679027
C27-M,M,10.713786691917353
C27-M,M,16.03508601845519
C27-M,M,15.797752454671716
C27-M,M,7.847469736284182
C27-M,M,11.29925520388621
C27-M,M,7.358991443700075
C27-M,M,6.414034407382075
C27-M,M,16.086474321823577
C27-M,M,8.73203134663969
C27-M,M,12.240517633505522
C27-M,M,8.364395884090078
C27-M,M,12.785932256161741
C27-M,M,11.521812376165999
C27-M,M,10.663298712065517
C27-L,L,10.265918837698552
C27-L,L,5.404091556115475
C27-L,L,11.25421564164936
C27-L,L,14.885262434236775
C27-L,L,6.666422005389823
C27-L,L,14.454654768167499
C27-L,L,7.228425344953597
C27-L,L,5.273280067746964
C27-L,L,11.863876822324235
C27-L,L,8.462493190142919
C27-L,L,10.422425204995031
C27-L,L,12.310338412365223
C27-L,L,15.911874955854973
C27-L,L,14.522573944420234
C27-L,L,13.976792913514622
C27-L,L,13.37088358597094
C27-L,L,10.160242018174541
C27-L,L,8.218917031945109
C27-L,L,8.291975509002073
C27-L,L,16.062777072048778
C27-L,L,5.8280151680556775
C27-L,L,7.688092905964894
C27-L,L,12.621010064064357
C27-L,L,9.617751644722883
C27-L,L,22.226009213661985
C27-L,L,7.931961720313236
C27-L,L,10.755187070757266
C27-L,L,6.314276626172275
C27-L,L,6.580152664901904
C27-L,L,13.423011984780771
C27-L,L,7.311387941523849
C27-L,L,8.207322033885905
C27-L,L,10.61556126490416
C27-L,L,7.525341440732064
C27-L,L,11.858524294723885
C27-L,L,11.055010243023322
C27-L,L,14.961837596270072
C27-L,L,8.184082755430348
C27-L,L,19.91655834251105
C27-L,L,13.486712373086457
C27-L,L,8.477484332434145
C27-L,L,13.757032726007658
C27-L,L,8.70654693981252
C27-L,L,12.204157008539376
C27-L,L,10.163365843619045
C27-L,L,11.650582319765077
C27-L,L,12.951205337128412
C27-L,L,10.113268849261242
C27-L,L,11.61237463839949
C27-L,L,7.819102853803413
C27-L,L,7.2678414675770515
C27-L,L,13.162717188218597
C27-L,L,14.344430079259627
C27-L,L,7.947953594854817
C27-L,L,11.685949025788993
C27-L,L,12.916845436769172
C27-L,L,16.72309815234736
C27-L,L,6.349370136900588
C27-L,L,10.18832196674921
C27-L,L,7.302699420401663
C27-L,L,10.531500067643536
C27-L,L,11.58774603243783
C27-L,L,14.681271553126333
C27-L,L,7.839375386800315
C27-L,L,5.404091556115475
C27-L,L,9.16481503626545
C27-L,L,11.680514964102104
C27-L,L,10.775827613251975
C27-L,L,9.935940430030877
C27-L,L,8.015563124518007
C27-L,L,13.344743026098199
C27-L,L,10.70785928527172
C27-L,L,6.517136859825754
C27-L,L,21.69698356765313
C27-L,L,18.159118179754124
C27-L,L,14.529129918245
C27-L,L,8.695602187604399
C27-L,L,7.175533717237639
C27-L,L,13.002574943259578
C27-L,L,10.278279972625045
C27-L,L,8.371982639286143
C27-L,L,11.072225426422966
C27-L,L,10.740419540696275
C27-L,L,14.204329195245839
C27-L,L,13.627202751706973
C27-L,L,7.3805279001752195
C27-L,L,7.237203035309503
C27-L,L,14.557505020605625
C27-L,L,6.21291728937139
C27-L,L,7.609238586537745
C27-L,L,9.281832058558901
C27-L,L,8.070816306310768
C27-L,L,7.175533717237639
C27-L,L,6.93252943344809
C27-L,L,18.038096968201632
C27-L,L,10.413284061410568
C27-L,L,7.979841199727464
C27-L,L,11.189153651255362
C27-L,L,12.626039356977284
C27-L,L,14.022142782561023
C27-L,L,12.943850179694415
C27-L,L,10.275191083006794
C27-L,L,18.242833344294144
C27-L,L,9.726059377288495
C27-L,L,19.69860424886262
C27-L,L,13.694589790630848
C27-L,L,6.068170560425284
C27-L,L,10.135216753527141
C27-L,L,13.793902561575901
C27-L,L,17.576396239368442
C27-L,L,12.188540678395592
C27-L,L,11.576783167133586
C27-L,L,4.872811186335824
C27-L,L,8.333979798324496
C27-L,L,8.793614575125831
C27-L,L,6.923365477778747
C27-L,L,7.525341440732064
C27-L,L,14.902313141355028
C27-L,L,8.125693785597061
C27-L,L,10.078682720497119
C27-L,L,10.17897059078452
C27-L,L,14.262315393173212
C27-L,L,7.2591008252473666
C27-L,L,15.295459502474666
C27-L,L,15.95172444214168
C27-L,L,6.005068285211981
C27-L,L,4.872811186335824
C27-L,L,5.860604509712605
C27-L,L,13.38274877917093
C27-L,L,11.449955805335657
C27-L,L,7.512676060466802
C27-L,L,16.0963378792663
C27-L,L,8.782778323843607
C27-L,L,9.884690879097722
C27-L,L,6.01563129827488
C27-L,L,7.086503796651674
C27-L,L,10.318351391544157
C27-L,L,13.75472507980741
C27-L,L,6.89580054226642
C27-L,L,11.040643751907615
C27-L,L,15.785691565430689
C27-L,L,12.855260050007354
C27-L,L,14.273439578152123
C27-L,L,14.579294443099288
C27-L,L,13.280361687160537
C27-L,L,10.413284061410568
C27-L,L,7.923953680189514
C27-L,L,10.250446456881773
C27-L,L,17.98875468007964
C27-L,L,15.733320873594273
C27-L,L,14.840411121848414
C27-L,L,12.963454659205523
C27-L,L,7.708709979468785
C27-L,L,7.59253332250862
C27-L,L,11.61237463839949
C27-L,L,9.670415976232576
C27-L,L,8.95458488413564
C27-L,L,11.879919935566017
C27-L,L,11.788720285133767
C27-L,L,13.14582488676484
C27-L,L,10.339863986674134
C27-L,L,16.61454873962472
C27-L,L,11.282386438266194
C27-L,L,19.442324954130083
C27-L,L,20.69660625534229
C27-L,L,10.489216845298648
C27-L,L,20.995071839547922
C27-L,L,11.055010243023322
C27-L,L,20.320484036349082
C27-L,L,13.02452846690992
C27-L,L,16.847913236807315
C27-L,L,6.223127513661881
C27-L,L,13.318551159777327
C27-L,L,11.715791312170479
C27-L,L,11.576783167133586
C27-L,L,12.833016961067653
C27-L,L,14.842549971916714
C27-L,L,11.257035893702565
C27-L,L,12.738673517884992
C27-L,L,19.36707461304627
C27-L,L,7.215238787280654
C27-L,L,8.607543187481761
C27-L,L,19.003061604054487
C27-L,L,18.479684593855787
C27-L,L,8.466243464286748
C27-L,L,13.878788917001117
C27-L,L,13.30185675656096
C27-L,L,17.974632004944773
C27-L,L,8.121786262511955
C27-L,L,5.706928939903308
C27-L,L,16.20639959126699
C27-L,L,6.671182035989458
C27-L,L,13.524319172814865
C27-L,L,28.164012810936004
C27-L,L,7.810979108385268
C27-L,L,9.977386855927671
C27-L,L,6.354367674185038
C27-L,L,8.039289559613433
C27-L,L,13.680674877851384
C27-L,L,13.1699501133115
C27-L,L,14.69639909093979
C27-L,L,13.624873116207992
C27-L,L,11.05788130143896
C27-L,L,15.84590421212349
C27-L,L,12.325800430281653
C27-L,L,12.793378203947759
C27-L,L,11.499750484452685
C27-L,L,19.51565865589256
C27-L,L,11.606906131084981
C27-L,L,7.753874578851027
C27-L,L,8.724757683281103
C27-L,L,13.155480286440968
C27-L,L,8.603854503709423
C27-L,L,11.685949025788993
C27-L,L,12.877464718786074
C27-L,L,14.340003469038733
C27-L,L,10.546560135493928
C27-L,L,12.123256113141988
C27-L,L,11.211826731550191
C27-L,L,12.636091937675607
C27-L,L,18.204511681275857
C27-L,L,6.826401253096697
C27-L,L,7.741583092266327
C27-L,L,8.110052397108145
C27-L,L,11.707660050592558
C27-L,L,12.217155368820299
C27-L,L,12.547858795017307
C27-L,L,13.408815246821458
C27-L,L,7.8837914668109494
C27-L,L,12.783449309783117
C27-L,L,18.220198467194976
C27-L,L,13.915336153197217
C27-L,L,7.263472461190293
C27-L,L,14.7846924140494
C27-L,L,8.121786262511955
C27-L,L,10.663298712065517
C27-L,L,7.1356077174231745
C27-L,L,14.286777166713845
C27-L,L,16.846028998895388
C27-L,L,12.06551349553153
C27-L,L,13.114395743219346
C27-L,L,8.499921471804495
C27-L,L,16.620279541314993
C27-L,L,19.093052927938995
C27-L,L,14.056059165533199
C27-L,L,10.540538690449562
C27-L,L,15.530249366162778
C27-L,L,16.68889566605633
C27-L,L,12.916845436769172
C27-L,L,6.078623919699069
C27-L,L,21.35485936162646
C27-L,L,6.1306233607004
C27-L,L,14.069602826133599
C27-L,L,7.444763470769674
C27-L,L,8.090458137029428
C27-L,L,10.312196692880507
C27-L,L,11.377645426743946
C27-L,L,13.954062709965322
C27-L,L,9.85896620079486
C27-L,L,14.657468164033169
C27-L,L,11.959812698213224
C27-L,L,16.832833427800708
C27-L,L,7.741583092266327
C27-L,L,12.336097675544828
C27-L,L,13.036708894585349
C27-L,L,14.035719170555701
C27-L,L,6.914189376360252
C27-L,L,8.618599766461605
C27-L,L,11.103717275332519
C27-L,L,14.412868687496413
C27-L,L,11.488703651466453
C27-L,L,18.24979227391757
C27-L,L,7.97586222107084
C27-L,L,11.137970469114702
C27-L,L,13.206055317071609
C27-L,L,10.66925087480202
C27-L,L,15.773621454147204
C27-L,L,13.27558027865735
C27-L,L,8.14130512330436
C27-L,L,12.678726486306017
C27-L,L,6.918778948306974
C27-L,L,6.784420936086966
C27-L,L,6.709140703861462
C27-L,L,13.344743026098199
C27-L,L,7.086503796651674
C27-L,L,8.055068357050775
C27-L,L,9.996458017368699
C27-L,L,11.268309843342037
C27-L,L,5.751255267505358
C27-L,L,13.938129511885922
C27-L,L,12.656173145318956
C27-L,L,14.570582584273518
C27-L,L,8.261292793200587
C27-L,L,11.510786715864421
C27-L,L,16.270908764503307
C27-L,L,14.889526941539348
C27-L,L,12.341243076258893
C27-L,L,5.230972266162188
C27-L,L,11.441635623198781
C27-L,L,13.43010472608671
C27-L,L,12.907011521802149
C27-L,L,12.466642027109154
C27-L,L,11.53557963209417
C27-L,L,8.947492142520437
C27-L,L,15.915864394291948
C27-L,L,17.078089209528365
C27-L,L,11.43886088431399
C27-L,L,8.592778951591422
C27-L,L,8.879828544322924
C27-L,L,11.000317759476667
C27-L,L,11.672359128150779
C27-L,L,15.763555968179231
C27-L,L,12.813212910747556
C27-L,L,16.66795959664899
C27-L,L,6.973618212656119
C27-L,L,8.062946176397695
C27-L,L,6.746885815775521
C27-L,L,17.053908490574614
C27-L,L,14.925726059391327
C27-L,L,17.094809670741412
C27-L,L,6.531732929306574
C27-L,L,11.740151306546025
C27-L,L,8.106137334173212
C27-L,L,12.041811710892526
C27-L,L,13.155480286440968
C27-L,L,11.794104491984541
C27-L,L,11.914605907002338
C27-L,L,12.72371323848065
C27-L,L,10.86968526030688
C27-L,L,22.643415589477822
C27-L,L,7.935962710086111
C27-L,L,7.232815521699024
C27-L,L,14.006287030865414
C27-L,L,9.774893455224111
C27-L,L,15.684823493771633
C27-L,L,7.963913357101315
C27-L,L,10.98587974595771
C27-L,L,9.919953387607638
C27-L,L,7.3676135807448855
C27-L,L,7.737481591002404
C27-L,L,12.95365612820667
C27-L,L,9.261289431991374
C27-L,L,10.698962018022659
C27-L,L,20.221828924695778
C27-L,L,7.935962710086111
C27-L,L,15.585339433775397
C27-L,L,8.529745849305554
C27-L,L,6.978168698107828
C27-L,L,12.507316334285655
C27-L,L,7.927958711367745
C27-L,L,10.994544829265658
C27-L,L,5.967950509724364
C27-L,L,10.26282622764564
C27-L,L,23.321590524853406
C27-L,L,9.650700530697113
