subset_id,subset_description,group,target,term,SS,df,MS,F,p_parametric,eta2,omega2,perm_p,n_samples,design_orthogonal,type_agreement,type_max_abs_diff
baseline_81,"完整81样本(基线,27条件×3前驱体,3x3x3x3)",baseline,compaction_density,precursor,0.9035228395068771,2.0,0.45176141975343853,133.53620180425523,2.443098127710406e-20,0.6743189236383077,0.6675836633856381,0.0001999600079984003,81,True,True,7.065459328714496e-13
baseline_81,"完整81样本(基线,27条件×3前驱体,3x3x3x3)",baseline,compaction_density,T_C,0.10200246913541378,2.0,0.05100123456770689,15.075459863784943,8.305608476264335e-06,0.076126681239604,0.07089796547497998,0.04239152169566087,81,True,True,7.065459328714496e-13
baseline_81,"完整81样本(基线,27条件×3前驱体,3x3x3x3)",baseline,compaction_density,beta,0.02285617283951069,2.0,0.011428086419755346,3.3780291712776407,0.04240503593224918,0.017058063386689477,0.011978111672040317,0.5078984203159368,81,True,True,7.065459328714496e-13
baseline_81,"完整81样本(基线,27条件×3前驱体,3x3x3x3)",baseline,compaction_density,t_hold,0.013550617283954125,2.0,0.0067753086419770625,2.0027141374643183,0.1460903210729493,0.010113123057893707,0.005050662144412743,0.6874625074985004,81,True,True,7.065459328714496e-13
baseline_81,"完整81样本(基线,27条件×3前驱体,3x3x3x3)",baseline,compaction_density,precursor:T_C,0.018217901234720557,4.0,0.004554475308680139,1.3462577974550018,0.2666025262941255,0.013596419497541942,0.0034881948592770193,0.9040191961607679,81,True,True,7.065459328714496e-13
baseline_81,"完整81样本(基线,27条件×3前驱体,3x3x3x3)",baseline,compaction_density,precursor:beta,0.0020308641971951147,4.0,0.0005077160492987787,0.15007583616906423,0.9620729901306034,0.0015156785192675388,0.0,0.9976004799040192,81,True,True,7.065459328714496e-13
baseline_81,"完整81样本(基线,27条件×3前驱体,3x3x3x3)",baseline,compaction_density,precursor:t_hold,0.022591975308614565,4.0,0.005647993827153641,1.6694910422045526,0.17251105658918747,0.016860886971360557,0.006744440786357807,0.8580283943211358,81,True,True,7.065459328714496e-13
baseline_81,"完整81样本(基线,27条件×3前驱体,3x3x3x3)",baseline,compaction_density,T_C:beta,0.042623456790011005,4.0,0.010655864197502751,3.1497679298357903,0.0222853401948745,0.03181082120743155,0.021656723679894366,0.6430713857228554,81,True,True,7.065459328714496e-13
baseline_81,"完整81样本(基线,27条件×3前驱体,3x3x3x3)",baseline,compaction_density,T_C:t_hold,0.0438567901234137,4.0,0.010964197530853426,3.2409082096936097,0.019663810625666998,0.03273128494061316,0.02257486922927923,0.6300739852029594,81,True,True,7.065459328714496e-13
baseline_81,"完整81样本(基线,27条件×3前驱体,3x3x3x3)",baseline,compaction_density,beta:t_hold,0.006264197531208993,4.0,0.0015660493828022481,0.4629086886867094,0.7625603565255132,0.004675108090248161,0.0,0.9850029994001199,81,True,True,7.065459328714496e-13
baseline_81,"完整81样本(基线,27条件×3前驱体,3x3x3x3)",baseline,compaction_density,Residual,0.16238703703697865,48.0,0.003383063271603722,,,0.12119300945104222,,,81,True,True,7.065459328714496e-13
baseline_81,"完整81样本(基线,27条件×3前驱体,3x3x3x3)",baseline,compaction_density,coupling_total,,12.0,,,,0.031972984988170035,0.010232635645634827,,81,True,True,7.065459328714496e-13
baseline_81,"完整81样本(基线,27条件×3前驱体,3x3x3x3)",baseline,D_sec,precursor,603.4827852009639,2.0,301.74139260048196,697.7081969061583,3.34495663445427e-36,0.8877591579410109,0.885923143464554,0.0001999600079984003,81,True,True,4.618527782440651e-12
baseline_81,"完整81样本(基线,27条件×3前驱体,3x3x3x3)",baseline,D_sec,T_C,37.95041029755794,2.0,18.97520514877897,43.87583704105261,1.4584953245908006e-11,0.0558273162308294,0.054520237452006855,0.09958008398320337,81,True,True,4.618527782440651e-12
baseline_81,"完整81样本(基线,27条件×3前驱体,3x3x3x3)",baseline,D_sec,beta,1.2733661482743628,2.0,0.6366830741371814,1.4721844949031802,0.23959690359628194,0.0018731975248742043,0.0006004223488075206,0.9258148370325935,81,True,True,4.618527782440651e-12
baseline_81,"完整81样本(基线,27条件×3前驱体,3x3x3x3)",baseline,D_sec,t_hold,0.2639566798843589,2.0,0.13197833994217945,0.3051698303575038,0.7384174660331582,0.00038829601376120436,0.0,0.9854029194161168,81,True,True,4.618527782440651e-12
baseline_81,"完整81样本(基线,27条件×3前驱体,3x3x3x3)",baseline,D_sec,precursor:T_C,2.4896198047581493,4.0,0.6224049511895373,1.4391695898841819,0.23555504385069317,0.0036623791691578287,0.0011168822336581137,0.9882023595280944,81,True,True,4.618527782440651e-12
baseline_81,"完整81样本(基线,27条件×3前驱体,3x3x3x3)",baseline,D_sec,precursor:beta,0.8144588193772506,4.0,0.20361470484431266,0.47081259669469055,0.7568608064074147,0.0011981174830483351,0.0,0.9984003199360127,81,True,True,4.618527782440651e-12
baseline_81,"完整81样本(基线,27条件×3前驱体,3x3x3x3)",baseline,D_sec,precursor:t_hold,1.0042337669492554,4.0,0.25105844173731384,0.580515424791379,0.6781816575775828,0.001477287745707475,0.0,0.9994001199760048,81,True,True,4.618527782440651e-12
baseline_81,"完整81样本(基线,27条件×3前驱体,3x3x3x3)",baseline,D_sec,T_C:beta,4.788690556533766,4.0,1.1971726391334414,2.7681888660901146,0.03773551162382692,0.007044449320443841,0.004496802091440224,0.9628074385122976,81,True,True,4.618527782440651e-12
baseline_81,"完整81样本(基线,27条件×3前驱体,3x3x3x3)",baseline,D_sec,T_C:t_hold,3.7187341271355763,4.0,0.9296835317838941,2.1496812719795666,0.08902799546601976,0.005470479619750893,0.0029238331082579567,0.9784043191361728,81,True,True,4.618527782440651e-12
baseline_81,"完整81样本(基线,27条件×3前驱体,3x3x3x3)",baseline,D_sec,beta:t_hold,3.2370424243645175,4.0,0.8092606060911294,1.8712307033414441,0.13083088705960128,0.004761882405504253,0.0022156864145264207,0.9872025594881024,81,True,True,4.618527782440651e-12
baseline_81,"完整81样本(基线,27条件×3前驱体,3x3x3x3)",baseline,D_sec,Residual,20.75880276173848,48.0,0.43247505753621834,,,0.03053743654591168,,,81,True,True,4.618527782440651e-12
baseline_81,"完整81样本(基线,27条件×3前驱体,3x3x3x3)",baseline,D_sec,coupling_total,,12.0,,,,0.006337784397913639,0.0011168822336581137,,81,True,True,4.618527782440651e-12
baseline_81,"完整81样本(基线,27条件×3前驱体,3x3x3x3)",baseline,circularity,precursor,1.0497891969135935,2.0,0.5248945984567968,326.2460706389633,1.1484478534440655e-28,0.771065644387915,0.7677948746673952,0.0001999600079984003,81,True,True,7.771561172376096e-15
baseline_81,"完整81样本(基线,27条件×3前驱体,3x3x3x3)",baseline,circularity,T_C,0.16440424772945406,2.0,0.08220212386472703,51.09239071594657,1.2905280627644755e-12,0.12075421197733649,0.11825102383552957,0.0065986802639472104,81,True,True,7.771561172376096e-15
baseline_81,"完整81样本(基线,27条件×3前驱体,3x3x3x3)",baseline,circularity,beta,0.0007325573412764186,2.0,0.0003662786706382093,0.2276589955505408,0.7972507656515094,0.0005380602125294031,0.0,0.978004399120176,81,True,True,7.771561172376096e-15
baseline_81,"完整81样本(基线,27条件×3前驱体,3x3x3x3)",baseline,circularity,t_hold,0.006245221568157433,2.0,0.0031226107840787165,1.94084584111868,0.1546858590268924,0.004587088347788523,0.0022210156551435334,0.8336332733453309,81,True,True,7.771561172376096e-15
baseline_81,"完整81样本(基线,27条件×3前驱体,3x3x3x3)",baseline,circularity,precursor:T_C,0.029910639361833802,4.0,0.0074776598404584504,4.647708602254063,0.0029809288756773526,0.021969235806000773,0.017221988038710067,0.7898420315936813,81,True,True,7.771561172376096e-15
baseline_81,"完整81样本(基线,27条件×3前驱体,3x3x3x3)",baseline,circularity,precursor:beta,0.0010660096935133367,4.0,0.0002665024233783342,0.16564348099325937,0.9547849299963246,0.0007829795292895163,0.0,0.9994001199760048,81,True,True,7.771561172376096e-15
baseline_81,"完整81样本(基线,27条件×3前驱体,3x3x3x3)",baseline,circularity,precursor:t_hold,0.006978836847146397,4.0,0.0017447092117865992,1.0844168075389924,0.37478580278378343,0.005125925611011955,0.0003985584947230268,0.9834033193361328,81,True,True,7.771561172376096e-15
baseline_81,"完整81样本(基线,27条件×3前驱体,3x3x3x3)",baseline,circularity,T_C:beta,0.015027358742198516,4.0,0.003756839685549629,2.3350481964084575,0.06883301813140476,0.011037530283287323,0.0063031855273308094,0.9300139972005599,81,True,True,7.771561172376096e-15
baseline_81,"完整81样本(基线,27条件×3前驱体,3x3x3x3)",baseline,circularity,T_C:t_hold,0.008166692508858375,4.0,0.002041673127214594,1.2689935031551864,0.29520830682369203,0.005998400479233682,0.0012700035553735495,0.978004399120176,81,True,True,7.771561172376096e-15
baseline_81,"完整81样本(基线,27条件×3前驱体,3x3x3x3)",baseline,circularity,beta:t_hold,0.0019308075134993885,4.0,0.0004827018783748471,0.3000213596650348,0.8764956574249059,0.0014181698039591971,0.0,0.9982003599280144,81,True,True,7.771561172376096e-15
baseline_81,"完整81样本(基线,27条件×3前驱体,3x3x3x3)",baseline,circularity,Residual,0.07722680207789523,48.0,0.0016088917099561506,,,0.056722753561648125,,,81,True,True,7.771561172376096e-15
baseline_81,"完整81样本(基线,27条件×3前驱体,3x3x3x3)",baseline,circularity,coupling_total,,12.0,,,,0.027878140946302244,0.017620546533433094,,81,True,True,7.771561172376096e-15
baseline_81,"完整81样本(基线,27条件×3前驱体,3x3x3x3)",baseline,convexity,precursor,0.0992127034872965,2.0,0.04960635174364825,157.6957767870203,7.957814467468868e-22,0.6466688326327344,0.6412532907045126,0.0001999600079984003,81,True,True,2.992051051364797e-14
baseline_81,"完整81样本(基线,27条件×3前驱体,3x3x3x3)",baseline,convexity,T_C,0.027248970618757085,2.0,0.013624485309378542,43.31146554152512,1.7821025375571693e-11,0.1776089089511766,0.17315314470735024,0.0013997200559888023,81,True,True,2.992051051364797e-14
baseline_81,"完整81样本(基线,27条件×3前驱体,3x3x3x3)",baseline,convexity,beta,0.00043038060600508743,2.0,0.00021519030300254371,0.6840777601300924,0.509406005105506,0.0028052226609137296,0.0,0.8948210357928414,81,True,True,2.992051051364797e-14
baseline_81,"完整81样本(基线,27条件×3前驱体,3x3x3x3)",baseline,convexity,t_hold,0.001447348807865012,2.0,0.000723674403932506,2.3005198579964663,0.11115418332756714,0.009433825821652869,0.005322176868240139,0.6850629874025195,81,True,True,2.992051051364797e-14
baseline_81,"完整81样本(基线,27条件×3前驱体,3x3x3x3)",baseline,convexity,precursor:T_C,0.0036880461227326578,4.0,0.0009220115306831644,2.9310223273229994,0.030125610287491434,0.024038700660834085,0.015804821893863966,0.7600479904019196,81,True,True,2.992051051364797e-14
baseline_81,"完整81样本(基线,27条件×3前驱体,3x3x3x3)",baseline,convexity,precursor:beta,0.0007911287111994625,4.0,0.00019778217779986562,0.6287383181080628,0.6443470792505759,0.005156580378833269,0.0,0.9828034393121375,81,True,True,2.992051051364797e-14
baseline_81,"完整81样本(基线,27条件×3前驱体,3x3x3x3)",baseline,convexity,precursor:t_hold,0.00062974728432863,4.0,0.0001574368210821575,0.500482718901192,0.7354620297410641,0.004104695536923595,0.0,0.9878024395120976,81,True,True,2.992051051364797e-14
baseline_81,"完整81样本(基线,27条件×3前驱体,3x3x3x3)",baseline,convexity,T_C:beta,0.002504411258129835,4.0,0.0006261028145324588,1.9903453129644424,0.11100351440045399,0.0163237634677949,0.00810567079590678,0.861627674465107,81,True,True,2.992051051364797e-14
baseline_81,"完整81样本(基线,27条件×3前驱体,3x3x3x3)",baseline,convexity,T_C:t_hold,0.0019653998378288406,4.0,0.0004913499594572102,1.561973634571846,0.19964923504434784,0.012810484687055021,0.004599580790849012,0.9068186362727455,81,True,True,2.992051051364797e-14
baseline_81,"完整81样本(基线,27条件×3前驱体,3x3x3x3)",baseline,convexity,beta:t_hold,0.0004036984821240708,4.0,0.0001009246205310177,0.3208336406962632,0.8626405734485812,0.0026313084614633703,0.0,0.9958008398320336,81,True,True,2.992051051364797e-14
baseline_81,"完整81样本(基线,27条件×3前驱体,3x3x3x3)",baseline,convexity,Residual,0.015099357333525631,48.0,0.00031456994444845066,,,0.09841767674061808,,,81,True,True,2.992051051364797e-14
baseline_81,"完整81样本(基线,27条件×3前驱体,3x3x3x3)",baseline,convexity,coupling_total,,12.0,,,,0.03329997657659095,0.015804821893863966,,81,True,True,2.992051051364797e-14
baseline_81,"完整81样本(基线,27条件×3前驱体,3x3x3x3)",baseline,solidity,precursor,0.05904123861377997,2.0,0.029520619306889984,112.88246739186297,7.123968660931721e-19,0.6594646462720468,0.6517189134064992,0.0001999600079984003,81,True,True,1.61259894326804e-14
baseline_81,"完整81样本(基线,27条件×3前驱体,3x3x3x3)",baseline,solidity,T_C,0.008485356156619162,2.0,0.004242678078309581,16.223371361222572,4.145591971707719e-06,0.09477769314634867,0.08867661996736727,0.01999600079984003,81,True,True,1.61259894326804e-14
baseline_81,"完整81样本(基线,27条件×3前驱体,3x3x3x3)",baseline,solidity,beta,0.00017310433790385105,2.0,8.655216895192552e-05,0.33096264979544043,0.7198579278683177,0.0019334992565226508,0.0,0.9294141171765646,81,True,True,1.61259894326804e-14
baseline_81,"完整81样本(基线,27条件×3前驱体,3x3x3x3)",baseline,solidity,t_hold,0.0021186801005015354,2.0,0.0010593400502507677,4.050759146892867,0.023680940148041132,0.023664724112254152,0.017770768580873817,0.40111977604479104,81,True,True,1.61259894326804e-14
baseline_81,"完整81样本(基线,27条件×3前驱体,3x3x3x3)",baseline,solidity,precursor:T_C,0.0011841277307382825,4.0,0.0002960319326845706,1.1319821796698173,0.35268990769908126,0.013226185517557663,0.0015376007470798857,0.9044191161767646,81,True,True,1.61259894326804e-14
baseline_81,"完整81样本(基线,27条件×3前驱体,3x3x3x3)",baseline,solidity,precursor:beta,0.0012701294687431641,4.0,0.00031753236718579103,1.2141966505541881,0.3171280031180819,0.014186787074431734,0.002495404536719033,0.902619476104779,81,True,True,1.61259894326804e-14
baseline_81,"完整81样本(基线,27条件×3前驱体,3x3x3x3)",baseline,solidity,precursor:t_hold,0.0011556237078664822,4.0,0.00028890592696662054,1.1047333912982609,0.3652089192920984,0.012907808129111499,0.0012201506378155635,0.9024195160967806,81,True,True,1.61259894326804e-14
baseline_81,"完整81样本(基线,27条件×3前驱体,3x3x3x3)",baseline,solidity,T_C:beta,0.0016087169104679333,4.0,0.0004021792276169833,1.537873683312695,0.206263532641002,0.017968659757520534,0.00626626245577411,0.8422315536892622,81,True,True,1.61259894326804e-14
baseline_81,"完整81样本(基线,27条件×3前驱体,3x3x3x3)",baseline,solidity,T_C:t_hold,0.0016797597834212752,4.0,0.0004199399458553188,1.6057880341788722,0.1881341200214598,0.018762177376430902,0.007057468942062805,0.8342331533693261,81,True,True,1.61259894326804e-14
baseline_81,"完整81样本(基线,27条件×3前驱体,3x3x3x3)",baseline,solidity,beta:t_hold,0.00025951770456345,4.0,6.48794261408625e-05,0.24808929750465508,0.9094230560289099,0.00289869852427732,0.0,0.9928014397120576,81,True,True,1.61259894326804e-14
baseline_81,"完整81样本(基线,27条件×3前驱体,3x3x3x3)",baseline,solidity,Residual,0.01255278839548879,48.0,0.00026151642490601645,,,0.1402091208334981,,,81,True,True,1.61259894326804e-14
baseline_81,"完整81样本(基线,27条件×3前驱体,3x3x3x3)",baseline,solidity,coupling_total,,12.0,,,,0.040320780721100895,0.005253155921614482,,81,True,True,1.61259894326804e-14
drop_T950,"剔除T_C=950,只留{850,900}",T_C,compaction_density,precursor,0.7086083333335864,2.0,0.3543041666667932,108.33215033187938,6.610342514236108e-14,0.7430226665038572,0.7336479684268742,0.0001999600079984003,54,True,True,5.758588050852609e-13
drop_T950,"剔除T_C=950,只留{850,900}",T_C,compaction_density,T_C,0.06614999999942484,1.0,0.06614999999942484,20.22604422581055,0.00010944618312842271,0.06936264658020096,0.06570793673441243,0.05398920215956809,54,True,True,5.758588050852609e-13
drop_T950,"剔除T_C=950,只留{850,900}",T_C,compaction_density,beta,0.012858333333383598,2.0,0.006429166666691799,1.9657839657860314,0.15890187450466248,0.013482812254295672,0.006601427831710201,0.7006598680263947,54,True,True,5.758588050852609e-13
drop_T950,"剔除T_C=950,只留{850,900}",T_C,compaction_density,t_hold,0.0002111111111844366,2.0,0.0001055555555922183,0.03227469895248337,0.9682765367808779,0.00022136395153993813,0.0,0.996000799840032,54,True,True,5.758588050852609e-13
drop_T950,"剔除T_C=950,只留{850,900}",T_C,compaction_density,precursor:T_C,0.00030833333335067437,2.0,0.00015416666667533718,0.0471380471405635,0.9540312341812675,0.0003233078764971137,0.0,0.9912017596480703,54,True,True,5.758588050852609e-13
drop_T950,"剔除T_C=950,只留{850,900}",T_C,compaction_density,precursor:beta,0.011141666666617311,4.0,0.002785416666654328,0.8516698516636446,0.5047306185714175,0.01168277380676798,0.0,0.9654069186162767,54,True,True,5.758588050852609e-13
drop_T950,"剔除T_C=950,只留{850,900}",T_C,compaction_density,precursor:t_hold,0.014738888888814472,4.0,0.003684722222203618,1.1266417932995512,0.3639962602702903,0.015454699032329223,0.0017312705295638895,0.944011197760448,54,True,True,5.758588050852609e-13
drop_T950,"剔除T_C=950,只留{850,900}",T_C,compaction_density,T_C:beta,0.01892499999996744,2.0,0.00946249999998372,2.8932568932436458,0.07207839217125761,0.019844113175199674,0.012940988037074904,0.6072785442911418,54,True,True,5.758588050852609e-13
drop_T950,"剔除T_C=950,只留{850,900}",T_C,compaction_density,T_C:t_hold,0.018611111111113132,2.0,0.009305555555556566,2.845269511928355,0.07500686375410652,0.01951497993161324,0.012612979656517639,0.6026794641071785,54,True,True,5.758588050852609e-13
drop_T950,"剔除T_C=950,只留{850,900}",T_C,compaction_density,beta:t_hold,0.010555555555583851,4.0,0.0026388888888959627,0.8068674735339968,0.531278579377433,0.011068197573182245,0.0,0.9686062787442512,54,True,True,5.758588050852609e-13
drop_T950,"剔除T_C=950,只留{850,900}",T_C,compaction_density,Residual,0.09157500000026175,28.0,0.0032705357142950625,,,0.09602243931451682,,,54,True,True,5.758588050852609e-13
drop_T950,"剔除T_C=950,只留{850,900}",T_C,compaction_density,coupling_total,,10.0,,,,0.027460780715594317,0.0017312705295638895,,54,True,True,5.758588050852609e-13
drop_T950,"剔除T_C=950,只留{850,900}",T_C,D_sec,precursor,386.63591311885466,2.0,193.31795655942733,581.1973125421247,1.586861549596757e-23,0.9457215898602752,0.9433269058684298,0.0001999600079984003,54,True,True,2.3305801732931286e-12
drop_T950,"剔除T_C=950,只留{850,900}",T_C,D_sec,T_C,3.215464539722234,1.0,3.215464539722234,9.667075849141689,0.004280060399321494,0.007865110646642502,0.007045780518937014,0.5134973005398921,54,True,True,2.3305801732931286e-12
drop_T950,"剔除T_C=950,只留{850,900}",T_C,D_sec,beta,1.8012672393956564,2.0,0.9006336196978282,2.7076938359450984,0.08413203286425848,0.004405946937683519,0.002776492595897229,0.8960207958408318,54,True,True,2.3305801732931286e-12
drop_T950,"剔除T_C=950,只留{850,900}",T_C,D_sec,t_hold,0.9131802742981563,2.0,0.45659013714907815,1.3727072506206013,0.26995259360146295,0.0022336629152522967,0.0006059745019882951,0.9394121175764847,54,True,True,2.3305801732931286e-12
drop_T950,"剔除T_C=950,只留{850,900}",T_C,D_sec,precursor:T_C,0.5748352874352349,2.0,0.28741764371761747,0.8641016337999512,0.4323656398460852,0.0014060621982984846,0.0,0.97000599880024,54,True,True,2.3305801732931286e-12
drop_T950,"剔除T_C=950,只留{850,900}",T_C,D_sec,precursor:beta,0.5166349829519277,4.0,0.12915874573798192,0.3883070008095737,0.8151594401964578,0.0012637027261989918,0.0,0.9992001599680064,54,True,True,2.3305801732931286e-12
drop_T950,"剔除T_C=950,只留{850,900}",T_C,D_sec,precursor:t_hold,0.4682227356452131,4.0,0.11705568391130328,0.3519199670730857,0.8404597274974467,0.0011452850988185254,0.0,0.9998000399920016,54,True,True,2.3305801732931286e-12
drop_T950,"剔除T_C=950,只留{850,900}",T_C,D_sec,T_C:beta,3.4078499479182938,2.0,1.7039249739591469,5.122734759168817,0.012708447010906189,0.008335690403803253,0.006703041430928006,0.8022395520895821,54,True,True,2.3305801732931286e-12
drop_T950,"剔除T_C=950,只留{850,900}",T_C,D_sec,T_C:t_hold,0.4899538564222894,2.0,0.2449769282111447,0.7365065038196473,0.4878304868802815,0.0011984399905226092,0.0,0.9694061187762447,54,True,True,2.3305801732931286e-12
drop_T950,"剔除T_C=950,只留{850,900}",T_C,D_sec,beta:t_hold,1.4896707343623348,4.0,0.3724176835905837,1.1196484832461635,0.36710886273616933,0.0036437737092373814,0.0003890663781185974,0.996000799840032,54,True,True,2.3305801732931286e-12
drop_T950,"剔除T_C=950,只留{850,900}",T_C,D_sec,Residual,9.313365128940859,28.0,0.33262018317645925,,,0.02278073551326723,,,54,True,True,2.3305801732931286e-12
drop_T950,"剔除T_C=950,只留{850,900}",T_C,D_sec,coupling_total,,10.0,,,,0.0038150500233160023,0.0,,54,True,True,2.3305801732931286e-12
drop_T950,"剔除T_C=950,只留{850,900}",T_C,circularity,precursor,0.8640159711062552,2.0,0.4320079855531276,343.26291306604105,2.0135453175845394e-20,0.9168594335336111,0.9129691454498468,0.0001999600079984003,54,True,True,9.117706589734098e-15
drop_T950,"剔除T_C=950,只留{850,900}",T_C,circularity,T_C,0.010758463063545776,1.0,0.010758463063545776,8.54840997112071,0.0067772505810753635,0.011416453723077997,0.010067502404955924,0.4283143371325735,54,True,True,9.117706589734098e-15
drop_T950,"剔除T_C=950,只留{850,900}",T_C,circularity,beta,0.005199576440180209,2.0,0.0025997882200901046,2.0657277356581645,0.14560854463434847,0.005517584013469659,0.0028427752554022545,0.8710257948410318,54,True,True,9.117706589734098e-15
drop_T950,"剔除T_C=950,只留{850,900}",T_C,circularity,t_hold,0.0008354848148552918,2.0,0.0004177424074276459,0.3319278357811749,0.7203240600198393,0.0008865833036551042,0.0,0.9786042791441711,54,True,True,9.117706589734098e-15
drop_T950,"剔除T_C=950,只留{850,900}",T_C,circularity,precursor:T_C,0.001328688261198252,2.0,0.000664344130599126,0.5278714958377497,0.5956136520025933,0.0014099512129911466,0.0,0.9664067186562687,54,True,True,9.117706589734098e-15
drop_T950,"剔除T_C=950,只留{850,900}",T_C,circularity,precursor:beta,0.001750030782407208,4.0,0.000437507695601802,0.3476328473160051,0.8434052305743295,0.0018570631625823644,0.0,0.999000199960008,54,True,True,9.117706589734098e-15
drop_T950,"剔除T_C=950,只留{850,900}",T_C,circularity,precursor:t_hold,0.014121159269775418,4.0,0.0035302898174438546,2.805081404112454,0.04471730478469115,0.01498481338527477,0.009629928128742193,0.9462107578484303,54,True,True,9.117706589734098e-15
drop_T950,"剔除T_C=950,只留{850,900}",T_C,circularity,T_C:beta,0.0028084965284627117,2.0,0.0014042482642313558,1.1157811104598394,0.34179379867406035,0.002980264974582011,0.0003088403021199021,0.9258148370325935,54,True,True,9.117706589734098e-15
drop_T950,"剔除T_C=950,只留{850,900}",T_C,circularity,T_C:t_hold,0.0023463355882089587,2.0,0.0011731677941044794,0.9321702560751417,0.4055752421907411,0.0024898381398327876,0.0,0.9390121975604879,54,True,True,9.117706589734098e-15
drop_T950,"剔除T_C=950,只留{850,900}",T_C,circularity,beta:t_hold,0.003961553793718764,4.0,0.000990388448429691,0.7869382864292543,0.5434048703194208,0.004203843549988306,0.0,0.9952009598080384,54,True,True,9.117706589734098e-15
drop_T950,"剔除T_C=950,只留{850,900}",T_C,circularity,Residual,0.03523894698510688,28.0,0.0012585338208966743,,,0.0373941710009348,,,54,True,True,9.117706589734098e-15
drop_T950,"剔除T_C=950,只留{850,900}",T_C,circularity,coupling_total,,10.0,,,,0.018251827760848282,0.009629928128742193,,54,True,True,9.117706589734098e-15
drop_T950,"剔除T_C=950,只留{850,900}",T_C,convexity,precursor,0.08459043970734825,2.0,0.042295219853674126,175.38816372733237,1.4549659649904407e-16,0.8583790730178289,0.8514014546727596,0.0001999600079984003,54,True,True,9.593888183889732e-15
drop_T950,"剔除T_C=950,只留{850,900}",T_C,convexity,T_C,0.001406973520744259,1.0,0.001406973520744259,5.834382775879556,0.022491481987470894,0.01427722365169566,0.011801261163184307,0.38852229554089185,54,True,True,9.593888183889732e-15
drop_T950,"剔除T_C=950,只留{850,900}",T_C,convexity,beta,0.0003933812874450382,2.0,0.0001966906437225191,0.8156290697669196,0.4525964584875211,0.003991825388635485,0.0,0.9020195960807839,54,True,True,9.593888183889732e-15
drop_T950,"剔除T_C=950,只留{850,900}",T_C,convexity,t_hold,0.00033041963430946453,2.0,0.00016520981715473226,0.6850856092187858,0.5122969169402882,0.003352923810145534,0.0,0.9148170365926814,54,True,True,9.593888183889732e-15
drop_T950,"剔除T_C=950,只留{850,900}",T_C,convexity,precursor:T_C,0.0002442463457796862,2.0,0.0001221231728898431,0.5064155976918153,0.6080662266214412,0.0024784828238710124,0.0,0.9452109578084383,54,True,True,9.593888183889732e-15
drop_T950,"剔除T_C=950,只留{850,900}",T_C,convexity,precursor:beta,0.0007961664037239302,4.0,0.00019904160093098255,0.8253779271843878,0.5201894109251112,0.008079075862010428,0.0,0.9826034793041392,54,True,True,9.593888183889732e-15
drop_T950,"剔除T_C=950,只留{850,900}",T_C,convexity,precursor:t_hold,0.0018859544036544662,4.0,0.00047148860091361655,1.9551504926253451,0.12897687252018478,0.019137668492603715,0.009326510486389897,0.913617276544691,54,True,True,9.593888183889732e-15
drop_T950,"剔除T_C=950,只留{850,900}",T_C,convexity,T_C:beta,0.00031899485141906325,2.0,0.00015949742570953163,0.6613976877578828,0.5240072099052031,0.0032369911517881535,0.0,0.9218156368726255,54,True,True,9.593888183889732e-15
drop_T950,"剔除T_C=950,只留{850,900}",T_C,convexity,T_C:t_hold,0.001283473462521556,2.0,0.000641736731260778,2.6611287819663882,0.08748439679396314,0.013024010335136402,0.00810999686639459,0.7140571885622875,54,True,True,9.593888183889732e-15
drop_T950,"剔除T_C=950,只留{850,900}",T_C,convexity,beta:t_hold,0.000544409384403366,4.0,0.0001361023461008415,0.5643838865051987,0.690462929139363,0.00552437869271146,0.0,0.9898020395920816,54,True,True,9.593888183889732e-15
drop_T950,"剔除T_C=950,只留{850,900}",T_C,convexity,Residual,0.0067522581383769875,28.0,0.0002411520763706067,,,0.06851834677357327,,,54,True,True,9.593888183889732e-15
drop_T950,"剔除T_C=950,只留{850,900}",T_C,convexity,coupling_total,,10.0,,,,0.029695227178485155,0.009326510486389897,,54,True,True,9.593888183889732e-15
drop_T950,"剔除T_C=950,只留{850,900}",T_C,solidity,precursor,0.046242051199321565,2.0,0.023121025599660783,91.6971224461058,5.11573693026021e-13,0.7632458239802534,0.7517934750826782,0.0001999600079984003,54,True,True,6.979659905592683e-15
drop_T950,"剔除T_C=950,只留{850,900}",T_C,solidity,T_C,5.961795205422504e-05,1.0,5.961795205422504e-05,0.23644256721823548,0.6305715270477391,0.0009840210751790748,0.0,0.8346330733853229,54,True,True,6.979659905592683e-15
drop_T950,"剔除T_C=950,只留{850,900}",T_C,solidity,beta,0.0001307957876477417,2.0,6.539789382387085e-05,0.25936560001788556,0.773374131409899,0.002158843220125397,0.0,0.9466106778644271,54,True,True,6.979659905592683e-15
drop_T950,"剔除T_C=950,只留{850,900}",T_C,solidity,t_hold,0.0017250845788012725,2.0,0.0008625422894006363,3.4208104474083085,0.0468635868136538,0.02847329576941697,0.02006623197836292,0.47690461907618475,54,True,True,6.979659905592683e-15
drop_T950,"剔除T_C=950,只留{850,900}",T_C,solidity,precursor:T_C,0.00010737283444228751,2.0,5.3686417221143756e-05,0.21291832200091362,0.8095186446710015,0.0017722368573953185,0.0,0.9506098780243951,54,True,True,6.979659905592683e-15
drop_T950,"剔除T_C=950,只留{850,900}",T_C,solidity,precursor:beta,0.0008167869501036762,4.0,0.00020419673752591905,0.809836620927587,0.5294884934183766,0.013481435459276183,0.0,0.9528094381123775,54,True,True,6.979659905592683e-15
drop_T950,"剔除T_C=950,只留{850,900}",T_C,solidity,precursor:t_hold,0.0014182034982042069,4.0,0.0003545508745510517,1.4061355028108558,0.25763800520201086,0.023408085703050054,0.0067329593878583715,0.8762247550489902,54,True,True,6.979659905592683e-15
drop_T950,"剔除T_C=950,只留{850,900}",T_C,solidity,T_C:beta,0.0003873151571625044,2.0,0.0001936575785812522,0.7680387108797617,0.4734487675289284,0.0063928106258589615,0.0,0.8534293141371726,54,True,True,6.979659905592683e-15
drop_T950,"剔除T_C=950,只留{850,900}",T_C,solidity,T_C:t_hold,0.0014683496928213913,2.0,0.0007341748464106956,2.9117099714279187,0.07098509871349747,0.024235771167630583,0.015846269914726617,0.5472905418916216,54,True,True,6.979659905592683e-15
drop_T950,"剔除T_C=950,只留{850,900}",T_C,solidity,beta:t_hold,0.0011703976834169794,4.0,0.00029259942085424484,1.1604383553870106,0.3492827021706402,0.019317939431659083,0.0026597648410427444,0.911617676464707,54,True,True,6.979659905592683e-15
drop_T950,"剔除T_C=950,只留{850,900}",T_C,solidity,Residual,0.007060076690748929,28.0,0.00025214559609817603,,,0.11652973671015494,,,54,True,True,6.979659905592683e-15
drop_T950,"剔除T_C=950,只留{850,900}",T_C,solidity,coupling_total,,10.0,,,,0.038661758019721555,0.0067329593878583715,,54,True,True,6.979659905592683e-15
drop_T900,"剔除T_C=900,只留{850,950}",T_C,compaction_density,precursor,0.5416842592592275,2.0,0.27084212962961374,62.412488188485746,4.802769192363561e-11,0.6595955063272032,0.6456156423623094,0.0001999600079984003,54,True,True,2.374454799447534e-13
drop_T900,"剔除T_C=900,只留{850,950}",T_C,compaction_density,T_C,0.001251851852089203,1.0,0.001251851852089203,0.28847502062954006,0.595442229295938,0.0015243489950300952,0.0,0.7944411117776444,54,True,True,2.374454799447534e-13
drop_T900,"剔除T_C=900,只留{850,950}",T_C,compaction_density,beta,0.04182870370368619,2.0,0.020914351851843094,4.819474502390227,0.015895990903421208,0.05093377650695221,0.04015327431089926,0.2595480903819236,54,True,True,2.374454799447534e-13
drop_T900,"剔除T_C=900,只留{850,950}",T_C,compaction_density,t_hold,0.016048148148115615,2.0,0.008024074074057808,1.8490566037696305,0.17609404476855806,0.01954143252721806,0.008925940648460267,0.596880623875225,54,True,True,2.374454799447534e-13
drop_T900,"剔除T_C=900,只留{850,950}",T_C,compaction_density,precursor:T_C,0.012406481481548326,2.0,0.006203240740774163,1.4294662724493996,0.2563774662953703,0.015107065222371123,0.00451488209546851,0.6768646270745851,54,True,True,2.374454799447534e-13
drop_T900,"剔除T_C=900,只留{850,950}",T_C,compaction_density,precursor:beta,0.002790740740692854,4.0,0.0006976851851732135,0.16077361538418347,0.9563944730401797,0.0033982158802298634,0.0,0.9966006798640272,54,True,True,2.374454799447534e-13
drop_T900,"剔除T_C=900,只留{850,950}",T_C,compaction_density,precursor:t_hold,0.028362962963001337,4.0,0.007090740740750334,1.6339805529328058,0.19348662578416978,0.034536877519949626,0.01332978923344346,0.7734453109378124,54,True,True,2.374454799447534e-13
drop_T900,"剔除T_C=900,只留{850,950}",T_C,compaction_density,T_C:beta,0.004184259259204737,2.0,0.0020921296296023684,0.4821074770564862,0.6225120642747104,0.005095068866231637,0.0,0.8768246350729854,54,True,True,2.374454799447534e-13
drop_T900,"剔除T_C=900,只留{850,950}",T_C,compaction_density,T_C:t_hold,0.030003703703641804,2.0,0.015001851851820902,3.4570061267337273,0.045521419768884505,0.0365347668827574,0.025829951457604968,0.3825234953009398,54,True,True,2.374454799447534e-13
drop_T900,"剔除T_C=900,只留{850,950}",T_C,compaction_density,beta:t_hold,0.021168518518607016,4.0,0.005292129629651754,1.2195110799574116,0.32484590333499724,0.025776380708517923,0.004615340985937114,0.8648270345930814,54,True,True,2.374454799447534e-13
drop_T900,"剔除T_C=900,只留{850,950}",T_C,compaction_density,Residual,0.12150740740742094,28.0,0.004339550264550748,,,0.14795656056353887,,,54,True,True,2.374454799447534e-13
drop_T900,"剔除T_C=900,只留{850,950}",T_C,compaction_density,coupling_total,,10.0,,,,0.053042158622550614,0.01784467132891197,,54,True,True,2.374454799447534e-13
drop_T900,"剔除T_C=900,只留{850,950}",T_C,D_sec,precursor,396.52332614817624,2.0,198.26166307408812,346.3291195163379,1.7864935515349835e-20,0.8673676482165525,0.8637815341500389,0.0001999600079984003,54,True,True,3.6202152386977104e-12
drop_T900,"剔除T_C=900,只留{850,950}",T_C,D_sec,T_C,36.007492608363464,1.0,36.007492608363464,62.89891357556858,1.2262995918773019e-08,0.07876392666548998,0.07741475524191307,0.04099180163967207,54,True,True,3.6202152386977104e-12
drop_T900,"剔除T_C=900,只留{850,950}",T_C,D_sec,beta,1.2232078557171917,2.0,0.6116039278585959,1.068367159559476,0.3571624443087053,0.0026756834998830814,0.0001710087178644972,0.9336132773445311,54,True,True,3.6202152386977104e-12
drop_T900,"剔除T_C=900,只留{850,950}",T_C,D_sec,t_hold,0.19291502572650643,2.0,0.09645751286325321,0.16849473056312894,0.8457860496352336,0.00042198842069509664,0.0,0.9892021595680864,54,True,True,3.6202152386977104e-12
drop_T900,"剔除T_C=900,只留{850,950}",T_C,D_sec,precursor:T_C,1.7341175728261078,2.0,0.8670587864130539,1.5146029817934261,0.23736854558553236,0.0037932635526998124,0.0012871910533182825,0.9074185162967406,54,True,True,3.6202152386977104e-12
drop_T900,"剔除T_C=900,只留{850,950}",T_C,D_sec,precursor:beta,0.11410240635814262,4.0,0.028525601589535654,0.04982933326089357,0.9950656397557429,0.00024959120771050956,0.0,1.0,54,True,True,3.6202152386977104e-12
drop_T900,"剔除T_C=900,只留{850,950}",T_C,D_sec,precursor:t_hold,0.49529370467462286,4.0,0.12382342616865571,0.21629828730157316,0.9271395111014782,0.0010834210939700281,0.0,0.9998000399920016,54,True,True,3.6202152386977104e-12
drop_T900,"剔除T_C=900,只留{850,950}",T_C,D_sec,T_C:beta,0.04486994710714498,2.0,0.02243497355357249,0.039190050747620185,0.961620592354011,9.814993956593101e-05,0.0,0.9976004799040192,54,True,True,3.6202152386977104e-12
drop_T900,"剔除T_C=900,只留{850,950}",T_C,D_sec,T_C:t_hold,3.414574046333655,2.0,1.7072870231668276,2.9823375953125204,0.06696192323563184,0.007469147121808794,0.004958477326443177,0.8206358728254349,54,True,True,3.6202152386977104e-12
drop_T900,"剔除T_C=900,只留{850,950}",T_C,D_sec,beta:t_hold,1.378205995026292,4.0,0.344551498756573,0.6018723707961985,0.6644244478029229,0.0030147313255846062,0.0,0.9986002799440112,54,True,True,3.6202152386977104e-12
drop_T900,"剔除T_C=900,只留{850,950}",T_C,D_sec,Residual,16.02904940198823,28.0,0.5724660500710083,,,0.0350624489560396,,,54,True,True,3.6202152386977104e-12
drop_T900,"剔除T_C=900,只留{850,950}",T_C,D_sec,coupling_total,,10.0,,,,0.00512627585438035,0.0012871910533182825,,54,True,True,3.6202152386977104e-12
drop_T900,"剔除T_C=900,只留{850,950}",T_C,circularity,precursor,0.6393614422469689,2.0,0.31968072112348445,147.30970347390016,1.375769253838353e-15,0.7056986925797334,0.6992332482493984,0.0001999600079984003,54,True,True,4.6629367034256575e-15
drop_T900,"剔除T_C=900,只留{850,950}",T_C,circularity,T_C,0.15313395816190223,1.0,0.15313395816190223,70.56452415815474,3.886844210608777e-09,0.1690224447765036,0.16622898903867775,0.002599480103979204,54,True,True,4.6629367034256575e-15
drop_T900,"剔除T_C=900,只留{850,950}",T_C,circularity,beta,0.0037122863995300293,2.0,0.0018561431997650146,0.8553155892590167,0.4359594990150147,0.004097456439385851,0.0,0.9004199160167966,54,True,True,4.6629367034256575e-15
drop_T900,"剔除T_C=900,只留{850,950}",T_C,circularity,t_hold,0.011685180051561161,2.0,0.005842590025780581,2.69228060169712,0.08522618051440069,0.012897581461848918,0.008087630785781817,0.7250549890021996,54,True,True,4.6629367034256575e-15
drop_T900,"剔除T_C=900,只留{850,950}",T_C,circularity,precursor:T_C,0.02263985448480277,2.0,0.011319927242401384,5.216251763834536,0.011869460479299558,0.02498886334773572,0.020150019761260678,0.5160967806438712,54,True,True,4.6629367034256575e-15
drop_T900,"剔除T_C=900,只留{850,950}",T_C,circularity,precursor:beta,0.0026450441993315366,4.0,0.0006612610498328841,0.3047108027890585,0.8723391604024658,0.0029194820174389745,0.0,0.9978004399120176,54,True,True,4.6629367034256575e-15
drop_T900,"剔除T_C=900,只留{850,950}",T_C,circularity,precursor:t_hold,0.0029529030943695744,4.0,0.0007382257735923936,0.34017634664518775,0.8485070466876359,0.0032592829584589126,0.0,0.9962007598480304,54,True,True,4.6629367034256575e-15
drop_T900,"剔除T_C=900,只留{850,950}",T_C,circularity,T_C:beta,0.005715268945230889,2.0,0.0028576344726154446,1.3168053591670021,0.28407812325670834,0.006308259391145841,0.0015140543319649114,0.8590281943611278,54,True,True,4.6629367034256575e-15
drop_T900,"剔除T_C=900,只留{850,950}",T_C,circularity,T_C:t_hold,0.0017696641575906114,2.0,0.0008848320787953057,0.40773291142940854,0.669042048576622,0.001953276503393696,0.0,0.9514097180563887,54,True,True,4.6629367034256575e-15
drop_T900,"剔除T_C=900,只留{850,950}",T_C,circularity,beta:t_hold,0.001618621251077812,4.0,0.000404655312769453,0.18646621517780163,0.9434840109606669,0.0017865620683240374,0.0,0.999000199960008,54,True,True,4.6629367034256575e-15
drop_T900,"剔除T_C=900,只留{850,950}",T_C,circularity,Residual,0.060763547684715036,28.0,0.002170126703025537,,,0.067068098456031,,,54,True,True,4.6629367034256575e-15
drop_T900,"剔除T_C=900,只留{850,950}",T_C,circularity,coupling_total,,10.0,,,,0.031167628323633605,0.020150019761260678,,54,True,True,4.6629367034256575e-15
drop_T900,"剔除T_C=900,只留{850,950}",T_C,convexity,precursor,0.05728275605486033,2.0,0.028641378027430164,62.668834764388386,4.582773791282372e-11,0.5487520469913136,0.5376417708745366,0.0001999600079984003,54,True,True,1.198000032509583e-14
drop_T900,"剔除T_C=900,只留{850,950}",T_C,convexity,T_C,0.02495523835326452,1.0,0.02495523835326452,54.60336815389548,4.7804381638071343e-08,0.23906388366500594,0.23366267490870699,0.0001999600079984003,54,True,True,1.198000032509583e-14
drop_T900,"剔除T_C=900,只留{850,950}",T_C,convexity,beta,0.001298818916801281,2.0,0.0006494094584006405,1.420941897556885,0.25836869260409084,0.012442305300100341,0.0036698593074189403,0.73125374925015,54,True,True,1.198000032509583e-14
drop_T900,"剔除T_C=900,只留{850,950}",T_C,convexity,t_hold,0.002766818454134068,2.0,0.001383409227067034,3.026971823058369,0.06454589939326652,0.026505311457174333,0.01767156335328071,0.4943011397720456,54,True,True,1.198000032509583e-14
drop_T900,"剔除T_C=900,只留{850,950}",T_C,convexity,precursor:T_C,0.002628233365037147,2.0,0.0013141166825185735,2.8753561074823715,0.07315621928074914,0.025177706841719445,0.016349745904870587,0.5212957408518296,54,True,True,1.198000032509583e-14
drop_T900,"剔除T_C=900,只留{850,950}",T_C,convexity,precursor:beta,0.0005202786049949282,4.0,0.00013006965124873204,0.284599207278428,0.8854673404513114,0.00498411684701975,0.0,0.992001599680064,54,True,True,1.198000032509583e-14
drop_T900,"剔除T_C=900,只留{850,950}",T_C,convexity,precursor:t_hold,0.0004015129506100834,4.0,0.00010037823765252085,0.21963283971049763,0.9252323940293585,0.0038463766186423013,0.0,0.9962007598480304,54,True,True,1.198000032509583e-14
drop_T900,"剔除T_C=900,只留{850,950}",T_C,convexity,T_C:beta,0.0013013543167943453,2.0,0.0006506771583971727,1.4237156915250875,0.2577189437698166,0.012466593690393633,0.0036940418220846247,0.7210557888422315,54,True,True,1.198000032509583e-14
drop_T900,"剔除T_C=900,只留{850,950}",T_C,convexity,T_C:t_hold,9.626573637433467e-05,2.0,4.813286818716733e-05,0.1053172357932222,0.9003937796248908,0.0009221975953801917,0.0,0.9768046390721855,54,True,True,1.198000032509583e-14
drop_T900,"剔除T_C=900,只留{850,950}",T_C,convexity,beta:t_hold,0.0003392754783391183,4.0,8.481886958477958e-05,0.1855881277018182,0.9439441447022204,0.0032501598396250946,0.0,0.996000799840032,54,True,True,1.198000032509583e-14
drop_T900,"剔除T_C=900,只留{850,950}",T_C,convexity,Residual,0.012796768725365837,28.0,0.0004570274544773513,,,0.12258930115362532,,,54,True,True,1.198000032509583e-14
drop_T900,"剔除T_C=900,只留{850,950}",T_C,convexity,coupling_total,,10.0,,,,0.0340082003073815,0.016349745904870587,,54,True,True,1.198000032509583e-14
drop_T900,"剔除T_C=900,只留{850,950}",T_C,solidity,precursor,0.03448527726167683,2.0,0.017242638630838414,46.85533194389835,1.16308538860656e-09,0.5738666594310953,0.5582007145184362,0.0001999600079984003,54,True,True,2.1115921511327684e-15
drop_T900,"剔除T_C=900,只留{850,950}",T_C,solidity,T_C,0.006948002848382373,1.0,0.006948002848382373,18.880577780355512,0.00016552431736403925,0.11562114330888376,0.10883086949635543,0.012397520495900819,54,True,True,2.1115921511327684e-15
drop_T900,"剔除T_C=900,只留{850,950}",T_C,solidity,beta,0.0002589659471610162,2.0,0.0001294829735805081,0.35185842712883697,0.7064452613338353,0.0043094310037301905,0.0,0.8950209958008398,54,True,True,2.1115921511327684e-15
drop_T900,"剔除T_C=900,只留{850,950}",T_C,solidity,t_hold,0.0022924048237662475,2.0,0.0011462024118831238,3.114702780329002,0.06006499418929331,0.03814771991815785,0.025742450287307185,0.381123775244951,54,True,True,2.1115921511327684e-15
drop_T900,"剔除T_C=900,只留{850,950}",T_C,solidity,precursor:T_C,0.0005402571453352323,2.0,0.00027012857266761614,0.7340502930471253,0.4889702408273783,0.008990374671333994,0.0,0.7954409118176364,54,True,True,2.1115921511327684e-15
drop_T900,"剔除T_C=900,只留{850,950}",T_C,solidity,precursor:beta,0.000962390900372867,4.0,0.00024059772509321675,0.6538028497579964,0.629078432205083,0.016015067730877994,0.0,0.9386122775444911,54,True,True,2.1115921511327684e-15
drop_T900,"剔除T_C=900,只留{850,950}",T_C,solidity,precursor:t_hold,0.0016025614020875878,4.0,0.00040064035052189695,1.0887044039912404,0.38116530733812304,0.02666809233896525,0.0021596119617854365,0.8602279544091181,54,True,True,2.1115921511327684e-15
drop_T900,"剔除T_C=900,只留{850,950}",T_C,solidity,T_C:beta,0.0014818643905982753,2.0,0.0007409321952991377,2.013417128430206,0.15241098405661424,0.024659583308833114,0.012336409774266942,0.5236952609478105,54,True,True,2.1115921511327684e-15
drop_T900,"剔除T_C=900,只留{850,950}",T_C,solidity,T_C:t_hold,0.0010008607318816587,2.0,0.0005004303659408293,1.3598748667751872,0.2731272379565506,0.016655241029451436,0.004380786252227022,0.6594681063787242,54,True,True,2.1115921511327684e-15
drop_T900,"剔除T_C=900,只留{850,950}",T_C,solidity,beta:t_hold,0.0002163282171636638,4.0,5.408205429091595e-05,0.14696315687302572,0.9628244914333219,0.003599900049588868,0.0,0.9964007198560288,54,True,True,2.1115921511327684e-15
drop_T900,"剔除T_C=900,只留{850,950}",T_C,solidity,Residual,0.010303926183716783,28.0,0.0003679973637041708,,,0.1714667872090823,,,54,True,True,2.1115921511327684e-15
drop_T900,"剔除T_C=900,只留{850,950}",T_C,solidity,coupling_total,,10.0,,,,0.05167353474117724,0.0021596119617854365,,54,True,True,2.1115921511327684e-15
drop_T850,"剔除T_C=850,只留{900,950}",T_C,compaction_density,precursor,0.5658620370369363,2.0,0.28293101851846814,129.37118577359865,7.16681541757234e-15,0.6626895742560237,0.6558873298714644,0.0001999600079984003,54,True,True,3.385555724655376e-13
drop_T850,"剔除T_C=850,只留{900,950}",T_C,compaction_density,T_C,0.08560185185194769,1.0,0.08560185185194769,39.141742522584245,9.207468856504237e-07,0.10024962101423245,0.09743886647546925,0.01739652069586083,54,True,True,3.385555724655376e-13
drop_T850,"剔除T_C=850,只留{900,950}",T_C,compaction_density,beta,0.012337037037013943,2.0,0.006168518518506971,2.8205764054589095,0.07656323276029683,0.014448090323305974,0.00930187713237603,0.6908618276344731,54,True,True,3.385555724655376e-13
drop_T850,"剔除T_C=850,只留{900,950}",T_C,compaction_density,t_hold,0.03277037037037189,2.0,0.016385185185185946,7.492182538441401,0.002476653286251665,0.03837787546708391,0.03317053001042094,0.36632673465306936,54,True,True,3.385555724655376e-13
drop_T850,"剔除T_C=850,只留{900,950}",T_C,compaction_density,precursor:T_C,0.014612037037068148,2.0,0.007306018518534074,3.340702210651842,0.049987219064852595,0.017112377168493235,0.011959357652707869,0.6506698660267947,54,True,True,3.385555724655376e-13
drop_T850,"剔除T_C=850,只留{900,950}",T_C,compaction_density,precursor:beta,0.0065379629629660485,4.0,0.0016344907407415121,0.747376538539179,0.5680387989918183,0.0076567071279722764,0.0,0.98000399920016,54,True,True,3.385555724655376e-13
drop_T850,"剔除T_C=850,只留{900,950}",T_C,compaction_density,precursor:t_hold,0.008371296296104447,4.0,0.0020928240740261117,0.9569510387727904,0.44633085807670636,0.009803751471799778,0.0,0.9752049590081984,54,True,True,3.385555724655376e-13
drop_T850,"剔除T_C=850,只留{900,950}",T_C,compaction_density,T_C:beta,0.04082592592601486,2.0,0.02041296296300743,9.333897843740464,0.0007833762647831827,0.04781185819106779,0.04258041219462404,0.28014397120575885,54,True,True,3.385555724655376e-13
drop_T850,"剔除T_C=850,只留{900,950}",T_C,compaction_density,T_C:t_hold,0.01717037037042246,2.0,0.00858518518521123,3.925605588643546,0.03141657144167999,0.020108479957722934,0.014947806442924448,0.5960807838432314,54,True,True,3.385555724655376e-13
drop_T850,"剔除T_C=850,只留{900,950}",T_C,compaction_density,beta:t_hold,0.008562962962855636,4.0,0.002140740740713909,0.9788611001728416,0.4348872613943381,0.010028215198777323,0.0,0.9756048790241951,54,True,True,3.385555724655376e-13
drop_T850,"剔除T_C=850,只留{900,950}",T_C,compaction_density,Residual,0.06123518518552373,28.0,0.0021869708994829906,,,0.07171344982352061,,,54,True,True,3.385555724655376e-13
drop_T850,"剔除T_C=850,只留{900,950}",T_C,compaction_density,coupling_total,,10.0,,,,0.03457283576826529,0.011959357652707869,,54,True,True,3.385555724655376e-13
drop_T850,"剔除T_C=850,只留{900,950}",T_C,D_sec,precursor,425.051141037271,2.0,212.5255705186355,469.70388508385685,2.895199136950171e-22,0.8955883483084223,0.8928304562273652,0.0001999600079984003,54,True,True,2.9984903449076228e-12
drop_T850,"剔除T_C=850,只留{900,950}",T_C,D_sec,T_C,17.7026582982553,1.0,17.7026582982553,39.12473853716056,9.240927433543792e-07,0.037299734020976666,0.0363117618446795,0.15936812637472506,54,True,True,2.9984903449076228e-12
drop_T850,"剔除T_C=850,只留{900,950}",T_C,D_sec,beta,1.916602479705034,2.0,0.958301239852517,2.1179466279796917,0.13914144611291626,0.004038306649345863,0.0021295680058601896,0.8994201159768046,54,True,True,2.9984903449076228e-12
drop_T850,"剔除T_C=850,只留{900,950}",T_C,D_sec,t_hold,1.2811851233127527,2.0,0.6405925616563763,1.4157770014758595,0.25958322783436355,0.002699473916632489,0.0007920104392779291,0.9318136372725455,54,True,True,2.9984903449076228e-12
drop_T850,"剔除T_C=850,只留{900,950}",T_C,D_sec,precursor:T_C,1.425476846876336,2.0,0.712738423438168,1.5752269513756954,0.2247559143885292,0.0030034984772195493,0.001095745432831547,0.9232153569286142,54,True,True,2.9984903449076228e-12
drop_T850,"剔除T_C=850,只留{900,950}",T_C,D_sec,precursor:beta,1.514306898679024,4.0,0.378576724669756,0.8366944172683154,0.5134934219035752,0.003190664565469493,0.0,0.997000599880024,54,True,True,2.9984903449076228e-12
drop_T850,"剔除T_C=850,只留{900,950}",T_C,D_sec,precursor:t_hold,2.1140487691654926,4.0,0.5285121922913731,1.1680675855975498,0.34603588798756113,0.0044543285798504875,0.0006403013241473146,0.993001399720056,54,True,True,2.9984903449076228e-12
drop_T850,"剔除T_C=850,只留{900,950}",T_C,D_sec,T_C:beta,3.7303159397743,2.0,1.86515796988715,4.122195473293857,0.02696752881965964,0.007859824780185926,0.005947446346328524,0.8216356728654269,54,True,True,2.9984903449076228e-12
drop_T850,"剔除T_C=850,只留{900,950}",T_C,D_sec,T_C:t_hold,1.6735732879478746,2.0,0.8367866439739373,1.8493865782911814,0.1760427253320114,0.0035262409437807063,0.001617990015323719,0.9152169566086783,54,True,True,2.9984903449076228e-12
drop_T850,"剔除T_C=850,只留{900,950}",T_C,D_sec,beta:t_hold,5.52709504662289,4.0,1.3817737616557224,3.0538654834464625,0.03304274206321054,0.011645662005915214,0.00782478539211196,0.9638072385522896,54,True,True,2.9984903449076228e-12
drop_T850,"剔除T_C=850,只留{900,950}",T_C,D_sec,Residual,12.669079740439884,28.0,0.4524671335871387,,,0.026693917752201354,,,54,True,True,2.9984903449076228e-12
drop_T850,"剔除T_C=850,只留{900,950}",T_C,D_sec,coupling_total,,10.0,,,,0.01064849162253953,0.0017360467569788617,,54,True,True,2.9984903449076228e-12
drop_T850,"剔除T_C=850,只留{900,950}",T_C,circularity,precursor,0.6111563001548781,2.0,0.30557815007743905,285.6041613223226,2.366588355327401e-19,0.7712801146699049,0.7675432100070222,0.0001999600079984003,54,True,True,5.731526364627371e-15
drop_T850,"剔除T_C=850,只留{900,950}",T_C,circularity,T_C,0.08271395036874196,1.0,0.08271395036874196,77.30738738595726,1.5215559034577696e-09,0.1043851222822004,0.1028959253254481,0.01739652069586083,54,True,True,5.731526364627371e-15
drop_T850,"剔除T_C=850,只留{900,950}",T_C,circularity,beta,6.693121393830381e-05,2.0,3.3465606969151906e-05,0.03127814148081254,0.9692397735678959,8.446728659795991e-05,0.0,0.999000199960008,54,True,True,5.731526364627371e-15
drop_T850,"剔除T_C=850,只留{900,950}",T_C,circularity,t_hold,0.004053124524329377,2.0,0.0020265622621646884,1.894096862312759,0.169235131878936,0.00511504887882847,0.0024112717557194614,0.8808238352329534,54,True,True,5.731526364627371e-15
drop_T850,"剔除T_C=850,只留{900,950}",T_C,circularity,precursor:T_C,0.020897416296747906,2.0,0.010448708148373953,9.76573268364185,0.0006060041372475635,0.02637256890516539,0.023640127294014466,0.5128974205158968,54,True,True,5.731526364627371e-15
drop_T850,"剔除T_C=850,只留{900,950}",T_C,circularity,precursor:beta,0.003861175857565513,4.0,0.0009652939643913783,0.9021979256685538,0.4759986938034567,0.004872809390051458,0.0,0.992001599680064,54,True,True,5.731526364627371e-15
drop_T850,"剔除T_C=850,只留{900,950}",T_C,circularity,precursor:t_hold,0.002297602464015114,4.0,0.0005744006160037785,0.5368551585092425,0.7098034464153553,0.002899577557267023,0.0,0.9984003199360127,54,True,True,5.731526364627371e-15
drop_T850,"剔除T_C=850,只留{900,950}",T_C,circularity,T_C:beta,0.014017272639605949,2.0,0.007008636319802974,6.55051972015418,0.004637385129108345,0.017689817884712685,0.014969084441423693,0.6260747850429914,54,True,True,5.731526364627371e-15
drop_T850,"剔除T_C=850,只留{900,950}",T_C,circularity,T_C:t_hold,0.00813403901748977,2.0,0.004067019508744885,3.801180469160663,0.03463452660665673,0.01026516873760303,0.0075544469874197755,0.7698460307938413,54,True,True,5.731526364627371e-15
drop_T850,"剔除T_C=850,只留{900,950}",T_C,circularity,beta:t_hold,0.015236121222297783,4.0,0.0038090303055744457,3.560054623012845,0.018089348283987505,0.019228006518922258,0.013808319133571834,0.9122175564887023,54,True,True,5.731526364627371e-15
drop_T850,"剔除T_C=850,只留{900,950}",T_C,circularity,Residual,0.029958205659728065,28.0,0.0010699359164188596,,,0.03780729788874652,,,54,True,True,5.731526364627371e-15
drop_T850,"剔除T_C=850,只留{900,950}",T_C,circularity,coupling_total,,10.0,,,,0.03414495585248387,0.023640127294014466,,54,True,True,5.731526364627371e-15
drop_T850,"剔除T_C=850,只留{900,950}",T_C,convexity,precursor,0.05839623427368679,2.0,0.029198117136843393,167.76819390097148,2.5854849371394724e-16,0.6468070060149284,0.6417146238212323,0.0001999600079984003,54,True,True,1.5959455978986625e-14
drop_T850,"剔除T_C=850,只留{900,950}",T_C,convexity,T_C,0.014511244054162376,1.0,0.014511244054162376,83.37952734462621,6.879442105822988e-10,0.16072910243210659,0.1584958923040174,0.003799240151969606,54,True,True,1.5959455978986625e-14
drop_T850,"剔除T_C=850,只留{900,950}",T_C,convexity,beta,0.00042076663683587867,2.0,0.00021038331841793934,1.2088323775279737,0.3136535967125869,0.00466048559445241,0.0008035752348954147,0.888622275544891,54,True,True,1.5959455978986625e-14
drop_T850,"剔除T_C=850,只留{900,950}",T_C,convexity,t_hold,0.0007801594462080175,2.0,0.00039007972310400874,2.2413421494214076,0.12505057178623474,0.008641183834750276,0.004776614723802907,0.7874425114977005,54,True,True,1.5959455978986625e-14
drop_T850,"剔除T_C=850,只留{900,950}",T_C,convexity,precursor:T_C,0.002659589473275048,2.0,0.001329794736637524,7.640809856988418,0.00224886492388108,0.02945808279992107,0.02555346256118943,0.4605078984203159,54,True,True,1.5959455978986625e-14
drop_T850,"剔除T_C=850,只留{900,950}",T_C,convexity,precursor:beta,0.0010798390809441116,4.0,0.0002699597702360279,1.5511501260904939,0.21477196224514905,0.011960488404953392,0.004241589328996454,0.9644071185762847,54,True,True,1.5959455978986625e-14
drop_T850,"剔除T_C=850,只留{900,950}",T_C,convexity,precursor:t_hold,0.0001988022659844546,4.0,4.970056649611365e-05,0.2855723277576234,0.8848396014203428,0.002201969014778225,0.0,0.9982003599280144,54,True,True,1.5959455978986625e-14
drop_T850,"剔除T_C=850,只留{900,950}",T_C,convexity,T_C:beta,0.0021362677189742385,2.0,0.0010681338594871193,6.137343980461927,0.006162569905092348,0.023661678608935272,0.019768210488745924,0.5414917016596681,54,True,True,1.5959455978986625e-14
drop_T850,"剔除T_C=850,只留{900,950}",T_C,convexity,T_C:t_hold,0.0015683605578473703,2.0,0.0007841802789236851,4.505787427017964,0.02011344817594144,0.017371438576310027,0.013490072700924857,0.6242751449710058,54,True,True,1.5959455978986625e-14
drop_T850,"剔除T_C=850,只留{900,950}",T_C,convexity,beta:t_hold,0.003659521467298532,4.0,0.000914880366824633,5.2567713889999315,0.0027509298713295303,0.04053350619523231,0.03275963343714263,0.7044591081783643,54,True,True,1.5959455978986625e-14
drop_T850,"剔除T_C=850,只留{900,950}",T_C,convexity,Residual,0.00487307671866688,28.0,0.00017403845423810286,,,0.053975058523632116,,,54,True,True,1.5959455978986625e-14
drop_T850,"剔除T_C=850,只留{900,950}",T_C,convexity,coupling_total,,10.0,,,,0.04362054021965269,0.029795051890185886,,54,True,True,1.5959455978986625e-14
drop_T850,"剔除T_C=850,只留{900,950}",T_C,solidity,precursor,0.03794721263194134,2.0,0.01897360631597067,157.33244712706662,5.916131907986651e-16,0.7009540977213978,0.6949507690399646,0.0001999600079984003,54,True,True,2.2919166564605575e-14
drop_T850,"剔除T_C=850,只留{900,950}",T_C,solidity,T_C,0.005720413434509908,1.0,0.005720413434509908,47.434664198362135,1.742829256101227e-07,0.10566644977252235,0.10320891851880072,0.01879624075184963,54,True,True,2.2919166564605575e-14
drop_T850,"剔除T_C=850,只留{900,950}",T_C,solidity,beta,0.0007608053962400163,2.0,0.00038040269812000815,3.1543654059366846,0.058149676736503016,0.014053460664831673,0.009576885177469859,0.6976604679064187,54,True,True,2.2919166564605575e-14
drop_T850,"剔除T_C=850,只留{900,950}",T_C,solidity,t_hold,0.0010597506901355302,2.0,0.0005298753450677651,4.393818619586204,0.0218970648648313,0.019575524453364218,0.015086675242450285,0.6176764647070586,54,True,True,2.2919166564605575e-14
drop_T850,"剔除T_C=850,只留{900,950}",T_C,solidity,precursor:T_C,0.0011285616163227985,2.0,0.0005642808081613992,4.679114710003399,0.017652428106203426,0.020846587525816893,0.016354913161596873,0.5762847430513898,54,True,True,2.2919166564605575e-14
drop_T850,"剔除T_C=850,只留{900,950}",T_C,solidity,precursor:beta,0.0011483877681044419,4.0,0.00028709694202611047,2.3806578306436577,0.07557903810379131,0.02121281264143162,0.012274984992808161,0.8956208758248351,54,True,True,2.2919166564605575e-14
drop_T850,"剔除T_C=850,只留{900,950}",T_C,solidity,precursor:t_hold,0.0005186445660996242,4.0,0.00012966114152490604,1.075172761238919,0.38745888979340176,0.009580309294244712,0.0006683368576887027,0.9772045590881824,54,True,True,2.2919166564605575e-14
drop_T850,"剔除T_C=850,只留{900,950}",T_C,solidity,T_C:beta,0.0005438958179517783,2.0,0.00027194790897588916,2.2550394109448195,0.12358339575665804,0.010046745884200304,0.005579076000151473,0.767246550689862,54,True,True,2.2919166564605575e-14
drop_T850,"剔除T_C=850,只留{900,950}",T_C,solidity,T_C:t_hold,5.0429250418204674e-05,2.0,2.5214625209102337e-05,0.2090840624325952,0.8125822458159553,0.0009315200583640518,0.0,0.9776044791041791,54,True,True,2.2919166564605575e-14
drop_T850,"剔除T_C=850,只留{900,950}",T_C,solidity,beta:t_hold,0.001881736922442201,4.0,0.00047043423061055023,3.900922549025185,0.012183071536232578,0.03475910653604266,0.025791169951198022,0.7708458308338332,54,True,True,2.2919166564605575e-14
drop_T850,"剔除T_C=850,只留{900,950}",T_C,solidity,Residual,0.0033766777708486018,28.0,0.00012059563467316434,,,0.06237338544778367,,,54,True,True,2.2919166564605575e-14
drop_T850,"剔除T_C=850,只留{900,950}",T_C,solidity,coupling_total,,10.0,,,,0.05163970946149323,0.029298235012093738,,54,True,True,2.2919166564605575e-14
drop_beta8,"剔除beta=8,只留{2,5}",beta,compaction_density,precursor,0.6090259259259483,2.0,0.30451296296297414,90.12362981549332,6.311059966479868e-13,0.667838708973227,0.6579905206489916,0.0001999600079984003,54,True,True,2.8295421561352896e-13
drop_beta8,"剔除beta=8,只留{2,5}",beta,compaction_density,T_C,0.06487314814830825,2.0,0.03243657407415412,9.599925618592925,0.0006684110501328615,0.07113785745742283,0.06349235940047913,0.15016996600679863,54,True,True,2.8295421561352896e-13
drop_beta8,"剔除beta=8,只留{2,5}",beta,compaction_density,beta,0.006556018518494966,1.0,0.006556018518494966,1.9403186658303317,0.17459589760136635,0.007189124070111611,0.0034711376196557594,0.5446910617876425,54,True,True,2.8295421561352896e-13
drop_beta8,"剔除beta=8,只留{2,5}",beta,compaction_density,t_hold,0.005400925925982847,2.0,0.0027004629629914234,0.7992287817208011,0.45966911371457914,0.005922485799244915,0.0,0.8604279144171165,54,True,True,2.8295421561352896e-13
drop_beta8,"剔除beta=8,只留{2,5}",beta,compaction_density,precursor:T_C,0.032032407407427854,4.0,0.008008101851856964,2.3700771218375936,0.07658371864828775,0.03512573225147425,0.020230274745171407,0.7808438312337532,54,True,True,2.8295421561352896e-13
drop_beta8,"剔除beta=8,只留{2,5}",beta,compaction_density,precursor:beta,0.0003370370370703313,2.0,0.00016851851853516564,0.049874725968120016,0.9514329165922746,0.000369584233004524,0.0,0.9916016796640672,54,True,True,2.8295421561352896e-13
drop_beta8,"剔除beta=8,只留{2,5}",beta,compaction_density,precursor:t_hold,0.0078046296297316076,4.0,0.0019511574074329019,0.5774643752050109,0.6813343394066983,0.008558311812439835,0.0,0.9840031993601279,54,True,True,2.8295421561352896e-13
drop_beta8,"剔除beta=8,只留{2,5}",beta,compaction_density,T_C:beta,0.042462037037012124,2.0,0.021231018518506062,6.283530378969044,0.005569072139838029,0.04656253664744571,0.03900775711357131,0.29314137172565485,54,True,True,2.8295421561352896e-13
drop_beta8,"剔除beta=8,只留{2,5}",beta,compaction_density,T_C:t_hold,0.04429074074073469,4.0,0.011072685185183673,3.2770709364327675,0.025277196682784112,0.04856783571370768,0.03362275737915736,0.643871225754849,54,True,True,2.8295421561352896e-13
drop_beta8,"剔除beta=8,只留{2,5}",beta,compaction_density,beta:t_hold,0.00454537037035152,2.0,0.00227268518517576,0.6726237081107136,0.5184221893851322,0.004984310438550714,0.0,0.887622475504899,54,True,True,2.8295421561352896e-13
drop_beta8,"剔除beta=8,只留{2,5}",beta,compaction_density,Residual,0.09460740740712481,28.0,0.003378835978825886,,,0.10374351260337104,,,54,True,True,2.8295421561352896e-13
drop_beta8,"剔除beta=8,只留{2,5}",beta,compaction_density,coupling_total,,10.0,,,,0.04405362829691861,0.020230274745171407,,54,True,True,2.8295421561352896e-13
drop_beta8,"剔除beta=8,只留{2,5}",beta,D_sec,precursor,389.32308943358066,2.0,194.66154471679033,455.2476144456716,4.427549969468805e-22,0.8761259009724117,0.8733610034550066,0.0001999600079984003,54,True,True,1.0231815394945443e-12
drop_beta8,"剔除beta=8,只留{2,5}",beta,D_sec,T_C,30.09864467551779,2.0,15.049322337758895,35.195282680286645,2.284883459626679e-08,0.06773346585416255,0.06574569782062026,0.16576684663067387,54,True,True,1.0231815394945443e-12
drop_beta8,"剔除beta=8,只留{2,5}",beta,D_sec,beta,0.817892554802711,1.0,0.817892554802711,1.9127744773038051,0.17758577831290262,0.001840571162932278,0.0008774747605433092,0.7598480303939212,54,True,True,1.0231815394945443e-12
drop_beta8,"剔除beta=8,只留{2,5}",beta,D_sec,t_hold,1.6744497874869921,2.0,0.8372248937434961,1.9579862894121083,0.15999237047000303,0.003768152643680751,0.0018418761935340075,0.9044191161767646,54,True,True,1.0231815394945443e-12
drop_beta8,"剔除beta=8,只留{2,5}",beta,D_sec,precursor:T_C,1.8698244578217782,4.0,0.46745611445544455,1.0932219883156429,0.379084150514749,0.004207820399639661,0.0003584672617764877,0.9952009598080384,54,True,True,1.0231815394945443e-12
drop_beta8,"剔除beta=8,只留{2,5}",beta,D_sec,precursor:beta,0.2469215865858132,2.0,0.1234607932929066,0.2887331018868566,0.7514158667963813,0.000555668038676499,0.0,0.9862027594481104,54,True,True,1.0231815394945443e-12
drop_beta8,"剔除beta=8,只留{2,5}",beta,D_sec,precursor:t_hold,2.4116091471041727,4.0,0.6029022867760432,1.409984844196912,0.25640072852371665,0.005427043230017349,0.0015765180203141584,0.9906018796240752,54,True,True,1.0231815394945443e-12
drop_beta8,"剔除beta=8,只留{2,5}",beta,D_sec,T_C:beta,0.08147555131199624,2.0,0.04073777565599812,0.09527189981050455,0.9094191373178722,0.00018335116189563871,0.0,0.9956008798240352,54,True,True,1.0231815394945443e-12
drop_beta8,"剔除beta=8,只留{2,5}",beta,D_sec,T_C:t_hold,4.9317878760521126,4.0,1.2329469690130281,2.883446585188782,0.04063469608009999,0.011098409556436347,0.007242432309090815,0.9654069186162767,54,True,True,1.0231815394945443e-12
drop_beta8,"剔除beta=8,只留{2,5}",beta,D_sec,beta:t_hold,0.9405332137002915,2.0,0.47026660685014576,1.09979478090273,0.3468948648019063,0.00211655956610872,0.00019187083699964,0.9512097580483904,54,True,True,1.0231815394945443e-12
drop_beta8,"剔除beta=8,只留{2,5}",beta,D_sec,Residual,11.972656372306119,28.0,0.4275948704395042,,,0.02694305741403844,,,54,True,True,1.0231815394945443e-12
drop_beta8,"剔除beta=8,只留{2,5}",beta,D_sec,coupling_total,,10.0,,,,0.01019053166833351,0.0019349852820906462,,54,True,True,1.0231815394945443e-12
drop_beta8,"剔除beta=8,只留{2,5}",beta,circularity,precursor,0.7190652115473597,2.0,0.35953260577367985,194.2656652950036,3.8472021559904006e-17,0.7458289146971355,0.740568090758741,0.0001999600079984003,54,True,True,3.885780586188048e-15
drop_beta8,"剔除beta=8,只留{2,5}",beta,circularity,T_C,0.1505539073272253,2.0,0.07527695366361264,40.67427334823779,5.209910026845047e-09,0.15615754385286654,0.15202649069040017,0.015196960607878424,54,True,True,3.885780586188048e-15
drop_beta8,"剔除beta=8,只留{2,5}",beta,circularity,beta,0.0007181959859074993,1.0,0.0007181959859074993,0.38806166332059344,0.538361264202583,0.0007449273363629412,0.0,0.8298340331933614,54,True,True,3.885780586188048e-15
drop_beta8,"剔除beta=8,只留{2,5}",beta,circularity,t_hold,0.0036558648754638767,2.0,0.0018279324377319384,0.9876837466970811,0.3850429820506366,0.0037919366540888717,0.0,0.9118176364727054,54,True,True,3.885780586188048e-15
drop_beta8,"剔除beta=8,只留{2,5}",beta,circularity,precursor:T_C,0.022508935730330748,4.0,0.005627233932582687,3.040554114226663,0.0335785321737939,0.02334672132255485,0.015638258996041147,0.8742251549690062,54,True,True,3.885780586188048e-15
drop_beta8,"剔除beta=8,只留{2,5}",beta,circularity,precursor:beta,0.000589263759930958,2.0,0.000294631879965479,0.15919796218605312,0.8535939869113205,0.0006111962357265476,0.0,0.9838032393521295,54,True,True,3.885780586188048e-15
drop_beta8,"剔除beta=8,只留{2,5}",beta,circularity,precursor:t_hold,0.006711754594672215,4.0,0.0016779386486680536,0.9066378477864374,0.4735359568327959,0.006961566996525729,0.0,0.9872025594881024,54,True,True,3.885780586188048e-15
drop_beta8,"剔除beta=8,只留{2,5}",beta,circularity,T_C:beta,0.0007987368144952711,2.0,0.00039936840724763556,0.21579007880193626,0.8072321964391246,0.0008284659053407975,0.0,0.9802039592081584,54,True,True,3.885780586188048e-15
drop_beta8,"剔除beta=8,只留{2,5}",beta,circularity,T_C:t_hold,0.006762817076058525,4.0,0.0016907042690146312,0.9135354745655018,0.46972990808565873,0.0070145300302847146,0.0,0.9878024395120976,54,True,True,3.885780586188048e-15
drop_beta8,"剔除beta=8,只留{2,5}",beta,circularity,beta:t_hold,0.0009304642686203124,2.0,0.0004652321343101562,0.2513781188048043,0.7794646389999669,0.0009650962728904664,0.0,0.9748050389922016,54,True,True,3.885780586188048e-15
drop_beta8,"剔除beta=8,只留{2,5}",beta,circularity,Residual,0.05182034069878405,28.0,0.0018507264535280018,,,0.053749100696222976,,,54,True,True,3.885780586188048e-15
drop_beta8,"剔除beta=8,只留{2,5}",beta,circularity,coupling_total,,10.0,,,,0.030919484554807128,0.015638258996041147,,54,True,True,3.885780586188048e-15
drop_beta8,"剔除beta=8,只留{2,5}",beta,convexity,precursor,0.07434253950366809,2.0,0.037171269751834046,111.3228214544279,4.713789733934694e-14,0.6463581779191753,0.6386978262644977,0.0001999600079984003,54,True,True,2.768618667658984e-14
drop_beta8,"剔除beta=8,只留{2,5}",beta,convexity,T_C,0.02557550649271434,2.0,0.01278775324635717,38.29755563777211,9.70628481179487e-09,0.2223617579700144,0.2159287389206642,0.002599480103979204,54,True,True,2.768618667658984e-14
drop_beta8,"剔除beta=8,只留{2,5}",beta,convexity,beta,0.0001907724388061638,1.0,0.0001907724388061638,0.5713371183021394,0.4560404818774335,0.0016586375279508089,0.0,0.7654469106178764,54,True,True,2.768618667658984e-14
drop_beta8,"剔除beta=8,只留{2,5}",beta,convexity,t_hold,0.0008210302480193832,2.0,0.0004105151240096916,1.2294361252541925,0.30776481443037473,0.0071383035697906595,0.0013282868633570498,0.8240351929614077,54,True,True,2.768618667658984e-14
drop_beta8,"剔除beta=8,只留{2,5}",beta,convexity,precursor:T_C,0.0025883320306334667,4.0,0.0006470830076583667,1.9379242788495896,0.13181200344884483,0.02250379912146451,0.010859950646736947,0.8872225554889022,54,True,True,2.768618667658984e-14
drop_beta8,"剔除beta=8,只留{2,5}",beta,convexity,precursor:beta,7.17856513716697e-05,2.0,3.589282568583485e-05,0.10749405796453719,0.8984506665824424,0.0006241277622624691,0.0,0.9832033593281344,54,True,True,2.768618667658984e-14
drop_beta8,"剔除beta=8,只留{2,5}",beta,convexity,precursor:t_hold,0.0004313287964379242,4.0,0.00010783219910948105,0.3229425502181234,0.8601845203637218,0.0037501126113122863,0.0,0.9964007198560288,54,True,True,2.768618667658984e-14
drop_beta8,"剔除beta=8,只留{2,5}",beta,convexity,T_C:beta,0.00020289633631165316,2.0,0.00010144816815582658,0.3038232588202784,0.7403935147685028,0.0017640466295667187,0.0,0.9538092381523695,54,True,True,2.768618667658984e-14
drop_beta8,"剔除beta=8,只留{2,5}",beta,convexity,T_C:t_hold,0.0010702122852279672,4.0,0.0002675530713069918,0.8012845131614712,0.534656187832061,0.00930477311220361,0.0,0.9752049590081984,54,True,True,2.768618667658984e-14
drop_beta8,"剔除beta=8,只留{2,5}",beta,convexity,beta:t_hold,0.0003738088608216117,2.0,0.00018690443041080584,0.5597529671322855,0.5776122688573164,0.0032500156139914776,0.0,0.9246150769846031,54,True,True,2.768618667658984e-14
drop_beta8,"剔除beta=8,只留{2,5}",beta,convexity,Residual,0.009349345798582931,28.0,0.00033390520709224755,,,0.08128624816226777,,,54,True,True,2.768618667658984e-14
drop_beta8,"剔除beta=8,只留{2,5}",beta,convexity,coupling_total,,10.0,,,,0.026878039495039266,0.010859950646736947,,54,True,True,2.768618667658984e-14
drop_beta8,"剔除beta=8,只留{2,5}",beta,solidity,precursor,0.04245498282034532,2.0,0.02122749141017266,87.21701466544611,9.380871019828128e-13,0.682162619606514,0.6717142935070141,0.0001999600079984003,54,True,True,1.8384599398402202e-14
drop_beta8,"剔除beta=8,只留{2,5}",beta,solidity,T_C,0.009285609805488093,2.0,0.0046428049027440466,19.075809546547777,5.924418694457429e-06,0.14920029378789815,0.14082811480125207,0.015396920615876825,54,True,True,1.8384599398402202e-14
drop_beta8,"剔除beta=8,只留{2,5}",beta,solidity,beta,4.3125556906886686e-05,1.0,4.3125556906886686e-05,0.17718920509848757,0.6770135596517435,0.0006929373401487654,0.0,0.8446310737852429,54,True,True,1.8384599398402202e-14
drop_beta8,"剔除beta=8,只留{2,5}",beta,solidity,t_hold,0.0013889248039795632,2.0,0.0006944624019897816,2.853325262443296,0.07450648299511713,0.02231711143845085,0.014439204072786463,0.5668866226754649,54,True,True,1.8384599398402202e-14
drop_beta8,"剔除beta=8,只留{2,5}",beta,solidity,precursor:T_C,0.001042661404291323,4.0,0.00026066535107283073,1.0709910704002408,0.38942201074052246,0.016753384118038613,0.0011061787950845366,0.9342131573685263,54,True,True,1.8384599398402202e-14
drop_beta8,"剔除beta=8,只留{2,5}",beta,solidity,precursor:beta,1.5782883643566947e-05,2.0,7.891441821783474e-06,0.032423426009357444,0.9681328705027139,0.0002535978708742028,0.0,0.9928014397120576,54,True,True,1.8384599398402202e-14
drop_beta8,"剔除beta=8,只留{2,5}",beta,solidity,precursor:t_hold,0.0005777191050952979,4.0,0.00014442977627382447,0.5934160411137714,0.6702636057389622,0.009282735545936416,0.0,0.9788042391521695,54,True,True,1.8384599398402202e-14
drop_beta8,"剔除beta=8,只留{2,5}",beta,solidity,T_C:beta,0.00012565747127268878,2.0,6.282873563634439e-05,0.25814330348900677,0.7743028268012871,0.0020190522780150415,0.0,0.9458108378324335,54,True,True,1.8384599398402202e-14
drop_beta8,"剔除beta=8,只留{2,5}",beta,solidity,T_C:t_hold,0.00022972534501164432,4.0,5.743133625291108e-05,0.23596710508269947,0.9156807435334761,0.0036912049595284437,0.0,0.9948010397920416,54,True,True,1.8384599398402202e-14
drop_beta8,"剔除beta=8,只留{2,5}",beta,solidity,beta:t_hold,0.0002568416696995257,2.0,0.00012842083484976285,0.5276403895315248,0.5957463163724128,0.0041269074814553035,0.0,0.9002199560087982,54,True,True,1.8384599398402202e-14
drop_beta8,"剔除beta=8,只留{2,5}",beta,solidity,Residual,0.0068148372397836,28.0,0.0002433870442779857,,,0.10950015557314018,,,54,True,True,1.8384599398402202e-14
drop_beta8,"剔除beta=8,只留{2,5}",beta,solidity,coupling_total,,10.0,,,,0.02628971753484923,0.0011061787950845366,,54,True,True,1.8384599398402202e-14
drop_beta5,"剔除beta=5,只留{2,8}",beta,compaction_density,precursor,0.6072564814814996,2.0,0.3036282407407498,106.74182147946655,7.939339516501552e-14,0.760563118944512,0.7507631689984937,0.0001999600079984003,54,True,True,3.0206392942488947e-13
drop_beta5,"剔除beta=5,只留{2,8}",beta,compaction_density,T_C,0.026917592592894835,2.0,0.013458796296447417,4.731498058609567,0.016973731841199925,0.03371314889383111,0.026493503406667233,0.4263147370525895,54,True,True,3.0206392942488947e-13
drop_beta5,"剔除beta=5,只留{2,8}",beta,compaction_density,beta,0.004911574074071723,1.0,0.004911574074071723,1.726685112421356,0.199499043566562,0.006151539276434712,0.00257971921720407,0.5670865826834633,54,True,True,3.0206392942488947e-13
drop_beta5,"剔除beta=5,只留{2,8}",beta,compaction_density,t_hold,0.006139814814787314,2.0,0.003069907407393657,1.079239228996155,0.3535741141061339,0.007689858976694392,0.0005625957056329199,0.8268346330733853,54,True,True,3.0206392942488947e-13
drop_beta5,"剔除beta=5,只留{2,8}",beta,compaction_density,precursor:T_C,0.013526851851793253,4.0,0.0033817129629483134,1.1888558208722024,0.3373265569513148,0.016941811158278523,0.002681739213076809,0.935612877424515,54,True,True,3.0206392942488947e-13
drop_beta5,"剔除beta=5,只留{2,8}",beta,compaction_density,precursor:beta,0.001950925925939373,2.0,0.0009754629629696865,0.34292822432826986,0.7126281079597442,0.0024434523999516413,0.0,0.9370125974805039,54,True,True,3.0206392942488947e-13
drop_beta5,"剔除beta=5,只留{2,8}",beta,compaction_density,precursor:t_hold,0.012571296296414403,4.0,0.0031428240741036007,1.1048733986038373,0.37376251726023296,0.015745018146286874,0.0014891947949799266,0.9380123975204959,54,True,True,3.0206392942488947e-13
drop_beta5,"剔除beta=5,只留{2,8}",beta,compaction_density,T_C:beta,0.01283981481481078,2.0,0.00641990740740539,2.2569462205628126,0.12338061560218054,0.01608132626003095,0.008924273429445918,0.6594681063787242,54,True,True,3.0206392942488947e-13
drop_beta5,"剔除beta=5,只留{2,8}",beta,compaction_density,T_C:t_hold,0.027851851851892206,4.0,0.006962962962973052,2.447859750293831,0.06950727290717465,0.03488326919323458,0.02055950539129011,0.7710457908418317,54,True,True,3.0206392942488947e-13
drop_beta5,"剔除beta=5,只留{2,8}",beta,compaction_density,beta:t_hold,0.004817592592530673,2.0,0.0024087962962653364,0.8468227580183945,0.43946385837341945,0.006033831436496137,0.0,0.8620275944811038,54,True,True,3.0206392942488947e-13
drop_beta5,"剔除beta=5,只留{2,8}",beta,compaction_density,Residual,0.07964629629611863,28.0,0.002844510582004237,,,0.09975362531424906,,,54,True,True,3.0206392942488947e-13
drop_beta5,"剔除beta=5,只留{2,8}",beta,compaction_density,coupling_total,,10.0,,,,0.03513028170451704,0.004170934008056735,,54,True,True,3.0206392942488947e-13
drop_beta5,"剔除beta=5,只留{2,8}",beta,D_sec,precursor,402.9822144484806,2.0,201.4911072242403,440.4750422613872,6.9287031924282925e-22,0.8992222363547782,0.8962658978022815,0.0001999600079984003,54,True,True,1.609379296496627e-12
drop_beta5,"剔除beta=5,只留{2,8}",beta,D_sec,T_C,23.013886094255213,2.0,11.506943047127606,25.15506165412119,5.581638806043259e-07,0.051353626485012065,0.04926186003305273,0.26094781043791243,54,True,True,1.609379296496627e-12
drop_beta5,"剔除beta=5,只留{2,8}",beta,D_sec,beta,1.074657888609181,1.0,1.074657888609181,2.349284717438462,0.1365627934736511,0.0023980122081417466,0.0013758663887295482,0.7218556288742252,54,True,True,1.609379296496627e-12
drop_beta5,"剔除beta=5,只留{2,8}",beta,D_sec,t_hold,0.2365608828877157,2.0,0.11828044144385785,0.2585701332500842,0.7739783877700092,0.0005278664876947016,0.0,0.9850029994001199,54,True,True,1.609379296496627e-12
drop_beta5,"剔除beta=5,只留{2,8}",beta,D_sec,precursor:T_C,1.2754789171358425,4.0,0.3188697292839606,0.6970737290451118,0.6003924603502426,0.002846128099871499,0.0,0.9972005598880224,54,True,True,1.609379296496627e-12
drop_beta5,"剔除beta=5,只留{2,8}",beta,D_sec,precursor:beta,0.8038491083561894,2.0,0.4019245541780947,0.8786379579048094,0.4264891947028759,0.0017937243059153883,0.0,0.9512097580483904,54,True,True,1.609379296496627e-12
drop_beta5,"剔除beta=5,只留{2,8}",beta,D_sec,precursor:t_hold,0.5824596089851184,4.0,0.1456149022462796,0.3183253648481687,0.8632833400562215,0.0012997115341547862,0.0,0.9994001199760048,54,True,True,1.609379296496627e-12
drop_beta5,"剔除beta=5,只留{2,8}",beta,D_sec,T_C:beta,3.158355566353748,2.0,1.579177783176874,3.4522039725006533,0.04569709339817667,0.007047615139708028,0.005001027552550787,0.8308338332333534,54,True,True,1.609379296496627e-12
drop_beta5,"剔除beta=5,只留{2,8}",beta,D_sec,T_C:t_hold,1.2519991904882772,4.0,0.3129997976220693,0.6842416074072792,0.6088206292323208,0.0027937349878481353,0.0,0.9984003199360127,54,True,True,1.609379296496627e-12
drop_beta5,"剔除beta=5,只留{2,8}",beta,D_sec,beta:t_hold,0.9575004076687037,2.0,0.47875020383435185,1.0465847310665548,0.3644696822618109,0.0021365847598828437,9.500495317868456e-05,0.9454109178164367,54,True,True,1.609379296496627e-12
drop_beta5,"剔除beta=5,只留{2,8}",beta,D_sec,Residual,12.808332960964435,28.0,0.45744046289158696,,,0.028580759636992664,,,54,True,True,1.609379296496627e-12
drop_beta5,"剔除beta=5,只留{2,8}",beta,D_sec,coupling_total,,10.0,,,,0.005939563939941673,0.0,,54,True,True,1.609379296496627e-12
drop_beta5,"剔除beta=5,只留{2,8}",beta,circularity,precursor,0.6887215918950318,2.0,0.3443607959475159,364.13747102905785,9.092775842977564e-21,0.7950210834481545,0.7919732268604982,0.0001999600079984003,54,True,True,5.551115123125783e-15
drop_beta5,"剔除beta=5,只留{2,8}",beta,circularity,T_C,0.09827723497986263,2.0,0.04913861748993131,51.96065322538901,3.765331595592059e-10,0.11344565750726085,0.11114103114575215,0.04539092181563687,54,True,True,5.551115123125783e-15
drop_beta5,"剔除beta=5,只留{2,8}",beta,circularity,beta,0.0002782728459980177,1.0,0.0002782728459980177,0.2942540834794107,0.5917989801208985,0.0003212223663713212,0.0,0.9000199960007998,54,True,True,5.551115123125783e-15
drop_beta5,"剔除beta=5,只留{2,8}",beta,circularity,t_hold,0.005144519475331677,2.0,0.0025722597376658385,2.7199848726283644,0.08327030915060764,0.005938541052335236,0.0037511468201466003,0.8554289142171566,54,True,True,5.551115123125783e-15
drop_beta5,"剔除beta=5,只留{2,8}",beta,circularity,precursor:T_C,0.020263161586704825,4.0,0.005065790396676206,5.356719247710486,0.0024779452170279955,0.023390642704290837,0.019003299171285015,0.8778244351129774,54,True,True,5.551115123125783e-15
drop_beta5,"剔除beta=5,只留{2,8}",beta,circularity,precursor:beta,0.0002701749453883906,2.0,0.0001350874726941953,0.14284555981241345,0.8675156435202149,0.00031187460990182107,0.0,0.9922015596880623,54,True,True,5.551115123125783e-15
drop_beta5,"剔除beta=5,只留{2,8}",beta,circularity,precursor:t_hold,0.00525198410091221,4.0,0.0013129960252280526,1.3884015187681733,0.2634119925119096,0.00606259211167012,0.0016941441116757375,0.9912017596480703,54,True,True,5.551115123125783e-15
drop_beta5,"剔除beta=5,只留{2,8}",beta,circularity,T_C:beta,0.01074063103989964,2.0,0.00537031551994982,5.678733279384888,0.008508099245644956,0.01239837436018606,0.010203935943028986,0.7326534693061387,54,True,True,5.551115123125783e-15
drop_beta5,"剔除beta=5,只留{2,8}",beta,circularity,T_C:t_hold,0.010661970371536711,4.0,0.0026654925928841777,2.8185721000815107,0.04398511727915447,0.012307572952879256,0.007932315055775551,0.9614077184563088,54,True,True,5.551115123125783e-15
drop_beta5,"剔除beta=5,只留{2,8}",beta,circularity,beta:t_hold,0.00020466077210556932,2.0,0.00010233038605278466,0.10820723039671257,0.8978150396456394,0.00023624876974018868,0.0,0.9916016796640672,54,True,True,5.551115123125783e-15
drop_beta5,"剔除beta=5,只留{2,8}",beta,circularity,Residual,0.026479291623797252,28.0,0.0009456889865641875,,,0.03056619011720982,,,54,True,True,5.551115123125783e-15
drop_beta5,"剔除beta=5,只留{2,8}",beta,circularity,coupling_total,,10.0,,,,0.029765109425862777,0.02069744328296075,,54,True,True,5.551115123125783e-15
drop_beta5,"剔除beta=5,只留{2,8}",beta,convexity,precursor,0.060826074667609475,2.0,0.030413037333804738,153.29086257863207,8.263830734521392e-16,0.656760827205183,0.6510816674704557,0.0001999600079984003,54,True,True,2.7738228380869145e-14
drop_beta5,"剔除beta=5,只留{2,8}",beta,convexity,T_C,0.01606548183428913,2.0,0.008032740917144565,40.48743210172881,5.465674039196574e-09,0.17346473854503364,0.1688186848613155,0.009398120375924815,54,True,True,2.7738228380869145e-14
drop_beta5,"剔除beta=5,只留{2,8}",beta,convexity,beta,4.2242610021503424e-05,1.0,4.2242610021503424e-05,0.2129154696618044,0.6480565357162765,0.00045610852997887333,0.0,0.8810237952409518,54,True,True,2.7738228380869145e-14
drop_beta5,"剔除beta=5,只留{2,8}",beta,convexity,t_hold,0.0007903524987113997,2.0,0.00039517624935569984,1.991807245999442,0.1553198094403065,0.008533717877964494,0.004240224952440462,0.8034393121375725,54,True,True,2.7738228380869145e-14
drop_beta5,"剔除beta=5,只留{2,8}",beta,convexity,precursor:T_C,0.0025031642529143028,4.0,0.0006257910632285757,3.154175323675468,0.029282188117201305,0.027027557414450062,0.01841928055320009,0.847630473905219,54,True,True,2.7738228380869145e-14
drop_beta5,"剔除beta=5,只留{2,8}",beta,convexity,precursor:beta,0.000421241121209448,2.0,0.000210620560604724,1.061591022873812,0.3594186338073475,0.004548290658737467,0.00026331708413029176,0.889622075584883,54,True,True,2.7738228380869145e-14
drop_beta5,"剔除beta=5,只留{2,8}",beta,convexity,precursor:t_hold,0.000477311553254367,4.0,0.00011932788831359176,0.6014484751559274,0.6647166387864977,0.005153703116023366,0.0,0.9906018796240752,54,True,True,2.7738228380869145e-14
drop_beta5,"剔除beta=5,只留{2,8}",beta,convexity,T_C:beta,0.0018174111079503064,2.0,0.0009087055539751532,4.580149515155929,0.01901531994641263,0.01962323607354098,0.0153060379109595,0.5972805438912218,54,True,True,2.7738228380869145e-14
drop_beta5,"剔除beta=5,只留{2,8}",beta,convexity,T_C:t_hold,0.004005376226650981,4.0,0.0010013440566627452,5.047075453170992,0.003433094934716895,0.04324747599213535,0.034604527019062706,0.6964607078584283,54,True,True,2.7738228380869145e-14
drop_beta5,"剔除beta=5,只留{2,8}",beta,convexity,beta:t_hold,0.00011138019045375813,2.0,5.5690095226879066e-05,0.2806948428306317,0.7573589344971616,0.0012026116499612666,0.0,0.9704059188162367,54,True,True,2.7738228380869145e-14
drop_beta5,"剔除beta=5,只留{2,8}",beta,convexity,Residual,0.0055552237819114225,28.0,0.00019840084935397937,,,0.05998173293699143,,,54,True,True,2.7738228380869145e-14
drop_beta5,"剔除beta=5,只留{2,8}",beta,convexity,coupling_total,,10.0,,,,0.036729551189210896,0.01868259763733038,,54,True,True,2.7738228380869145e-14
drop_beta5,"剔除beta=5,只留{2,8}",beta,solidity,precursor,0.03753781872668682,2.0,0.01876890936334341,85.12342546615815,1.2569681529255795e-12,0.6496070193077481,0.6395354043733028,0.0001999600079984003,54,True,True,2.846334279382745e-14
drop_beta5,"剔除beta=5,只留{2,8}",beta,solidity,T_C,0.00408055105766536,2.0,0.00204027552883268,9.25334757320589,0.00082223457570427,0.07061557382977526,0.06274480560455835,0.15836832633473305,54,True,True,2.846334279382745e-14
drop_beta5,"剔除beta=5,只留{2,8}",beta,solidity,beta,4.342678677460299e-05,1.0,4.342678677460299e-05,0.19695533585251204,0.6606004735071023,0.0007515179749831164,0.0,0.8430313937212558,54,True,True,2.846334279382745e-14
drop_beta5,"剔除beta=5,只留{2,8}",beta,solidity,t_hold,0.0009297525553364494,2.0,0.0004648762776682247,2.1083729697348277,0.14030366860580964,0.016089741137155875,0.008426235040570966,0.6642671465706859,54,True,True,2.846334279382745e-14
drop_beta5,"剔除beta=5,只留{2,8}",beta,solidity,precursor:T_C,0.0008762609035173341,4.0,0.00021906522587933352,0.9935357492740722,0.42735920044178544,0.015164046632926208,0.0,0.9514097180563887,54,True,True,2.846334279382745e-14
drop_beta5,"剔除beta=5,只留{2,8}",beta,solidity,precursor:beta,0.0009936159628232133,2.0,0.0004968079814116066,2.253194171168933,0.12377996825473764,0.0171949230360396,0.009527215951747093,0.6484703059388123,54,True,True,2.846334279382745e-14
drop_beta5,"剔除beta=5,只留{2,8}",beta,solidity,precursor:t_hold,0.0006189228596795715,4.0,0.00015473071491989288,0.7017567309762214,0.5973338308689653,0.010710708498681073,0.0,0.9648070385922816,54,True,True,2.846334279382745e-14
drop_beta5,"剔除beta=5,只留{2,8}",beta,solidity,T_C:beta,0.0012138076344179183,2.0,0.0006069038172089591,2.752516454163904,0.08103483555600705,0.021005428289487812,0.013323236815118307,0.5998800239952009,54,True,True,2.846334279382745e-14
drop_beta5,"剔除beta=5,只留{2,8}",beta,solidity,T_C:t_hold,0.005251950690766449,4.0,0.0013129876726916123,5.954848314875095,0.0013446719167324336,0.09088711463552819,0.07533694456930533,0.3089382123575285,54,True,True,2.846334279382745e-14
drop_beta5,"剔除beta=5,只留{2,8}",beta,solidity,beta:t_hold,6.558451763538642e-05,2.0,3.279225881769321e-05,0.14872411312223574,0.8624831175291123,0.0011349664007933196,0.0,0.9722055588882224,54,True,True,2.846334279382745e-14
drop_beta5,"剔除beta=5,只留{2,8}",beta,solidity,Residual,0.006173734894897365,28.0,0.00022049053196062016,,,0.10683896025688137,,,54,True,True,2.846334279382745e-14
drop_beta5,"剔除beta=5,只留{2,8}",beta,solidity,coupling_total,,10.0,,,,0.04306967816764688,0.009527215951747093,,54,True,True,2.846334279382745e-14
drop_beta2,"剔除beta=2,只留{5,8}",beta,compaction_density,precursor,0.5917787037036533,2.0,0.29588935185182663,84.27387119254475,1.417945708662441e-12,0.6177135202422395,0.6081548486746859,0.0001999600079984003,54,True,True,3.5213498783548403e-13
drop_beta2,"剔除beta=2,只留{5,8}",beta,compaction_density,T_C,0.13352592592627843,2.0,0.06676296296313922,19.015126113783793,6.078704776719155e-06,0.1393777255438886,0.13156571369489092,0.01999600079984003,54,True,True,3.5213498783548403e-13
drop_beta2,"剔除beta=2,只留{5,8}",beta,compaction_density,beta,0.022816666666699348,1.0,0.022816666666699348,6.498540132243626,0.016560581141095373,0.023816611511485876,0.020078109700967548,0.26874625074985004,54,True,True,3.5213498783548403e-13
drop_beta2,"剔除beta=2,只留{5,8}",beta,compaction_density,t_hold,0.0186925925926289,2.0,0.00934629629631445,2.661969973821143,0.08742258308091773,0.019511799090744342,0.012137481823008571,0.5952809438112378,54,True,True,3.5213498783548403e-13
drop_beta2,"剔除beta=2,只留{5,8}",beta,compaction_density,precursor:T_C,0.007285185185196497,4.0,0.0018212962962991242,0.5187333998914354,0.7226135800687743,0.007604459839801698,0.0,0.9824035192961408,54,True,True,3.5213498783548403e-13
drop_beta2,"剔除beta=2,只留{5,8}",beta,compaction_density,precursor:beta,0.000758333333351402,2.0,0.000379166666675701,0.10799254054919892,0.8980063348840918,0.0007915674388581996,0.0,0.9774045190961808,54,True,True,3.5213498783548403e-13
drop_beta2,"剔除beta=2,只留{5,8}",beta,compaction_density,precursor:t_hold,0.032851851851660285,4.0,0.008212962962915071,2.339179083377253,0.07959706644356312,0.03429159063474479,0.01956023518869413,0.7774445110977805,54,True,True,3.5213498783548403e-13
drop_beta2,"剔除beta=2,只留{5,8}",beta,compaction_density,T_C:beta,0.008633333333364135,2.0,0.0043166666666820674,1.2294535385352032,0.30775988791425235,0.00901169084220309,0.0016757150833434608,0.7928414317136573,54,True,True,3.5213498783548403e-13
drop_beta2,"剔除beta=2,只留{5,8}",beta,compaction_density,T_C:t_hold,0.04332962962962483,4.0,0.010832407407406208,3.0852374404269485,0.03181508883827441,0.04522855905729135,0.0304572668923112,0.6750649870025994,54,True,True,3.5213498783548403e-13
drop_beta2,"剔除beta=2,只留{5,8}",beta,compaction_density,beta:t_hold,3.3333333362861595e-05,2.0,1.6666666681430797e-05,0.004746924863397397,0.9952651247512333,3.479417316661747e-05,0.0,0.9994001199760048,54,True,True,3.5213498783548403e-13
drop_beta2,"剔除beta=2,只留{5,8}",beta,compaction_density,Residual,0.09830925925928113,28.0,0.003511044973545755,,,0.10261768162557594,,,54,True,True,3.5213498783548403e-13
drop_beta2,"剔除beta=2,只留{5,8}",beta,compaction_density,coupling_total,,10.0,,,,0.04268761791340468,0.01956023518869413,,54,True,True,3.5213498783548403e-13
drop_beta2,"剔除beta=2,只留{5,8}",beta,D_sec,precursor,415.0674959295511,2.0,207.53374796477556,468.4702824517502,3.000575390049882e-22,0.8899134346793757,0.8871711770432847,0.0001999600079984003,54,True,True,1.4779288903810084e-12
drop_beta2,"剔除beta=2,只留{5,8}",beta,D_sec,T_C,25.18263510361885,2.0,12.591317551809425,28.422645221716007,1.8172892985072461e-07,0.053992098921527086,0.05204305247254142,0.2419516096780644,54,True,True,1.4779288903810084e-12
drop_beta2,"剔除beta=2,只留{5,8}",beta,D_sec,beta,0.01749877899965213,1.0,0.01749877899965213,0.039500360885493996,0.8438967832833351,3.751774994426169e-05,0.0,0.9642071585682863,54,True,True,1.4779288903810084e-12
drop_beta2,"剔除beta=2,只留{5,8}",beta,D_sec,t_hold,0.23542390157581394,2.0,0.11771195078790697,0.2657136556070723,0.7685700633025976,0.0005047537928446009,0.0,0.9874025194961008,54,True,True,1.4779288903810084e-12
drop_beta2,"剔除beta=2,只留{5,8}",beta,D_sec,precursor:T_C,2.3500628837973636,4.0,0.5875157209493409,1.3262115604672473,0.2846446250252287,0.005038584213753016,0.0012381770774689848,0.992001599680064,54,True,True,1.4779288903810084e-12
drop_beta2,"剔除beta=2,只留{5,8}",beta,D_sec,precursor:beta,0.17091753412114485,2.0,0.08545876706057243,0.19290786744544203,0.8256445707538496,0.0003664507853019005,0.0,0.9906018796240752,54,True,True,1.4779288903810084e-12
drop_beta2,"剔除beta=2,只留{5,8}",beta,D_sec,precursor:t_hold,0.909916947538477,4.0,0.22747923688461924,0.5134936529616075,0.7263268147836253,0.0019508810590997871,0.0,0.9992001599680064,54,True,True,1.4779288903810084e-12
drop_beta2,"剔除beta=2,只留{5,8}",beta,D_sec,T_C:beta,3.9432047171358136,2.0,1.9716023585679068,4.450539359784568,0.020973242161347508,0.008454313787234847,0.006548478438456076,0.8056388722255549,54,True,True,1.4779288903810084e-12
drop_beta2,"剔除beta=2,只留{5,8}",beta,D_sec,T_C:t_hold,3.1745681150177916,4.0,0.7936420287544479,1.7915047987244996,0.1585887851177545,0.00680634075798268,0.0030042561860273973,0.9870025994801039,54,True,True,1.4779288903810084e-12
drop_beta2,"剔除beta=2,只留{5,8}",beta,D_sec,beta:t_hold,2.9575300151755073,2.0,1.4787650075877536,3.338047269796238,0.05009448800724857,0.006341006510466188,0.0044371764926940775,0.853629274145171,54,True,True,1.4779288903810084e-12
drop_beta2,"剔除beta=2,只留{5,8}",beta,D_sec,Residual,12.404084443952343,28.0,0.44300301585544083,,,0.026594617742470017,,,54,True,True,1.4779288903810084e-12
drop_beta2,"剔除beta=2,只留{5,8}",beta,D_sec,coupling_total,,10.0,,,,0.007355916058154704,0.0012381770774689848,,54,True,True,1.4779288903810084e-12
drop_beta2,"剔除beta=2,只留{5,8}",beta,circularity,precursor,0.6923245952315487,2.0,0.34616229761577433,186.9674409337137,6.339173911195607e-17,0.77599077559767,0.7702419612656658,0.0001999600079984003,54,True,True,7.771561172376096e-15
drop_beta2,"剔除beta=2,只留{5,8}",beta,circularity,T_C,0.0874910325229159,2.0,0.04374551626145795,23.627608448587562,9.743160880508595e-07,0.09806416622045885,0.09371927377547738,0.07118576284743051,54,True,True,7.771561172376096e-15
drop_beta2,"剔除beta=2,只留{5,8}",beta,circularity,beta,0.00010236718000378175,1.0,0.00010236718000378175,0.05529004693096808,0.8158125651475796,0.00011473806933049006,0.0,0.9372125574885023,54,True,True,7.771561172376096e-15
drop_beta2,"剔除beta=2,只留{5,8}",beta,circularity,t_hold,0.004655462542274336,2.0,0.002327731271137168,1.2572425187359992,0.3000045254954579,0.005218066805408128,0.0010654498505615324,0.8718256348730254,54,True,True,7.771561172376096e-15
drop_beta2,"剔除beta=2,只留{5,8}",beta,circularity,precursor:T_C,0.023173412858904285,4.0,0.005793353214726071,3.129076830269681,0.03017897901780668,0.025973878064539855,0.017636466955704727,0.8564287142571486,54,True,True,7.771561172376096e-15
drop_beta2,"剔除beta=2,只留{5,8}",beta,circularity,precursor:beta,0.0007395758349524328,2.0,0.0003697879174762164,0.1997279920283985,0.8201100745753174,0.0008289522425331284,0.0,0.9802039592081584,54,True,True,7.771561172376096e-15
drop_beta2,"剔除beta=2,只留{5,8}",beta,circularity,precursor:t_hold,0.00322818011954773,4.0,0.0008070450298869325,0.43589710663324494,0.7815218823876743,0.0036182998726182903,0.0,0.9938012397520496,54,True,True,7.771561172376096e-15
drop_beta2,"剔除beta=2,只留{5,8}",beta,circularity,T_C:beta,0.011001670258904639,2.0,0.0055008351294523194,2.971083431776676,0.06758627956446635,0.012331202294238812,0.00816385470858352,0.735252949410118,54,True,True,7.771561172376096e-15
drop_beta2,"剔除beta=2,只留{5,8}",beta,circularity,T_C:t_hold,0.015863278810211767,4.0,0.003965819702552942,2.1419986119165295,0.10192129000400675,0.017780327482575284,0.009459884442016772,0.9244151169766047,54,True,True,7.771561172376096e-15
drop_beta2,"剔除beta=2,只留{5,8}",beta,circularity,beta:t_hold,0.0017610862295303065,2.0,0.0008805431147651532,0.47559452295459886,0.6264447382929231,0.001973910328421226,0.0,0.9528094381123775,54,True,True,7.771561172376096e-15
drop_beta2,"剔除beta=2,只留{5,8}",beta,circularity,Residual,0.05184081402000906,28.0,0.0018514576435717522,,,0.058105683022205944,,,54,True,True,7.771561172376096e-15
drop_beta2,"剔除beta=2,只留{5,8}",beta,circularity,coupling_total,,10.0,,,,0.030421130179691273,0.017636466955704727,,54,True,True,7.771561172376096e-15
drop_beta2,"剔除beta=2,只留{5,8}",beta,convexity,precursor,0.06365235715887252,2.0,0.03182617857943626,85.11972344837429,1.257625562708963e-12,0.6429896263159413,0.633044690213907,0.0001999600079984003,54,True,True,1.4127587988355117e-14
drop_beta2,"剔除beta=2,只留{5,8}",beta,convexity,T_C,0.014109158539582722,2.0,0.007054579269791361,18.86760721179587,6.472011258084349e-06,0.14252484875548888,0.13446304158616068,0.016596680663867228,54,True,True,1.4127587988355117e-14
drop_beta2,"剔除beta=2,只留{5,8}",beta,convexity,beta,0.00041255586017996393,1.0,0.00041255586017996393,1.103388540282197,0.3025056731041493,0.004167467635322139,0.0003890262816590152,0.6320735852829434,54,True,True,1.4127587988355117e-14
drop_beta2,"剔除beta=2,只留{5,8}",beta,convexity,t_hold,0.0014851641100719348,2.0,0.0007425820550359674,1.9860499118555068,0.15610477769626066,0.015002509864159692,0.007420538672706291,0.6730653869226155,54,True,True,1.4127587988355117e-14
drop_beta2,"剔除beta=2,只留{5,8}",beta,convexity,precursor:T_C,0.003098622629146064,4.0,0.000774655657286516,2.071831374645508,0.1113310015853199,0.03130099646484228,0.0161321776322869,0.8004399120175965,54,True,True,1.4127587988355117e-14
drop_beta2,"剔除beta=2,只留{5,8}",beta,convexity,precursor:beta,0.000693666294218076,2.0,0.000346833147109038,0.9276118868925659,0.40731256630902335,0.007007128270112673,0.0,0.8318336332733454,54,True,True,1.4127587988355117e-14
drop_beta2,"剔除beta=2,只留{5,8}",beta,convexity,precursor:t_hold,0.0006259915679223127,4.0,0.00015649789198057817,0.41855660592087096,0.7938261837995638,0.006323506344480953,0.0,0.9884023195360928,54,True,True,1.4127587988355117e-14
drop_beta2,"剔除beta=2,只留{5,8}",beta,convexity,T_C:beta,0.001736309442932793,2.0,0.0008681547214663965,2.3218964104401447,0.11668199838651261,0.017539475515316046,0.009947958330551664,0.6310737852429514,54,True,True,1.4127587988355117e-14
drop_beta2,"剔除beta=2,只留{5,8}",beta,convexity,T_C:t_hold,0.0025910205295787136,4.0,0.0006477551323946784,1.7324334932037808,0.17087539392781373,0.02617341126790503,0.011023886308709398,0.8494301139772046,54,True,True,1.4127587988355117e-14
drop_beta2,"剔除beta=2,只留{5,8}",beta,convexity,beta:t_hold,0.00012035867190718363,2.0,6.017933595359182e-05,0.16095078524401588,0.8521159827277183,0.001215813222443965,0.0,0.9704059188162367,54,True,True,1.4127587988355117e-14
drop_beta2,"剔除beta=2,只留{5,8}",beta,convexity,Residual,0.010469171704542646,28.0,0.00037389898944795164,,,0.10575521634398713,,,54,True,True,1.4127587988355117e-14
drop_beta2,"剔除beta=2,只留{5,8}",beta,convexity,coupling_total,,10.0,,,,0.04463163107943591,0.0161321776322869,,54,True,True,1.4127587988355117e-14
drop_beta2,"剔除beta=2,只留{5,8}",beta,solidity,precursor,0.03872474041491003,2.0,0.019362370207455015,62.4901802604875,4.7349229675435225e-11,0.6569055715637033,0.6430137055007049,0.0001999600079984003,54,True,True,1.3244613739082922e-14
drop_beta2,"剔除beta=2,只留{5,8}",beta,solidity,T_C,0.004408909905389891,2.0,0.0022044549526949453,7.1146655029347405,0.003174048941455747,0.07479036528952154,0.06394214013169697,0.1349730053989202,54,True,True,1.3244613739082922e-14
drop_beta2,"剔除beta=2,只留{5,8}",beta,solidity,beta,0.0001731041631742869,1.0,0.0001731041631742869,0.5586769721217852,0.4610252947152248,0.002936445487605619,0.0,0.6936612677464508,54,True,True,1.3244613739082922e-14
drop_beta2,"剔除beta=2,只留{5,8}",beta,solidity,t_hold,0.002048441693961678,2.0,0.001024220846980839,3.305573887319782,0.05142667150626709,0.034748658025057104,0.024109794479555233,0.40891821635672865,54,True,True,1.3244613739082922e-14
drop_beta2,"剔除beta=2,只留{5,8}",beta,solidity,precursor:T_C,0.0008366398347305903,4.0,0.00020915995868264758,0.6750435706637974,0.6149035074324452,0.014192306079734315,0.0,0.9514097180563887,54,True,True,1.3244613739082922e-14
drop_beta2,"剔除beta=2,只留{5,8}",beta,solidity,precursor:beta,0.0008957953566621768,2.0,0.0004478976783310884,1.4455465088869641,0.25266587265621093,0.015195788389215622,0.004659158754107678,0.6794641071785643,54,True,True,1.3244613739082922e-14
drop_beta2,"剔除beta=2,只留{5,8}",beta,solidity,precursor:t_hold,0.0014191710686937142,4.0,0.00035479276717342856,1.1450593981127521,0.35591083724500483,0.02407405116311564,0.0030338236350274496,0.869626074785043,54,True,True,1.3244613739082922e-14
drop_beta2,"剔除beta=2,只留{5,8}",beta,solidity,T_C:beta,0.0010736102600183983,2.0,0.0005368051300091992,1.7324867244875612,0.19526718443573074,0.01821214432782869,0.00765974340858253,0.6146770645870826,54,True,True,1.3244613739082922e-14
drop_beta2,"剔除beta=2,只留{5,8}",beta,solidity,T_C:t_hold,0.0006272709449639535,4.0,0.00015681773624098838,0.5061141017729255,0.7315623842934744,0.01064068536578743,0.0,0.9666066786642672,54,True,True,1.3244613739082922e-14
drop_beta2,"剔除beta=2,只留{5,8}",beta,solidity,beta:t_hold,6.685036949960477e-05,2.0,3.3425184749802384e-05,0.10787655632423696,0.8981096985498505,0.001134013545729914,0.0,0.9694061187762447,54,True,True,1.3244613739082922e-14
drop_beta2,"剔除beta=2,只留{5,8}",beta,solidity,Residual,0.008675704943541973,28.0,0.00030984660512649905,,,0.14716997076270077,,,54,True,True,1.3244613739082922e-14
drop_beta2,"剔除beta=2,只留{5,8}",beta,solidity,coupling_total,,10.0,,,,0.05346214563206558,0.007692982389135128,,54,True,True,1.3244613739082922e-14
drop_thold20,"剔除t_hold=20,只留{10,15}",t_hold,compaction_density,precursor,0.5526287037038173,2.0,0.27631435185190867,73.86033642984468,6.802874086885761e-12,0.6325448941870192,0.621320312362992,0.0001999600079984003,54,True,True,3.73825970179098e-13
drop_thold20,"剔除t_hold=20,只留{10,15}",t_hold,compaction_density,T_C,0.07858148148113742,2.0,0.03929074074056871,10.50262974118535,0.00039519799726589965,0.08994522824349256,0.08103416987029861,0.09118176364727054,54,True,True,3.73825970179098e-13
drop_thold20,"剔除t_hold=20,只留{10,15}",t_hold,compaction_density,beta,0.017306481481455194,2.0,0.008653240740727597,2.313058543774529,0.11757012303852504,0.01980918910665889,0.01119717509614339,0.5890821835632873,54,True,True,3.73825970179098e-13
drop_thold20,"剔除t_hold=20,只留{10,15}",t_hold,compaction_density,t_hold,0.0014518518518116252,1.0,0.0014518518518116252,0.3880879350001049,0.5383476063037826,0.001661805602612365,0.0,0.7740451909618077,54,True,True,3.73825970179098e-13
drop_thold20,"剔除t_hold=20,只留{10,15}",t_hold,compaction_density,precursor:T_C,0.014257407407399114,4.0,0.0035643518518497785,0.9527707307547371,0.44854201133623806,0.01631918537609649,0.0,0.9318136372725455,54,True,True,3.73825970179098e-13
drop_thold20,"剔除t_hold=20,只留{10,15}",t_hold,compaction_density,precursor:beta,0.006632407407551,4.0,0.00165810185188775,0.44321968726769106,0.7763157721779329,0.007591526487308607,0.0,0.9844031193761248,54,True,True,3.73825970179098e-13
drop_thold20,"剔除t_hold=20,只留{10,15}",t_hold,compaction_density,precursor:t_hold,0.015173148148164728,2.0,0.007586574074082364,2.0279327139763628,0.15048989924705625,0.017367352302801724,0.008765749737525518,0.634873025394921,54,True,True,3.73825970179098e-13
drop_thold20,"剔除t_hold=20,只留{10,15}",t_hold,compaction_density,T_C:beta,0.06877962962960282,4.0,0.017194907407400706,4.596292727752758,0.005585739995951047,0.07872592077590805,0.061335146952212975,0.39272145570885825,54,True,True,3.73825970179098e-13
drop_thold20,"剔除t_hold=20,只留{10,15}",t_hold,compaction_density,T_C:t_hold,0.013892592592583242,2.0,0.006946296296291621,1.856782964572382,0.17489659412883202,0.015901614325427287,0.007306261338608774,0.6504699060187963,54,True,True,3.73825970179098e-13
drop_thold20,"剔除t_hold=20,只留{10,15}",t_hold,compaction_density,beta:t_hold,0.00020648148154123191,2.0,0.00010324074077061596,0.027596814264178815,0.972806923692427,0.0002363409754464683,0.0,0.9936012797440512,54,True,True,3.73825970179098e-13
drop_thold20,"剔除t_hold=20,只留{10,15}",t_hold,compaction_density,Residual,0.10474907407444789,28.0,0.0037410383598017105,,,0.11989694261722836,,,54,True,True,3.73825970179098e-13
drop_thold20,"剔除t_hold=20,只留{10,15}",t_hold,compaction_density,coupling_total,,10.0,,,,0.04127806416620682,0.008765749737525518,,54,True,True,3.73825970179098e-13
drop_thold20,"剔除t_hold=20,只留{10,15}",t_hold,D_sec,precursor,410.2100389491029,2.0,205.10501947455145,429.6964670852529,9.695917465523097e-22,0.871357091201728,0.8684487089891856,0.0001999600079984003,54,True,True,1.8189894035458565e-12
drop_thold20,"剔除t_hold=20,只留{10,15}",t_hold,D_sec,T_C,37.30029259170806,2.0,18.65014629585403,39.07218845488041,7.900499519441381e-09,0.07923227460973178,0.07712623137959902,0.12117576484703059,54,True,True,1.8189894035458565e-12
drop_thold20,"剔除t_hold=20,只留{10,15}",t_hold,D_sec,beta,0.5440211955155974,2.0,0.2720105977577987,0.5698641270004419,0.5720256132299295,0.001155595137776172,0.0,0.9734053189362127,54,True,True,1.8189894035458565e-12
drop_thold20,"剔除t_hold=20,只留{10,15}",t_hold,D_sec,t_hold,0.17701433779348008,1.0,0.17701433779348008,0.3708462901988191,0.5474528521958106,0.0003760090778759919,0.0,0.8914217156568687,54,True,True,1.8189894035458565e-12
drop_thold20,"剔除t_hold=20,只留{10,15}",t_hold,D_sec,precursor:T_C,2.1747142505455486,4.0,0.5436785626363871,1.13901043569453,0.3585485359933578,0.004619469305053825,0.000563211701909972,0.9928014397120576,54,True,True,1.8189894035458565e-12
drop_thold20,"剔除t_hold=20,只留{10,15}",t_hold,D_sec,precursor:beta,0.17088280104417208,4.0,0.04272070026104302,0.0895001693308431,0.9849964140994291,0.00036298463303266026,0.0,1.0,54,True,True,1.8189894035458565e-12
drop_thold20,"剔除t_hold=20,只留{10,15}",t_hold,D_sec,precursor:t_hold,0.8302865164259856,2.0,0.4151432582129928,0.8697280634349235,0.4300808764133213,0.0017636722047817271,0.0,0.9588082383523295,54,True,True,1.8189894035458565e-12
drop_thold20,"剔除t_hold=20,只留{10,15}",t_hold,D_sec,T_C:beta,3.408850848937618,4.0,0.8522127122344045,1.7853916622342854,0.15981831232889418,0.007240988952099656,0.003182076025751782,0.9874025194961008,54,True,True,1.8189894035458565e-12
drop_thold20,"剔除t_hold=20,只留{10,15}",t_hold,D_sec,T_C:t_hold,0.22835513975496724,2.0,0.11417756987748362,0.23920281679318756,0.7888474682627684,0.00048506582346840313,0.0,0.9874025194961008,54,True,True,1.8189894035458565e-12
drop_thold20,"剔除t_hold=20,只留{10,15}",t_hold,D_sec,beta:t_hold,2.361880688558813,2.0,1.1809403442794064,2.474078377385907,0.10246527487855162,0.005017043200162867,0.0029861721802691803,0.8750249950009998,54,True,True,1.8189894035458565e-12
drop_thold20,"剔除t_hold=20,只留{10,15}",t_hold,D_sec,Residual,13.365109990881137,28.0,0.47732535681718347,,,0.028389805854288953,,,54,True,True,1.8189894035458565e-12
drop_thold20,"剔除t_hold=20,只留{10,15}",t_hold,D_sec,coupling_total,,10.0,,,,0.006746126142868213,0.000563211701909972,,54,True,True,1.8189894035458565e-12
drop_thold20,"剔除t_hold=20,只留{10,15}",t_hold,circularity,precursor,0.7638921354630615,2.0,0.3819460677315307,355.16061408356785,1.2728506921073322e-20,0.7725493970158546,0.7695372326116062,0.0001999600079984003,54,True,True,3.0531133177191805e-15
drop_thold20,"剔除t_hold=20,只留{10,15}",t_hold,circularity,T_C,0.13381565893951297,2.0,0.06690782946975649,62.21565767808963,4.979361732277281e-11,0.13533220441173002,0.13301232810427915,0.025994801039792043,54,True,True,3.0531133177191805e-15
drop_thold20,"剔除t_hold=20,只留{10,15}",t_hold,circularity,beta,0.0011660137972882012,2.0,0.0005830068986441006,0.5421212721659385,0.5874945343282668,0.001179228341526401,0.0,0.9726054789042191,54,True,True,3.0531133177191805e-15
drop_thold20,"剔除t_hold=20,只留{10,15}",t_hold,circularity,t_hold,0.002882988796145014,1.0,0.002882988796145014,2.680807992909155,0.1127558026935548,0.0029156619798358895,0.001826070263010073,0.6894621075784843,54,True,True,3.0531133177191805e-15
drop_thold20,"剔除t_hold=20,只留{10,15}",t_hold,circularity,precursor:T_C,0.03612332054523648,4.0,0.00903083013630912,8.397508045953783,0.00013910589381372886,0.03653270954087777,0.03214732323997,0.7608478304339132,54,True,True,3.0531133177191805e-15
drop_thold20,"剔除t_hold=20,只留{10,15}",t_hold,circularity,precursor:beta,0.0010244531008982705,4.0,0.0002561132752245676,0.23815233560055352,0.9143777231378032,0.0010360633244250123,0.0,0.9996000799840032,54,True,True,3.0531133177191805e-15
drop_thold20,"剔除t_hold=20,只留{10,15}",t_hold,circularity,precursor:t_hold,0.0015351123487015172,2.0,0.0007675561743507586,0.7137283120758913,0.4985104235692732,0.0015525099216030572,0.0,0.966006798640272,54,True,True,3.0531133177191805e-15
drop_thold20,"剔除t_hold=20,只留{10,15}",t_hold,circularity,T_C:beta,0.016007738064395483,4.0,0.004001934516098871,3.7212832919095558,0.01498869174120232,0.016189155268289155,0.011825870694442325,0.9372125574885023,54,True,True,3.0531133177191805e-15
drop_thold20,"剔除t_hold=20,只留{10,15}",t_hold,circularity,T_C:t_hold,0.0008795584787435473,2.0,0.00043977923937177366,0.4089380096099609,0.6682590953355186,0.000889526597863983,0.0,0.9768046390721855,54,True,True,3.0531133177191805e-15
drop_thold20,"剔除t_hold=20,只留{10,15}",t_hold,circularity,beta:t_hold,0.0013552258669555783,2.0,0.0006776129334777892,0.6300926908196367,0.539924969254296,0.0013705847694087804,0.0,0.9654069186162767,54,True,True,3.0531133177191805e-15
drop_thold20,"剔除t_hold=20,只留{10,15}",t_hold,circularity,Residual,0.03011170009399322,28.0,0.001075417860499758,,,0.0304529588285853,,,54,True,True,3.0531133177191805e-15
drop_thold20,"剔除t_hold=20,只留{10,15}",t_hold,circularity,coupling_total,,10.0,,,,0.03912128278690584,0.03214732323997,,54,True,True,3.0531133177191805e-15
drop_thold20,"剔除t_hold=20,只留{10,15}",t_hold,convexity,precursor,0.07088741554692035,2.0,0.035443707773460176,193.04913410973538,4.1760398962823383e-17,0.6553034592949687,0.6508043940767705,0.0001999600079984003,54,True,True,7.469719287556131e-15
drop_thold20,"剔除t_hold=20,只留{10,15}",t_hold,convexity,T_C,0.02086292670097123,2.0,0.010431463350485615,56.81643072389241,1.392887455309089e-10,0.19286283655121583,0.1891473166238525,0.006798640271945611,54,True,True,7.469719287556131e-15
drop_thold20,"剔除t_hold=20,只留{10,15}",t_hold,convexity,beta,0.0006675827004727353,2.0,0.00033379135023636763,1.8180414856230331,0.18098999014859096,0.006171324622431744,0.0027721291004434235,0.857628474305139,54,True,True,7.469719287556131e-15
drop_thold20,"剔除t_hold=20,只留{10,15}",t_hold,convexity,t_hold,0.0009648957306396255,1.0,0.0009648957306396255,5.255440161529562,0.029599661931374137,0.00891977095326002,0.007210288056471407,0.4933013397320536,54,True,True,7.469719287556131e-15
drop_thold20,"剔除t_hold=20,只留{10,15}",t_hold,convexity,precursor:T_C,0.005629361522707654,4.0,0.0014073403806769136,7.665277109941038,0.00026503551976927444,0.052039421256804184,0.045173769212730364,0.609878024395121,54,True,True,7.469719287556131e-15
drop_thold20,"剔除t_hold=20,只留{10,15}",t_hold,convexity,precursor:beta,0.00030008538541181906,4.0,7.502134635295477e-05,0.4086143031578943,0.8008598460955654,0.0027740747723277964,0.0,0.9964007198560288,54,True,True,7.469719287556131e-15
drop_thold20,"剔除t_hold=20,只留{10,15}",t_hold,convexity,precursor:t_hold,0.00015567889089140863,2.0,7.783944544570431e-05,0.4239634757999872,0.6585790381780015,0.0014391400074787479,0.0,0.9628074385122976,54,True,True,7.469719287556131e-15
drop_thold20,"剔除t_hold=20,只留{10,15}",t_hold,convexity,T_C:beta,0.003329521193144558,4.0,0.0008323802982861395,4.533676241244304,0.005983389334385769,0.03077904221546033,0.02394941310938096,0.8036392721455708,54,True,True,7.469719287556131e-15
drop_thold20,"剔除t_hold=20,只留{10,15}",t_hold,convexity,T_C:t_hold,0.00020688205485441813,2.0,0.00010344102742720906,0.5634060889983072,0.5755871166359092,0.001912476638711953,0.0,0.948010397920416,54,True,True,7.469719287556131e-15
drop_thold20,"剔除t_hold=20,只留{10,15}",t_hold,convexity,beta:t_hold,2.981151565251139e-05,2.0,1.4905757826255694e-05,0.08118630420948068,0.9222381332495675,0.0002755861415343351,0.0,0.9926014797040592,54,True,True,7.469719287556131e-15
drop_thold20,"剔除t_hold=20,只留{10,15}",t_hold,convexity,Residual,0.0051407835742622865,28.0,0.00018359941336651024,,,0.047522867545806355,,,54,True,True,7.469719287556131e-15
drop_thold20,"剔除t_hold=20,只留{10,15}",t_hold,convexity,coupling_total,,10.0,,,,0.05625263603661072,0.045173769212730364,,54,True,True,7.469719287556131e-15
drop_thold20,"剔除t_hold=20,只留{10,15}",t_hold,solidity,precursor,0.03780835307595609,2.0,0.018904176537978046,155.31658998822363,6.982313008804678e-16,0.7059956716653658,0.6998595301799133,0.0001999600079984003,54,True,True,2.0051668658815913e-14
drop_thold20,"剔除t_hold=20,只留{10,15}",t_hold,solidity,T_C,0.004747583771969488,2.0,0.002373791885984744,19.503058508376522,4.95005607452976e-06,0.08865166877662074,0.08391542241538684,0.09118176364727054,54,True,True,2.0051668658815913e-14
drop_thold20,"剔除t_hold=20,只留{10,15}",t_hold,solidity,beta,0.00015237467948381322,2.0,7.618733974190661e-05,0.6259546817717592,0.5420675021331856,0.0028452935776084234,0.0,0.9272145570885822,54,True,True,2.0051668658815913e-14
drop_thold20,"剔除t_hold=20,只留{10,15}",t_hold,solidity,t_hold,0.0010647137734487444,1.0,0.0010647137734487444,8.747681353553444,0.006236204704573206,0.019881408589980058,0.017568715821466054,0.3027394521095781,54,True,True,2.0051668658815913e-14
drop_thold20,"剔除t_hold=20,只留{10,15}",t_hold,solidity,precursor:T_C,0.0016688353895588648,4.0,0.0004172088473897162,3.427785143632537,0.021136303634011866,0.031162176236123957,0.022021074599044795,0.8018396320735853,54,True,True,2.0051668658815913e-14
drop_thold20,"剔除t_hold=20,只留{10,15}",t_hold,solidity,precursor:beta,0.0003649283815754245,4.0,9.123209539385613e-05,0.7495622951672688,0.5666586916597944,0.0068143105134071385,0.0,0.9872025594881024,54,True,True,2.0051668658815913e-14
drop_thold20,"剔除t_hold=20,只留{10,15}",t_hold,solidity,precursor:t_hold,0.0003855679958846281,2.0,0.00019278399794231404,1.5839120579805765,0.2230086233780729,0.007199714192267906,0.0026481690568451416,0.8368326334733054,54,True,True,2.0051668658815913e-14
drop_thold20,"剔除t_hold=20,只留{10,15}",t_hold,solidity,T_C:beta,0.0036380893776275514,4.0,0.0009095223444068878,7.472629594183943,0.0003155252509143582,0.06793407130368226,0.05870958536810425,0.46890621875624877,54,True,True,2.0051668658815913e-14
drop_thold20,"剔除t_hold=20,只留{10,15}",t_hold,solidity,T_C:t_hold,9.714662040138933e-05,2.0,4.8573310200694664e-05,0.39907799684666984,0.6746941129093603,0.0018140195999152182,0.0,0.9504099180163967,54,True,True,2.0051668658815913e-14
drop_thold20,"剔除t_hold=20,只留{10,15}",t_hold,solidity,beta:t_hold,0.00021765614580360193,2.0,0.00010882807290180097,0.8941307305367251,0.4203201776276527,0.0040642949070011265,0.0,0.8972205558888222,54,True,True,2.0051668658815913e-14
drop_thold20,"剔除t_hold=20,只留{10,15}",t_hold,solidity,Residual,0.0034079871512986415,28.0,0.00012171382683209433,,,0.0636373706380274,,,54,True,True,2.0051668658815913e-14
drop_thold20,"剔除t_hold=20,只留{10,15}",t_hold,solidity,coupling_total,,10.0,,,,0.045176200941799,0.024669243655889937,,54,True,True,2.0051668658815913e-14
drop_thold15,"剔除t_hold=15,只留{10,20}",t_hold,compaction_density,precursor,0.7087620370371042,2.0,0.3543810185185521,158.94165282341865,5.19036650783239e-16,0.783881069611672,0.777033073453032,0.0001999600079984003,54,True,True,2.0278917434168875e-13
drop_thold15,"剔除t_hold=15,只留{10,20}",t_hold,compaction_density,T_C,0.04330370370360015,2.0,0.021651851851800075,9.710963455094713,0.0006258981720845327,0.04789330100018882,0.042855741884737716,0.27754449110177964,54,True,True,2.0278917434168875e-13
drop_thold15,"剔除t_hold=15,只留{10,20}",t_hold,compaction_density,beta,0.016156481481516494,2.0,0.008078240740758247,3.6231312292319546,0.039868458766584756,0.017868846415414474,0.012905143669729368,0.6284743051389722,54,True,True,2.0278917434168875e-13
drop_thold15,"剔除t_hold=15,只留{10,20}",t_hold,compaction_density,t_hold,0.005807407407360188,1.0,0.005807407407360188,2.6046511627610527,0.11776553351808788,0.006422912758113671,0.003947239384072483,0.5590881823635273,54,True,True,2.0278917434168875e-13
drop_thold15,"剔除t_hold=15,只留{10,20}",t_hold,compaction_density,precursor:T_C,0.01417962962977981,4.0,0.0035449074074449527,1.5899086378854252,0.20454094830624858,0.015682475443175112,0.005804403255993253,0.9306138772245551,54,True,True,2.0278917434168875e-13
drop_thold15,"剔除t_hold=15,只留{10,20}",t_hold,compaction_density,precursor:beta,0.0023018518517119446,4.0,0.0005754629629279862,0.25809800662799204,0.902232387007167,0.0025458165044371676,0.0,0.9982003599280144,54,True,True,2.0278917434168875e-13
drop_thold15,"剔除t_hold=15,只留{10,20}",t_hold,compaction_density,precursor:t_hold,0.00023981481479040667,2.0,0.00011990740739520334,0.05377906976179346,0.9477390852966177,0.000265231888424052,0.0,0.9944011197760448,54,True,True,2.0278917434168875e-13
drop_thold15,"剔除t_hold=15,只留{10,20}",t_hold,compaction_density,T_C:beta,0.02055185185179198,4.0,0.005137962962947995,2.304401993341278,0.08313504207743966,0.022730065621784902,0.0128346572520349,0.8842231553689263,54,True,True,2.0278917434168875e-13
drop_thold15,"剔除t_hold=15,只留{10,20}",t_hold,compaction_density,T_C:t_hold,0.02494814814815527,2.0,0.012474074074077635,5.594684385365471,0.009033513185261802,0.027592308889679732,0.02260468765322313,0.4897020595880824,54,True,True,2.0278917434168875e-13
drop_thold15,"剔除t_hold=15,只留{10,20}",t_hold,compaction_density,beta:t_hold,0.005489814814723104,2.0,0.002744907407361552,1.2311046511382224,0.3072931432537711,0.006071659716602267,0.0011369765616166662,0.8538292341531694,54,True,True,2.0278917434168875e-13
drop_thold15,"剔除t_hold=15,只留{10,20}",t_hold,compaction_density,Residual,0.06242962962983256,28.0,0.0022296296296368773,,,0.06904631215050781,,,54,True,True,2.0278917434168875e-13
drop_thold15,"剔除t_hold=15,只留{10,20}",t_hold,compaction_density,coupling_total,,10.0,,,,0.018493523836036332,0.005804403255993253,,54,True,True,2.0278917434168875e-13
drop_thold15,"剔除t_hold=15,只留{10,20}",t_hold,D_sec,precursor,414.61419826292376,2.0,207.30709913146188,556.2349512710962,2.890938407538427e-23,0.9076352223374666,0.905264892371226,0.0001999600079984003,54,True,True,1.3642420526593924e-12
drop_thold15,"剔除t_hold=15,只留{10,20}",t_hold,D_sec,T_C,18.98550493809398,2.0,9.49275246904699,25.47042879462869,4.988691832575287e-07,0.04156131909585147,0.03989702024041235,0.33633273345330933,54,True,True,1.3642420526593924e-12
drop_thold15,"剔除t_hold=15,只留{10,20}",t_hold,D_sec,beta,1.548270790944116,2.0,0.774135395472058,2.0771173094490565,0.14417101964039566,0.003389331840213615,0.0017561511266128828,0.9174165166966607,54,True,True,1.3642420526593924e-12
drop_thold15,"剔除t_hold=15,只留{10,20}",t_hold,D_sec,t_hold,0.21689651199085347,1.0,0.21689651199085347,0.581964733883025,0.4519228573402164,0.0004748098707420542,0.0,0.8780243951209759,54,True,True,1.3642420526593924e-12
drop_thold15,"剔除t_hold=15,只留{10,20}",t_hold,D_sec,precursor:T_C,2.2654838903663403,4.0,0.5663709725915851,1.5196552923692541,0.2234514161348286,0.004959388711600902,0.00169451037345487,0.9922015596880623,54,True,True,1.3642420526593924e-12
drop_thold15,"剔除t_hold=15,只留{10,20}",t_hold,D_sec,precursor:beta,1.2508141939097186,4.0,0.31270354847742965,0.8390288792731677,0.5121200459407094,0.00273816724981564,0.0,0.9976004799040192,54,True,True,1.3642420526593924e-12
drop_thold15,"剔除t_hold=15,只留{10,20}",t_hold,D_sec,precursor:t_hold,0.6642928162564203,2.0,0.33214640812821017,0.8911968857511541,0.42148101679782324,0.0014542086607408748,0.0,0.9604079184163168,54,True,True,1.3642420526593924e-12
drop_thold15,"剔除t_hold=15,只留{10,20}",t_hold,D_sec,T_C:beta,2.351054092141567,4.0,0.5877635230353917,1.5770546014306839,0.2078800735073546,0.0051467111174401435,0.001881680072411042,0.9912017596480703,54,True,True,1.3642420526593924e-12
drop_thold15,"剔除t_hold=15,只留{10,20}",t_hold,D_sec,T_C:t_hold,2.263667009724486,2.0,1.131833504862243,3.036873107875629,0.06402271053643577,0.0049554113638105,0.003320953968322102,0.8800239952009599,54,True,True,1.3642420526593924e-12
drop_thold15,"剔除t_hold=15,只留{10,20}",t_hold,D_sec,beta:t_hold,2.2113843288980206,2.0,1.1056921644490103,2.9667321080167923,0.06782935097499417,0.004840958933490602,0.003206594840636321,0.8810237952409518,54,True,True,1.3642420526593924e-12
drop_thold15,"剔除t_hold=15,只留{10,20}",t_hold,D_sec,Residual,10.435516075385749,28.0,0.3726970026923482,,,0.022844470818827574,,,54,True,True,1.3642420526593924e-12
drop_thold15,"剔除t_hold=15,只留{10,20}",t_hold,D_sec,coupling_total,,10.0,,,,0.009151764622157417,0.00169451037345487,,54,True,True,1.3642420526593924e-12
drop_thold15,"剔除t_hold=15,只留{10,20}",t_hold,circularity,precursor,0.6837115220707712,2.0,0.3418557610353856,207.147464353017,1.6605234040278015e-17,0.7900255170463848,0.7847152996336558,0.0001999600079984003,54,True,True,3.885780586188048e-15
drop_thold15,"剔除t_hold=15,只留{10,20}",t_hold,circularity,T_C,0.09264952183567843,2.0,0.046324760917839214,28.070484264551684,2.0422426599551348e-07,0.10705609607198587,0.10304576501852546,0.05678864227154569,54,True,True,3.885780586188048e-15
drop_thold15,"剔除t_hold=15,只留{10,20}",t_hold,circularity,beta,0.0007937994465123666,2.0,0.0003968997232561833,0.24050134777872662,0.7878410217072833,0.0009172316070711952,0.0,0.9778044391121775,54,True,True,3.885780586188048e-15
drop_thold15,"剔除t_hold=15,只留{10,20}",t_hold,circularity,t_hold,0.000546135524917446,1.0,0.000546135524917446,0.3309307669325563,0.5697059835679616,0.000631057085513974,0.0,0.8552289542091581,54,True,True,3.885780586188048e-15
drop_thold15,"剔除t_hold=15,只留{10,20}",t_hold,circularity,precursor:T_C,0.011799124395801996,4.0,0.002949781098950499,1.7874195631320744,0.1594093919078552,0.013633833935188825,0.005994739545886102,0.9520095980803839,54,True,True,3.885780586188048e-15
drop_thold15,"剔除t_hold=15,只留{10,20}",t_hold,circularity,precursor:beta,0.0017845741873898646,4.0,0.00044614354684746615,0.2703406377795338,0.894569775889197,0.002062067260224371,0.0,0.999000199960008,54,True,True,3.885780586188048e-15
drop_thold15,"剔除t_hold=15,只留{10,20}",t_hold,circularity,precursor:t_hold,0.004301627454916357,2.0,0.0021508137274581784,1.3032853639477062,0.28761201546288667,0.004970510726392951,0.0011544777714906857,0.8832233553289343,54,True,True,3.885780586188048e-15
drop_thold15,"剔除t_hold=15,只留{10,20}",t_hold,circularity,T_C:beta,0.018643243510451768,4.0,0.004660810877612942,2.8242178871063226,0.04368241871931586,0.02154218207286808,0.013888035832702325,0.9018196360727855,54,True,True,3.885780586188048e-15
drop_thold15,"剔除t_hold=15,只留{10,20}",t_hold,circularity,T_C:t_hold,0.0035193617300510738,2.0,0.0017596808650255369,1.0662784449106668,0.3578562827229825,0.004066606281602287,0.0002522937156688122,0.8988202359528095,54,True,True,3.885780586188048e-15
drop_thold15,"剔除t_hold=15,只留{10,20}",t_hold,circularity,beta:t_hold,0.001472318655004301,2.0,0.0007361593275021505,0.4460756711837541,0.6446056432806644,0.001701257429674281,0.0,0.9558088382323535,54,True,True,3.885780586188048e-15
drop_thold15,"剔除t_hold=15,只留{10,20}",t_hold,circularity,Residual,0.04620844063376239,28.0,0.0016503014512057998,,,0.05339364048309336,,,54,True,True,3.885780586188048e-15
drop_thold15,"剔除t_hold=15,只留{10,20}",t_hold,circularity,coupling_total,,10.0,,,,0.020666411921806148,0.007149217317376787,,54,True,True,3.885780586188048e-15
drop_thold15,"剔除t_hold=15,只留{10,20}",t_hold,convexity,precursor,0.06577046609147175,2.0,0.03288523304573587,91.30624926170562,5.388085458009292e-13,0.6665040002746753,0.6568071143332439,0.0001999600079984003,54,True,True,2.0747292772682613e-14
drop_thold15,"剔除t_hold=15,只留{10,20}",t_hold,convexity,T_C,0.015774869456905094,2.0,0.007887434728452547,21.899558392970068,1.88167671896929e-06,0.15985919245600966,0.15200474774614214,0.013197360527894421,54,True,True,2.0747292772682613e-14
drop_thold15,"剔除t_hold=15,只留{10,20}",t_hold,convexity,beta,0.0002655667191575617,2.0,0.00013278335957878085,0.3686746118127001,0.6949580012289394,0.0026911969942887072,0.0,0.9354129174165167,54,True,True,2.0747292772682613e-14
drop_thold15,"剔除t_hold=15,只留{10,20}",t_hold,convexity,t_hold,1.2185000194619988e-05,1.0,1.2185000194619988e-05,0.033831801145413114,0.8553906545474338,0.00012348021620778798,0.0,0.9288142371525695,54,True,True,2.0747292772682613e-14
drop_thold15,"剔除t_hold=15,只留{10,20}",t_hold,convexity,precursor:T_C,0.0010923950308736607,4.0,0.0002730987577184152,0.7582620202392969,0.5611874890039137,0.011070100323523189,0.0,0.9666066786642672,54,True,True,2.0747292772682613e-14
drop_thold15,"剔除t_hold=15,只留{10,20}",t_hold,convexity,precursor:beta,0.0007382266506539281,4.0,0.00018455666266348203,0.5124238171164626,0.7270854190875351,0.007481032825370512,0.0,0.9852029594081184,54,True,True,2.0747292772682613e-14
drop_thold15,"剔除t_hold=15,只留{10,20}",t_hold,convexity,precursor:t_hold,0.0003535107830572315,2.0,0.00017675539152861575,0.49076349298837757,0.6173262485159652,0.0035824035475161293,0.0,0.9166166766646671,54,True,True,2.0747292772682613e-14
drop_thold15,"剔除t_hold=15,只留{10,20}",t_hold,convexity,T_C:beta,0.0033272686843233146,4.0,0.0008318171710808286,2.3095504859960596,0.08260124255402712,0.033717837501803856,0.019049004533189133,0.7850429914017196,54,True,True,2.0747292772682613e-14
drop_thold15,"剔除t_hold=15,只留{10,20}",t_hold,convexity,T_C:t_hold,0.0009728723607622669,2.0,0.00048643618038113345,1.3505959673152106,0.27544768361611716,0.009858882850288892,0.0025499223749382693,0.7738452309538092,54,True,True,2.0747292772682613e-14
drop_thold15,"剔除t_hold=15,只留{10,20}",t_hold,convexity,beta:t_hold,0.00028782139821714736,2.0,0.00014391069910857368,0.39956980526667,0.6743715718675313,0.0029167212075034018,0.0,0.9252149570085982,54,True,True,2.0747292772682613e-14
drop_thold15,"剔除t_hold=15,只留{10,20}",t_hold,convexity,Residual,0.010084594786512469,28.0,0.00036016409951830246,,,0.10219515180281262,,,54,True,True,2.0747292772682613e-14
drop_thold15,"剔除t_hold=15,只留{10,20}",t_hold,convexity,coupling_total,,10.0,,,,0.022133536696409828,0.0,,54,True,True,2.0747292772682613e-14
drop_thold15,"剔除t_hold=15,只留{10,20}",t_hold,solidity,precursor,0.04373509415928112,2.0,0.02186754707964056,60.5659653021511,6.764309607110141e-11,0.6730754221344566,0.6583044252202583,0.0001999600079984003,54,True,True,1.827704654289164e-14
drop_thold15,"剔除t_hold=15,只留{10,20}",t_hold,solidity,T_C,0.005957023661654404,2.0,0.002978511830827202,8.249505239016138,0.001525132187721091,0.09167754849527662,0.0801192653437856,0.07898420315936813,54,True,True,1.827704654289164e-14
drop_thold15,"剔除t_hold=15,只留{10,20}",t_hold,solidity,beta,0.0001029008782857943,2.0,5.145043914289715e-05,0.14250091702376555,0.8678116608443571,0.0015836264542606344,0.0,0.9608078384323135,54,True,True,1.827704654289164e-14
drop_thold15,"剔除t_hold=15,只留{10,20}",t_hold,solidity,t_hold,0.00013924959760203137,1.0,0.00013924959760203137,0.38567591810767293,0.5396042437946094,0.0021430268641173325,0.0,0.7388522295540891,54,True,True,1.827704654289164e-14
drop_thold15,"剔除t_hold=15,只留{10,20}",t_hold,solidity,precursor:T_C,0.00044359992363496303,4.0,0.00011089998090874076,0.30715673647647257,0.8707216344439854,0.0068269249580672035,0.0,0.9866026794641072,54,True,True,1.827704654289164e-14
drop_thold15,"剔除t_hold=15,只留{10,20}",t_hold,solidity,precursor:beta,0.0011470182020865138,4.0,0.00028675455052162846,0.7942164749377257,0.5389540042563299,0.017652408789920294,0.0,0.9216156768646271,54,True,True,1.827704654289164e-14
drop_thold15,"剔除t_hold=15,只留{10,20}",t_hold,solidity,precursor:t_hold,0.0003037430464765123,2.0,0.00015187152323825615,0.42063453085677543,0.6607106589884365,0.004674552168174521,0.0,0.8884223155368927,54,True,True,1.827704654289164e-14
drop_thold15,"剔除t_hold=15,只留{10,20}",t_hold,solidity,T_C:beta,0.001493185002491515,4.0,0.00037329625062287874,1.0339087269508238,0.40720981630361086,0.0229798550842616,0.0007494972973939735,0.8690261947610478,54,True,True,1.827704654289164e-14
drop_thold15,"剔除t_hold=15,只留{10,20}",t_hold,solidity,T_C:t_hold,0.0015403683652799316,2.0,0.0007701841826399658,2.1331587082973607,0.13731589545467646,0.023705998755311576,0.012523315762031063,0.5452909418116376,54,True,True,1.827704654289164e-14
drop_thold15,"剔除t_hold=15,只留{10,20}",t_hold,solidity,beta:t_hold,6.321327042257963e-06,2.0,3.1606635211289813e-06,0.00875400594567368,0.9912869106998604,9.72841135752952e-05,0.0,0.9976004799040192,54,True,True,1.827704654289164e-14
drop_thold15,"剔除t_hold=15,只留{10,20}",t_hold,solidity,Residual,0.010109494914765094,28.0,0.00036105338981303907,,,0.15558335218257832,,,54,True,True,1.827704654289164e-14
drop_thold15,"剔除t_hold=15,只留{10,20}",t_hold,solidity,coupling_total,,10.0,,,,0.02915388591616202,0.0,,54,True,True,1.827704654289164e-14
drop_thold10,"剔除t_hold=10,只留{15,20}",t_hold,compaction_density,precursor,0.556950925925662,2.0,0.278475462962831,67.50703841479597,1.9456329600663965e-11,0.622149934837304,0.6101223928597023,0.0001999600079984003,54,True,True,9.56332235624302e-13
drop_thold10,"剔除t_hold=10,只留{15,20}",t_hold,compaction_density,T_C,0.10404814814910424,2.0,0.05202407407455212,12.61149233644954,0.00012440083092519824,0.11622846031419928,0.10652153001915357,0.04319136172765447,54,True,True,9.56332235624302e-13
drop_thold10,"剔除t_hold=10,只留{15,20}",t_hold,compaction_density,beta,0.015381481481540504,2.0,0.007690740740770252,1.8643622138253175,0.17373041628308064,0.017182102149371246,0.007929487686814332,0.6334733053389322,54,True,True,9.56332235624302e-13
drop_thold10,"剔除t_hold=10,只留{15,20}",t_hold,compaction_density,t_hold,0.013066666666645688,1.0,0.013066666666645688,3.1675751939994803,0.08597091919660528,0.014596305413593021,0.009942452675595912,0.3847230553889222,54,True,True,9.56332235624302e-13
drop_thold10,"剔除t_hold=10,只留{15,20}",t_hold,compaction_density,precursor:T_C,0.014287962963067002,4.0,0.0035719907407667506,0.8659093824234759,0.49650284224596963,0.015960571771482118,0.0,0.9396120775844831,54,True,True,9.56332235624302e-13
drop_thold10,"剔除t_hold=10,只留{15,20}",t_hold,compaction_density,precursor:beta,0.0031712962961591984,4.0,0.0007928240740397996,0.19219361251056952,0.9404519148930387,0.0035425415277405862,0.0,0.9978004399120176,54,True,True,9.56332235624302e-13
drop_thold10,"剔除t_hold=10,只留{15,20}",t_hold,compaction_density,precursor:t_hold,0.0184750000000804,2.0,0.0092375000000402,2.2393221317406513,0.12526851942613904,0.020637760906969713,0.011369295680039991,0.5814837032593482,54,True,True,9.56332235624302e-13
drop_thold10,"剔除t_hold=10,只留{15,20}",t_hold,compaction_density,T_C:beta,0.023674074074051532,4.0,0.005918518518512883,1.434746360548321,0.24857638688637823,0.026445460375211893,0.007976553943974089,0.8474305138972206,54,True,True,9.56332235624302e-13
drop_thold10,"剔除t_hold=10,只留{15,20}",t_hold,compaction_density,T_C:t_hold,0.026944444444438886,2.0,0.013472222222219443,3.2658885397361765,0.053106470360222396,0.030098674003412082,0.02078681250539119,0.45970805838832235,54,True,True,9.56332235624302e-13
drop_thold10,"剔除t_hold=10,只留{15,20}",t_hold,compaction_density,beta:t_hold,0.0036999999999807187,2.0,0.0018499999999903594,0.44847046751616654,0.6431114698260902,0.00413313750230353,0.0,0.9024195160967806,54,True,True,9.56332235624302e-13
drop_thold10,"剔除t_hold=10,只留{15,20}",t_hold,compaction_density,Residual,0.11550370370343899,28.0,0.004125132275122821,,,0.12902505119841257,,,54,True,True,9.56332235624302e-13
drop_thold10,"剔除t_hold=10,只留{15,20}",t_hold,compaction_density,coupling_total,,10.0,,,,0.04014087420619242,0.011369295680039991,,54,True,True,9.56332235624302e-13
drop_thold10,"剔除t_hold=10,只留{15,20}",t_hold,D_sec,precursor,382.6434500733708,2.0,191.3217250366854,417.48961812425233,1.4328726333148096e-21,0.8860488091627424,0.8829894882933899,0.0001999600079984003,54,True,True,1.7550405573274475e-12
drop_thold10,"剔除t_hold=10,只留{15,20}",t_hold,D_sec,T_C,21.474390128888444,2.0,10.737195064444222,23.42999712301824,1.0488548414677731e-06,0.04972607736405606,0.04755329021470945,0.2725454909018196,54,True,True,1.7550405573274475e-12
drop_thold10,"剔除t_hold=10,只留{15,20}",t_hold,D_sec,beta,2.0729615222717257,2.0,1.0364807611358628,2.2617397845266813,0.12287241573615224,0.004800147729947703,0.002674983764820408,0.8822235552889423,54,True,True,1.7550405573274475e-12
drop_thold10,"剔除t_hold=10,只留{15,20}",t_hold,D_sec,t_hold,0.002024170042204787,1.0,0.002024170042204787,0.00441701002735883,0.9474834204564779,4.687166225096885e-06,0.0,0.9854029194161168,54,True,True,1.7550405573274475e-12
drop_thold10,"剔除t_hold=10,只留{15,20}",t_hold,D_sec,precursor:T_C,1.6081391441930464,4.0,0.4020347860482616,0.8772937274518634,0.4899984366884522,0.0037238054732336903,0.0,0.9936012797440512,54,True,True,1.7550405573274475e-12
drop_thold10,"剔除t_hold=10,只留{15,20}",t_hold,D_sec,precursor:beta,2.10273881352623,4.0,0.5256847033815575,1.1471144012863408,0.3550186883675889,0.004869099997263625,0.0006237873131025372,0.9944011197760448,54,True,True,1.7550405573274475e-12
drop_thold10,"剔除t_hold=10,只留{15,20}",t_hold,D_sec,precursor:t_hold,0.011771317741477105,2.0,0.005885658870738553,0.01284329562616632,0.9872446399074063,2.7257652169695147e-05,0.0,0.9988002399520096,54,True,True,1.7550405573274475e-12
drop_thold10,"剔除t_hold=10,只留{15,20}",t_hold,D_sec,T_C:beta,5.738363099276285,4.0,1.4345907748190712,3.130469133230671,0.030128484631718397,0.013287748136502122,0.009033511366974794,0.9582083583283343,54,True,True,1.7550405573274475e-12
drop_thold10,"剔除t_hold=10,只留{15,20}",t_hold,D_sec,T_C:t_hold,3.086079041224366,2.0,1.543039520612183,3.367118815636257,0.048933202841040746,0.007146121693536452,0.005018470907298239,0.8308338332333534,54,True,True,1.7550405573274475e-12
drop_thold10,"剔除t_hold=10,只留{15,20}",t_hold,D_sec,beta:t_hold,0.2822986190867596,2.0,0.1411493095433798,0.3080066904501732,0.7373685592712211,0.0006536904139405709,0.0,0.981003799240152,54,True,True,1.7550405573274475e-12
drop_thold10,"剔除t_hold=10,只留{15,20}",t_hold,D_sec,Residual,12.831476684607878,28.0,0.4582670244502814,,,0.02971255521038259,,,54,True,True,1.7550405573274475e-12
drop_thold10,"剔除t_hold=10,只留{15,20}",t_hold,D_sec,coupling_total,,10.0,,,,0.008620163122667012,0.0006237873131025372,,54,True,True,1.7550405573274475e-12
drop_thold10,"剔除t_hold=10,只留{15,20}",t_hold,circularity,precursor,0.6554641547169293,2.0,0.32773207735846466,168.28179525789727,2.4853430269261625e-16,0.7572275442215701,0.7510380399562285,0.0001999600079984003,54,True,True,6.453171330633722e-15
drop_thold10,"剔除t_hold=10,只留{15,20}",t_hold,circularity,T_C,0.10642666093814057,2.0,0.053213330469070286,27.323644530505785,2.6242902129690834e-07,0.12294981887559264,0.11818415962248725,0.03179364127174565,54,True,True,6.453171330633722e-15
drop_thold10,"剔除t_hold=10,只留{15,20}",t_hold,circularity,beta,0.0004707051954966346,2.0,0.0002353525977483173,0.12084736406310656,0.886628890254745,0.0005437840294900336,0.0,0.9864027194561088,54,True,True,6.453171330633722e-15
drop_thold10,"剔除t_hold=10,只留{15,20}",t_hold,circularity,t_hold,0.0059387080311736895,1.0,0.0059387080311736895,3.0493702571119075,0.09173277065074349,0.006860715823944081,0.004600485721333317,0.5454909018196361,54,True,True,6.453171330633722e-15
drop_thold10,"剔除t_hold=10,只留{15,20}",t_hold,circularity,precursor:T_C,0.017312824916503544,4.0,0.004328206229125886,2.2224199729068905,0.0921287511279084,0.02000070911692128,0.01097649506977054,0.9110177964407119,54,True,True,6.453171330633722e-15
drop_thold10,"剔除t_hold=10,只留{15,20}",t_hold,circularity,precursor:beta,0.0005572372195885578,4.0,0.00013930930489713944,0.07153166120684254,0.9901564270762163,0.0006437504908565539,0.0,0.9998000399920016,54,True,True,6.453171330633722e-15
drop_thold10,"剔除t_hold=10,只留{15,20}",t_hold,circularity,precursor:t_hold,0.004631515467098168,2.0,0.002315757733549084,1.1890806414953268,0.3194123245990662,0.005350576470027649,0.0008489074030045267,0.869626074785043,54,True,True,6.453171330633722e-15
drop_thold10,"剔除t_hold=10,只留{15,20}",t_hold,circularity,T_C:beta,0.01235841714964181,4.0,0.0030896042874104523,1.5864304779457032,0.20543926361282291,0.014277110046895601,0.005265744500744087,0.9476104779044191,54,True,True,6.453171330633722e-15
drop_thold10,"剔除t_hold=10,只留{15,20}",t_hold,circularity,T_C:t_hold,0.007851118554494718,2.0,0.003925559277247359,2.0156713614698516,0.1521109291883865,0.009070035607027054,0.004560016990384254,0.7816436712657469,54,True,True,6.453171330633722e-15
drop_thold10,"剔除t_hold=10,只留{15,20}",t_hold,circularity,beta:t_hold,6.866674829630881e-05,2.0,3.4333374148154405e-05,0.01762928391227639,0.9825360994022766,7.932753119741522e-05,0.0,0.997000599880024,54,True,True,6.453171330633722e-15
drop_thold10,"剔除t_hold=10,只留{15,20}",t_hold,circularity,Residual,0.054530545933229035,28.0,0.0019475194976153226,,,0.06299662778647758,,,54,True,True,6.453171330633722e-15
drop_thold10,"剔除t_hold=10,只留{15,20}",t_hold,circularity,coupling_total,,10.0,,,,0.025995036077805483,0.011825402472775066,,54,True,True,6.453171330633722e-15
drop_thold10,"剔除t_hold=10,只留{15,20}",t_hold,convexity,precursor,0.062082398978340336,2.0,0.031041199489170168,89.2756776811241,7.076520210165017e-13,0.6254272033122654,0.6162629936989651,0.0001999600079984003,54,True,True,1.2108369862318114e-14
drop_thold10,"剔除t_hold=10,只留{15,20}",t_hold,convexity,T_C,0.018842844998566477,2.0,0.009421422499283238,27.09637166686004,2.8349393613300364e-07,0.1898255873458031,0.18218187104938954,0.004599080183963208,54,True,True,1.2108369862318114e-14
drop_thold10,"剔除t_hold=10,只留{15,20}",t_hold,convexity,beta,0.00012946103343836057,2.0,6.473051671918029e-05,0.18616744332867405,0.8311537266988197,0.0013042094605512631,0.0,0.9642071585682863,54,True,True,1.2108369862318114e-14
drop_thold10,"剔除t_hold=10,只留{15,20}",t_hold,convexity,t_hold,0.0011939424809668253,1.0,0.0011939424809668253,3.433824267576505,0.07444066654082163,0.012027951868408156,0.008495408184187779,0.42451509698060386,54,True,True,1.2108369862318114e-14
drop_thold10,"剔除t_hold=10,只留{15,20}",t_hold,convexity,precursor:T_C,0.0018811107434686392,4.0,0.0004702776858671598,1.3525366221350186,0.2754667747569947,0.01895058584670207,0.004922200086194362,0.913617276544691,54,True,True,1.2108369862318114e-14
drop_thold10,"剔除t_hold=10,只留{15,20}",t_hold,convexity,precursor:beta,0.0008190827352905217,4.0,0.00020477068382263042,0.5889283232714805,0.6733709476028007,0.008251559747116692,0.0,0.982003599280144,54,True,True,1.2108369862318114e-14
drop_thold10,"剔除t_hold=10,只留{15,20}",t_hold,convexity,precursor:t_hold,0.00043543125254785764,2.0,0.00021771562627392882,0.6261584731658495,0.5419617722795605,0.004386598375664826,0.0,0.8932213557288542,54,True,True,1.2108369862318114e-14
drop_thold10,"剔除t_hold=10,只留{15,20}",t_hold,convexity,T_C:beta,0.0020878420045704615,4.0,0.0005219605011426154,1.501178376774507,0.22870085225707182,0.021033226926877462,0.00699757158396278,0.9040191961607679,54,True,True,1.2108369862318114e-14
drop_thold10,"剔除t_hold=10,只留{15,20}",t_hold,convexity,T_C:t_hold,0.0017683453411194705,2.0,0.0008841726705597353,2.542914437919481,0.09665496550229026,0.017814570625282734,0.010771269000826181,0.6290741851629674,54,True,True,1.2108369862318114e-14
drop_thold10,"剔除t_hold=10,只留{15,20}",t_hold,convexity,beta:t_hold,0.0002879148093128947,2.0,0.00014395740465644735,0.41402700505835766,0.6649635806162346,0.002900496065617112,0.0,0.9292141571685663,54,True,True,1.2108369862318114e-14
drop_thold10,"剔除t_hold=10,只留{15,20}",t_hold,convexity,Residual,0.009735614539955861,28.0,0.00034770051928413793,,,0.09807801042571114,,,54,True,True,1.2108369862318114e-14
drop_thold10,"剔除t_hold=10,只留{15,20}",t_hold,convexity,coupling_total,,10.0,,,,0.031588743969483586,0.004922200086194362,,54,True,True,1.2108369862318114e-14
drop_thold10,"剔除t_hold=10,只留{15,20}",t_hold,solidity,precursor,0.03711684184624531,2.0,0.018558420923122654,71.1251134376805,1.0592162825603956e-11,0.6241532837226418,0.6126895497263624,0.0001999600079984003,54,True,True,1.7958724785049895e-14
drop_thold10,"剔除t_hold=10,只留{15,20}",t_hold,solidity,T_C,0.0071059847713925706,2.0,0.0035529923856962853,13.616836665290093,7.402142814895561e-05,0.11949356433719374,0.11023445947502676,0.04019196160767846,54,True,True,1.7958724785049895e-14
drop_thold10,"剔除t_hold=10,只留{15,20}",t_hold,solidity,beta,0.0002206919703233723,2.0,0.00011034598516168614,0.4229007815120169,0.6592587106447243,0.003711135191381774,0.0,0.9142171565686863,54,True,True,1.7958724785049895e-14
drop_thold10,"剔除t_hold=10,只留{15,20}",t_hold,solidity,t_hold,0.0019740567797015274,1.0,0.0019740567797015274,7.565568911833299,0.010308818765616502,0.03319555113039045,0.028681988970067344,0.1911617676464707,54,True,True,1.7958724785049895e-14
drop_thold10,"剔除t_hold=10,只留{15,20}",t_hold,solidity,precursor:T_C,0.0014839821989411917,4.0,0.0003709955497352979,1.4218397496804802,0.2526257887690524,0.02495450357258205,0.0073713051892059425,0.8652269546090782,54,True,True,1.7958724785049895e-14
drop_thold10,"剔除t_hold=10,只留{15,20}",t_hold,solidity,precursor:beta,0.0013328779715529038,4.0,0.00033321949288822594,1.277063082548815,0.3025512971669243,0.022413549250566822,0.004841451142706237,0.8902219556088782,54,True,True,1.7958724785049895e-14
drop_thold10,"剔除t_hold=10,只留{15,20}",t_hold,solidity,precursor:t_hold,0.0010441245194385829,2.0,0.0005220622597192914,2.0008026328254336,0.15410181127216233,0.01755789865211394,0.008744104421530827,0.6376724655068986,54,True,True,1.7958724785049895e-14
drop_thold10,"剔除t_hold=10,只留{15,20}",t_hold,solidity,T_C:beta,0.0008355868547376133,4.0,0.00020889671368440332,0.8005962640415133,0.5350736204293016,0.014051149108547153,0.0,0.9548090381923615,54,True,True,1.7958724785049895e-14
drop_thold10,"剔除t_hold=10,只留{15,20}",t_hold,solidity,T_C:t_hold,0.0008821246894399337,2.0,0.00044106234471996686,1.6903706102608724,0.20273450622641181,0.014833724912467096,0.00603183135983015,0.6714657068586283,54,True,True,1.7958724785049895e-14
drop_thold10,"剔除t_hold=10,只留{15,20}",t_hold,solidity,beta:t_hold,0.000165299083988657,2.0,8.26495419943285e-05,0.31675421493402783,0.7310861063655513,0.0027796536810769036,0.0,0.9260147970405919,54,True,True,1.7958724785049895e-14
drop_thold10,"剔除t_hold=10,只留{15,20}",t_hold,solidity,Residual,0.007305939642581194,28.0,0.0002609264158064712,,,0.12285598644103829,,,54,True,True,1.7958724785049895e-14
drop_thold10,"剔除t_hold=10,只留{15,20}",t_hold,solidity,coupling_total,,10.0,,,,0.06492595147526281,0.020956860753443007,,54,True,True,1.7958724785049895e-14
drop_precursor_S,"剔除前驱体S,只留{M,L}(9.70/12.40µm,跨度1.28倍)",precursor,compaction_density,precursor,0.0005041666668148537,1.0,0.0005041666668148537,0.22909090915811245,0.6359152096196581,0.0023799897289333823,0.0,0.7386522695460908,54,True,True,1.4839019769896655e-13
drop_precursor_S,"剔除前驱体S,只留{M,L}(9.70/12.40µm,跨度1.28倍)",precursor,compaction_density,T_C,0.04825648148141681,2.0,0.024128240740708407,10.963756573983492,0.0003044061012691089,0.22780151453847025,0.20489520213290452,0.0013997200559888023,54,True,True,1.4839019769896655e-13
drop_precursor_S,"剔除前驱体S,只留{M,L}(9.70/12.40µm,跨度1.28倍)",precursor,compaction_density,beta,0.015423148148101973,2.0,0.007711574074050986,3.504102178800411,0.04383638595614038,0.07280714215440305,0.05149448586755557,0.14817036592681462,54,True,True,1.4839019769896655e-13
drop_precursor_S,"剔除前驱体S,只留{M,L}(9.70/12.40µm,跨度1.28倍)",precursor,compaction_density,t_hold,0.003645370370350065,2.0,0.0018226851851750325,0.8282193839167723,0.4472459950028667,0.01720848404041222,0.0,0.642871425714857,54,True,True,1.4839019769896655e-13
drop_precursor_S,"剔除前驱体S,只留{M,L}(9.70/12.40µm,跨度1.28倍)",precursor,compaction_density,precursor:T_C,0.005058333333408882,2.0,0.002529166666704441,1.149241172067591,0.33137534009724146,0.02387857462908298,0.0030690031305246265,0.5296940611877624,54,True,True,1.4839019769896655e-13
drop_precursor_S,"剔除前驱体S,只留{M,L}(9.70/12.40µm,跨度1.28倍)",precursor,compaction_density,precursor:beta,0.001858333333302653,2.0,0.0009291666666513265,0.4222088655074367,0.6597016465995831,0.00877252412210554,0.0,0.7986402719456108,54,True,True,1.4839019769896655e-13
drop_precursor_S,"剔除前驱体S,只留{M,L}(9.70/12.40µm,跨度1.28倍)",precursor,compaction_density,precursor:t_hold,0.009858333333340852,2.0,0.004929166666670426,2.239789631856164,0.1252180428307304,0.04653765038847579,0.025495097690838957,0.2943411317736453,54,True,True,1.4839019769896655e-13
drop_precursor_S,"剔除前驱体S,只留{M,L}(9.70/12.40µm,跨度1.28倍)",precursor,compaction_density,T_C:beta,0.03714351851851916,4.0,0.00928587962962979,4.21945905334099,0.008485921041460702,0.175341208352805,0.13241024278239347,0.047390521895620874,54,True,True,1.4839019769896655e-13
drop_precursor_S,"剔除前驱体S,只留{M,L}(9.70/12.40µm,跨度1.28倍)",precursor,compaction_density,T_C:t_hold,0.025479629629671763,4.0,0.006369907407417941,2.8944552967724633,0.04009310861889308,0.12028017877253853,0.07791535212281044,0.17096580683863227,54,True,True,1.4839019769896655e-13
drop_precursor_S,"剔除前驱体S,只留{M,L}(9.70/12.40µm,跨度1.28倍)",precursor,compaction_density,beta:t_hold,0.0029879629629476767,4.0,0.0007469907407369192,0.33942900074938254,0.8490168352313674,0.014105099821802249,0.0,0.9580083983203359,54,True,True,1.4839019769896655e-13
drop_precursor_S,"剔除前驱体S,只留{M,L}(9.70/12.40µm,跨度1.28倍)",precursor,compaction_density,Residual,0.06162037037040591,28.0,0.0022007275132287824,,,0.290887633450971,,,54,True,True,1.4839019769896655e-13
drop_precursor_S,"剔除前驱体S,只留{M,L}(9.70/12.40µm,跨度1.28倍)",precursor,compaction_density,coupling_total,,6.0,,,,0.07918874913966431,0.028564100821363583,,54,True,True,1.4839019769896655e-13
drop_precursor_S,"剔除前驱体S,只留{M,L}(9.70/12.40µm,跨度1.28倍)",precursor,D_sec,precursor,0.22098027925312635,1.0,0.22098027925312635,0.401066029211637,0.5316783731990642,0.003511381445094018,0.0,0.6788642271545691,54,True,True,2.1813661987835076e-12
drop_precursor_S,"剔除前驱体S,只留{M,L}(9.70/12.40µm,跨度1.28倍)",precursor,D_sec,T_C,30.62046921825913,2.0,15.310234609129566,27.787162826183735,2.2448746947705194e-07,0.4865599220729851,0.46497873601934836,0.0001999600079984003,54,True,True,2.1813661987835076e-12
drop_precursor_S,"剔除前驱体S,只留{M,L}(9.70/12.40µm,跨度1.28倍)",precursor,D_sec,beta,1.618375329612718,2.0,0.809187664806359,1.46862735764387,0.24743869510870448,0.02571601919776113,0.008134558998847784,0.505498900219956,54,True,True,2.1813661987835076e-12
drop_precursor_S,"剔除前驱体S,只留{M,L}(9.70/12.40µm,跨度1.28倍)",precursor,D_sec,t_hold,0.8508505459203661,2.0,0.42542527296018307,0.7721215011995396,0.4716200981905972,0.013520033686221442,0.0,0.7006598680263947,54,True,True,2.1813661987835076e-12
drop_precursor_S,"剔除前驱体S,只留{M,L}(9.70/12.40µm,跨度1.28倍)",precursor,D_sec,precursor:T_C,1.5154041928453807,2.0,0.7577020964226904,1.3751841212467921,0.26934439721688436,0.02407980559423456,0.0065125463119722615,0.5342931413717257,54,True,True,2.1813661987835076e-12
drop_precursor_S,"剔除前驱体S,只留{M,L}(9.70/12.40µm,跨度1.28倍)",precursor,D_sec,precursor:beta,0.3873567087066476,2.0,0.1936783543533238,0.35151466360377936,0.7066822001566693,0.0061551065288825675,0.0,0.856628674265147,54,True,True,2.1813661987835076e-12
drop_precursor_S,"剔除前驱体S,只留{M,L}(9.70/12.40µm,跨度1.28倍)",precursor,D_sec,precursor:t_hold,0.22989178877651284,2.0,0.11494589438825642,0.2086199437899659,0.812953921962279,0.0036529855253040634,0.0,0.9118176364727054,54,True,True,2.1813661987835076e-12
drop_precursor_S,"剔除前驱体S,只留{M,L}(9.70/12.40µm,跨度1.28倍)",precursor,D_sec,T_C:beta,3.9902695897653757,4.0,0.9975673974413439,1.8105253387995541,0.15482332905055166,0.06340547059575151,0.028138631178833435,0.5136972605478904,54,True,True,2.1813661987835076e-12
drop_precursor_S,"剔除前驱体S,只留{M,L}(9.70/12.40µm,跨度1.28倍)",precursor,D_sec,T_C:t_hold,2.6988720654771896,4.0,0.6747180163692974,1.2245729645079084,0.3228260699478188,0.04288513583849631,0.007796395150809762,0.6814637072585483,54,True,True,2.1813661987835076e-12
drop_precursor_S,"剔除前驱体S,只留{M,L}(9.70/12.40µm,跨度1.28倍)",precursor,D_sec,beta:t_hold,5.372602043399638,4.0,1.3431505108499096,2.4377380816099845,0.07038857116126485,0.08537076335874345,0.04991328422884974,0.34453109378124375,54,True,True,2.1813661987835076e-12
drop_precursor_S,"剔除前驱体S,只留{M,L}(9.70/12.40µm,跨度1.28倍)",precursor,D_sec,Residual,15.427504122575556,28.0,0.5509822900919842,,,0.24514337615652584,,,54,True,True,2.1813661987835076e-12
drop_precursor_S,"剔除前驱体S,只留{M,L}(9.70/12.40µm,跨度1.28倍)",precursor,D_sec,coupling_total,,6.0,,,,0.03388789764842119,0.0065125463119722615,,54,True,True,2.1813661987835076e-12
drop_precursor_S,"剔除前驱体S,只留{M,L}(9.70/12.40µm,跨度1.28倍)",precursor,circularity,precursor,0.13155823306707148,1.0,0.13155823306707148,94.0559912750589,1.8846942250510775e-10,0.48287822613763604,0.47530409698638354,0.0001999600079984003,54,True,True,3.578734530940153e-15
drop_precursor_S,"剔除前驱体S,只留{M,L}(9.70/12.40µm,跨度1.28倍)",precursor,circularity,T_C,0.06463143122905102,2.0,0.03231571561452551,23.10373585161709,1.185620081955364e-06,0.23722658884229336,0.22579945826216252,0.0015996800639872025,54,True,True,3.578734530940153e-15
drop_precursor_S,"剔除前驱体S,只留{M,L}(9.70/12.40µm,跨度1.28倍)",precursor,circularity,beta,0.00036134822246758347,2.0,0.00018067411123379173,0.12917080317710605,0.8793444897886852,0.0013263114334636655,0.0,0.968006398720256,54,True,True,3.578734530940153e-15
drop_precursor_S,"剔除前驱体S,只留{M,L}(9.70/12.40µm,跨度1.28倍)",precursor,circularity,t_hold,0.009769755078311348,2.0,0.004884877539155674,3.4923849955351547,0.04424927070106199,0.03585942051691285,0.025460817372707063,0.3945210957808438,54,True,True,3.578734530940153e-15
drop_precursor_S,"剔除前驱体S,只留{M,L}(9.70/12.40µm,跨度1.28倍)",precursor,circularity,precursor:T_C,0.012138760613131794,2.0,0.006069380306565897,4.3392311362857665,0.022827416443736218,0.04455474245682618,0.03411172602889705,0.3241351729654069,54,True,True,3.578734530940153e-15
drop_precursor_S,"剔除前驱体S,只留{M,L}(9.70/12.40µm,跨度1.28倍)",precursor,circularity,precursor:beta,0.0007957229214152761,2.0,0.00039786146070763806,0.2844463109953868,0.7545790521273006,0.0029206630693661938,0.0,0.9304139172165566,54,True,True,3.578734530940153e-15
drop_precursor_S,"剔除前驱体S,只留{M,L}(9.70/12.40µm,跨度1.28倍)",precursor,circularity,precursor:t_hold,0.0016427826392515499,2.0,0.0008213913196257749,0.5872439374641318,0.5625576844732907,0.006029755403959156,0.0,0.8518296340731853,54,True,True,3.578734530940153e-15
drop_precursor_S,"剔除前驱体S,只留{M,L}(9.70/12.40µm,跨度1.28倍)",precursor,circularity,T_C:beta,0.009190658724111955,4.0,0.002297664681027989,1.6426879880759875,0.19137310545797875,0.03373387494093957,0.013130685284455245,0.7802439512097581,54,True,True,3.578734530940153e-15
drop_precursor_S,"剔除前驱体S,只留{M,L}(9.70/12.40µm,跨度1.28倍)",precursor,circularity,T_C:t_hold,0.0025002857567937298,4.0,0.0006250714391984324,0.44688737801428874,0.7737065535863887,0.009177179739577577,0.0,0.98000399920016,54,True,True,3.578734530940153e-15
drop_precursor_S,"剔除前驱体S,只留{M,L}(9.70/12.40µm,跨度1.28倍)",precursor,circularity,beta:t_hold,0.0006927743702398459,4.0,0.00017319359255996147,0.12382269547821359,0.9727010182121864,0.002542795317450681,0.0,0.9982003599280144,54,True,True,3.578734530940153e-15
drop_precursor_S,"剔除前驱体S,只留{M,L}(9.70/12.40µm,跨度1.28倍)",precursor,circularity,Residual,0.039164230539078915,28.0,0.0013987225192528183,,,0.1437504421415747,,,54,True,True,3.578734530940153e-15
drop_precursor_S,"剔除前驱体S,只留{M,L}(9.70/12.40µm,跨度1.28倍)",precursor,circularity,coupling_total,,6.0,,,,0.053505160930151535,0.03411172602889705,,54,True,True,3.578734530940153e-15
drop_precursor_S,"剔除前驱体S,只留{M,L}(9.70/12.40µm,跨度1.28倍)",precursor,convexity,precursor,0.04958248042627389,1.0,0.04958248042627389,150.96086003839193,8.518890599020877e-13,0.6308821163457069,0.6240948445164782,0.0001999600079984003,54,True,True,9.272530659965028e-15
drop_precursor_S,"剔除前驱体S,只留{M,L}(9.70/12.40µm,跨度1.28倍)",precursor,convexity,T_C,0.01157339036855376,2.0,0.00578669518427688,17.618410258788796,1.113350928867022e-05,0.1472585668614344,0.13832228174624517,0.01759648070385923,54,True,True,9.272530659965028e-15
drop_precursor_S,"剔除前驱体S,只留{M,L}(9.70/12.40µm,跨度1.28倍)",precursor,convexity,beta,0.0006618666395752371,2.0,0.00033093331978761853,1.0075732020866428,0.37796006426277995,0.008421519511004146,6.30350663172409e-05,0.8028394321135773,54,True,True,9.272530659965028e-15
drop_precursor_S,"剔除前驱体S,只留{M,L}(9.70/12.40µm,跨度1.28倍)",precursor,convexity,t_hold,0.001640192959257547,2.0,0.0008200964796287735,2.4968994857629982,0.10049857491579418,0.02086963775219689,0.012459347746937244,0.5862827434513097,54,True,True,9.272530659965028e-15
drop_precursor_S,"剔除前驱体S,只留{M,L}(9.70/12.40µm,跨度1.28倍)",precursor,convexity,precursor:T_C,0.0014659985769966966,2.0,0.0007329992884983483,2.2317197939255182,0.12609242078424393,0.01865320727934737,0.010252141433184836,0.611877624475105,54,True,True,9.272530659965028e-15
drop_precursor_S,"剔除前驱体S,只留{M,L}(9.70/12.40µm,跨度1.28倍)",precursor,convexity,precursor:beta,0.0004534553069177605,2.0,0.00022672765345888024,0.6903043427109804,0.5097548819114031,0.005769716263425899,0.0,0.861627674465107,54,True,True,9.272530659965028e-15
drop_precursor_S,"剔除前驱体S,只留{M,L}(9.70/12.40µm,跨度1.28倍)",precursor,convexity,precursor:t_hold,0.00015079479640434101,2.0,7.539739820217051e-05,0.229558020885647,0.7963660693985313,0.0019186966741397437,0.0,0.9486102779444111,54,True,True,9.272530659965028e-15
drop_precursor_S,"剔除前驱体S,只留{M,L}(9.70/12.40µm,跨度1.28倍)",precursor,convexity,T_C:beta,0.0018004527537627268,4.0,0.0004501131884406817,1.3704331339910432,0.2693875977791109,0.02290876603810209,0.006166553302047091,0.8820235952809438,54,True,True,9.272530659965028e-15
drop_precursor_S,"剔除前驱体S,只留{M,L}(9.70/12.40µm,跨度1.28倍)",precursor,convexity,T_C:t_hold,0.0017503825873816936,4.0,0.0004375956468454234,1.3323217118003694,0.2824891232576761,0.022271678658433422,0.005532117300538403,0.8914217156568687,54,True,True,9.272530659965028e-15
drop_precursor_S,"剔除前驱体S,只留{M,L}(9.70/12.40µm,跨度1.28倍)",precursor,convexity,beta:t_hold,0.00031680561887981185,4.0,7.920140471995296e-05,0.24113985565024637,0.912587144019644,0.004031000417703933,0.0,0.9934013197360528,54,True,True,9.272530659965028e-15
drop_precursor_S,"剔除前驱体S,只留{M,L}(9.70/12.40µm,跨度1.28倍)",precursor,convexity,Residual,0.00919648610628343,28.0,0.0003284459323672654,,,0.11701509419850521,,,54,True,True,9.272530659965028e-15
drop_precursor_S,"剔除前驱体S,只留{M,L}(9.70/12.40µm,跨度1.28倍)",precursor,convexity,coupling_total,,6.0,,,,0.026341620216913015,0.010252141433184836,,54,True,True,9.272530659965028e-15
drop_precursor_S,"剔除前驱体S,只留{M,L}(9.70/12.40µm,跨度1.28倍)",precursor,solidity,precursor,0.05344592473073462,1.0,0.05344592473073462,162.24617309078775,3.600630273312564e-13,0.6764668645084688,0.6695060499550245,0.0001999600079984003,54,True,True,2.0032586700580168e-14
drop_precursor_S,"剔除前驱体S,只留{M,L}(9.70/12.40µm,跨度1.28倍)",precursor,solidity,T_C,0.00510032896990964,2.0,0.00255016448495482,7.741552429310398,0.0021072923165824696,0.06455503508675206,0.05598284971353741,0.1841631673665267,54,True,True,2.0032586700580168e-14
drop_precursor_S,"剔除前驱体S,只留{M,L}(9.70/12.40µm,跨度1.28倍)",precursor,solidity,beta,0.000666576764942306,2.0,0.000333288382471153,1.0117659085140147,0.3764848729039978,0.008436884503476762,9.77058466859232e-05,0.8042391521695661,54,True,True,2.0032586700580168e-14
drop_precursor_S,"剔除前驱体S,只留{M,L}(9.70/12.40µm,跨度1.28倍)",precursor,solidity,t_hold,0.0030830964901866764,2.0,0.0015415482450933382,4.679688950304294,0.017644832372527106,0.03902285583421281,0.0305566819597547,0.35012997400519896,54,True,True,2.0032586700580168e-14
drop_precursor_S,"剔除前驱体S,只留{M,L}(9.70/12.40µm,跨度1.28倍)",precursor,solidity,precursor:T_C,0.001135695023883443,2.0,0.0005678475119417215,1.723818722864922,0.19677961370643168,0.01437453006407629,0.006010697863271901,0.6904619076184763,54,True,True,2.0032586700580168e-14
drop_precursor_S,"剔除前驱体S,只留{M,L}(9.70/12.40µm,跨度1.28倍)",precursor,solidity,precursor:beta,0.00046199698952165136,2.0,0.00023099849476082568,0.7012437702873889,0.5044700577052903,0.005847511414361259,0.0,0.8598280343931214,54,True,True,2.0032586700580168e-14
drop_precursor_S,"剔除前驱体S,只留{M,L}(9.70/12.40µm,跨度1.28倍)",precursor,solidity,precursor:t_hold,0.0001396608496548879,2.0,6.983042482744395e-05,0.21198471633968088,0.8102634608184636,0.001767692065140775,0.0,0.9500099980003999,54,True,True,2.0032586700580168e-14
drop_precursor_S,"剔除前驱体S,只留{M,L}(9.70/12.40µm,跨度1.28倍)",precursor,solidity,T_C:beta,0.0017069218886121007,4.0,0.0004267304721530252,1.295428723459598,0.2957404250729991,0.02160456767784754,0.0049065677378979195,0.9048190361927615,54,True,True,2.0032586700580168e-14
drop_precursor_S,"剔除前驱体S,只留{M,L}(9.70/12.40µm,跨度1.28倍)",precursor,solidity,T_C:t_hold,0.003499514498237488,4.0,0.000874878624559372,2.6558752508975276,0.05371522540934861,0.04429347254914832,0.027501266596199943,0.6880623875224955,54,True,True,2.0032586700580168e-14
drop_precursor_S,"剔除前驱体S,只留{M,L}(9.70/12.40µm,跨度1.28倍)",precursor,solidity,beta:t_hold,0.0005441866200328604,4.0,0.0001360466550082151,0.41299779633510997,0.7977610005484299,0.006887788328403589,0.0,0.9860027994401119,54,True,True,2.0032586700580168e-14
drop_precursor_S,"剔除前驱体S,只留{M,L}(9.70/12.40µm,跨度1.28倍)",precursor,solidity,Residual,0.009223551249021966,28.0,0.00032941254460792734,,,0.11674279796811178,,,54,True,True,2.0032586700580168e-14
drop_precursor_S,"剔除前驱体S,只留{M,L}(9.70/12.40µm,跨度1.28倍)",precursor,solidity,coupling_total,,6.0,,,,0.021989733543578326,0.006010697863271901,,54,True,True,2.0032586700580168e-14
drop_precursor_M,"剔除前驱体M,只留{S,L}(3.67/12.40µm,跨度3.38倍)",precursor,compaction_density,precursor,0.6958685185181821,1.0,0.6958685185181821,172.9135804497038,1.6704792511357537e-13,0.6795160896568504,0.6729417602133946,0.0001999600079984003,54,True,True,3.326366959655047e-13
drop_precursor_M,"剔除前驱体M,只留{S,L}(3.67/12.40µm,跨度3.38倍)",precursor,compaction_density,T_C,0.09407314814848178,2.0,0.04703657407424089,11.687929858623418,0.00020397878733600504,0.09186249423625227,0.08367406825318939,0.07678464307138572,54,True,True,3.326366959655047e-13
drop_precursor_M,"剔除前驱体M,只留{S,L}(3.67/12.40µm,跨度3.38倍)",precursor,compaction_density,beta,0.012567592592631627,2.0,0.006283796296315813,1.5614353681731687,0.22756074831198914,0.012272262859556717,0.0043953863786234506,0.7484503099380124,54,True,True,3.326366959655047e-13
drop_precursor_M,"剔除前驱体M,只留{S,L}(3.67/12.40µm,跨度3.38倍)",precursor,compaction_density,t_hold,0.02857314814809797,2.0,0.014286574074048985,3.5500135582569468,0.042257919461971646,0.027901698930318974,0.01996364229018544,0.47210557888422316,54,True,True,3.326366959655047e-13
drop_precursor_M,"剔除前驱体M,只留{S,L}(3.67/12.40µm,跨度3.38倍)",precursor,compaction_density,precursor:T_C,0.004278703703789688,2.0,0.002139351851894844,0.5315989712260224,0.5934782969495194,0.0041781571262782796,0.0,0.8994201159768046,54,True,True,3.326366959655047e-13
drop_precursor_M,"剔除前驱体M,只留{S,L}(3.67/12.40µm,跨度3.38倍)",precursor,compaction_density,precursor:beta,0.00018425925929932419,2.0,9.212962964966209e-05,0.022892922591399027,0.9773854060939491,0.0001799292941556932,0.0,0.9956008798240352,54,True,True,3.326366959655047e-13
drop_precursor_M,"剔除前驱体M,只留{S,L}(3.67/12.40µm,跨度3.38倍)",precursor,compaction_density,precursor:t_hold,0.002378703703698193,2.0,0.0011893518518490964,0.2955372770069342,0.7464242611310199,0.0023228058119818935,0.0,0.9396120775844831,54,True,True,3.326366959655047e-13
drop_precursor_M,"剔除前驱体M,只留{S,L}(3.67/12.40µm,跨度3.38倍)",precursor,compaction_density,T_C:beta,0.029399074073921838,4.0,0.0073497685184804595,1.8263145352705952,0.15176558996586215,0.02870821616816896,0.012938164777915089,0.8430313937212558,54,True,True,3.326366959655047e-13
drop_precursor_M,"剔除前驱体M,只留{S,L}(3.67/12.40µm,跨度3.38倍)",precursor,compaction_density,T_C:t_hold,0.034476851851877655,4.0,0.008619212962969414,2.1417536997639015,0.10195268288780425,0.033666669680580345,0.01787720882642112,0.7914417116576684,54,True,True,3.326366959655047e-13
drop_precursor_M,"剔除前驱体M,只留{S,L}(3.67/12.40µm,跨度3.38倍)",precursor,compaction_density,beta:t_hold,0.00958240740749261,4.0,0.0023956018518731526,0.5952735071582412,0.668979188633168,0.009357227461451947,0.0,0.9774045190961808,54,True,True,3.326366959655047e-13
drop_precursor_M,"剔除前驱体M,只留{S,L}(3.67/12.40µm,跨度3.38倍)",precursor,compaction_density,Residual,0.1126824074074193,28.0,0.004024371693122118,,,0.11003444877440453,,,54,True,True,3.326366959655047e-13
drop_precursor_M,"剔除前驱体M,只留{S,L}(3.67/12.40µm,跨度3.38倍)",precursor,compaction_density,coupling_total,,6.0,,,,0.006680892232415867,0.0,,54,True,True,3.326366959655047e-13
drop_precursor_M,"剔除前驱体M,只留{S,L}(3.67/12.40µm,跨度3.38倍)",precursor,D_sec,precursor,462.50068479865786,1.0,462.50068479865786,2574.276981303319,4.187349327029608e-29,0.9182105789208752,0.9175266225156615,0.0001999600079984003,54,True,True,4.263256414560601e-13
drop_precursor_M,"剔除前驱体M,只留{S,L}(3.67/12.40µm,跨度3.38倍)",precursor,D_sec,T_C,28.497476762733186,2.0,14.248738381366593,79.30842144316665,2.9302232358574732e-12,0.05657653165959023,0.055843239545002976,0.22875424915016995,54,True,True,4.263256414560601e-13
drop_precursor_M,"剔除前驱体M,只留{S,L}(3.67/12.40µm,跨度3.38倍)",precursor,D_sec,beta,0.22659422904962412,2.0,0.11329711452481206,0.6306112910865813,0.5396570945824991,0.00044986142739736877,0.0,0.9878024395120976,54,True,True,4.263256414560601e-13
drop_precursor_M,"剔除前驱体M,只留{S,L}(3.67/12.40µm,跨度3.38倍)",precursor,D_sec,t_hold,0.010257320525397517,2.0,0.005128660262698759,0.028546102726178628,0.9718857336848739,2.0364035183866525e-05,0.0,0.9998000399920016,54,True,True,4.263256414560601e-13
drop_precursor_M,"剔除前驱体M,只留{S,L}(3.67/12.40µm,跨度3.38倍)",precursor,D_sec,precursor:T_C,1.6622770020167081,2.0,0.8311385010083541,4.626113607490512,0.018368810499946705,0.003300147174945432,0.0025858512669349387,0.9130173965206959,54,True,True,4.263256414560601e-13
drop_precursor_M,"剔除前驱体M,只留{S,L}(3.67/12.40µm,跨度3.38倍)",precursor,D_sec,precursor:beta,0.07201601029646554,2.0,0.03600800514823277,0.20042041415808953,0.8195504042540434,0.00014297462615579941,0.0,0.9972005598880224,54,True,True,4.263256414560601e-13
drop_precursor_M,"剔除前驱体M,只留{S,L}(3.67/12.40µm,跨度3.38倍)",precursor,D_sec,precursor:t_hold,0.27541035626654775,2.0,0.13770517813327388,0.7664664765395582,0.4741549912606712,0.0005467769259161217,0.0,0.9870025994801039,54,True,True,4.263256414560601e-13
drop_precursor_M,"剔除前驱体M,只留{S,L}(3.67/12.40µm,跨度3.38倍)",precursor,D_sec,T_C:beta,2.686062981795658,4.0,0.6715157454489145,3.737653981732864,0.014706813248653703,0.005332687121547113,0.0039045472830580236,0.9934013197360528,54,True,True,4.263256414560601e-13
drop_precursor_M,"剔除前驱体M,只留{S,L}(3.67/12.40µm,跨度3.38倍)",precursor,D_sec,T_C:t_hold,1.636441941371686,4.0,0.4091104853429215,2.277107342417427,0.08602475243832293,0.0032488563838806604,0.0018214595552550712,0.997000599880024,54,True,True,4.263256414560601e-13
drop_precursor_M,"剔除前驱体M,只留{S,L}(3.67/12.40µm,跨度3.38倍)",precursor,D_sec,beta:t_hold,1.1000719299631783,4.0,0.27501798249079457,1.5307490021960422,0.22035596503090996,0.002183991757992367,0.0007569746170765451,0.9974005198960207,54,True,True,4.263256414560601e-13
drop_precursor_M,"剔除前驱体M,只留{S,L}(3.67/12.40µm,跨度3.38倍)",precursor,D_sec,Residual,5.030546156616765,28.0,0.17966236273631303,,,0.009987229966515862,,,54,True,True,4.263256414560601e-13
drop_precursor_M,"剔除前驱体M,只留{S,L}(3.67/12.40µm,跨度3.38倍)",precursor,D_sec,coupling_total,,6.0,,,,0.003989898727017353,0.0025858512669349387,,54,True,True,4.263256414560601e-13
drop_precursor_M,"剔除前驱体M,只留{S,L}(3.67/12.40µm,跨度3.38倍)",precursor,circularity,precursor,0.42056339184440716,1.0,0.42056339184440716,194.58567657150806,3.952468320851776e-14,0.602640133828026,0.5976920135663695,0.0001999600079984003,54,True,True,2.1267709815475655e-15
drop_precursor_M,"剔除前驱体M,只留{S,L}(3.67/12.40µm,跨度3.38倍)",precursor,circularity,T_C,0.1758137421684296,2.0,0.0879068710842148,40.67262704485378,5.212106789785181e-09,0.2519297189527778,0.24497692971770413,0.0013997200559888023,54,True,True,2.1267709815475655e-15
drop_precursor_M,"剔除前驱体M,只留{S,L}(3.67/12.40µm,跨度3.38倍)",precursor,circularity,beta,0.00038023292724886915,2.0,0.00019011646362443457,0.08796281706665873,0.9160469763664004,0.0005448491870824915,0.0,0.9880023995200959,54,True,True,2.1267709815475655e-15
drop_precursor_M,"剔除前驱体M,只留{S,L}(3.67/12.40µm,跨度3.38倍)",precursor,circularity,t_hold,0.0051384272628229866,2.0,0.0025692136314114933,1.18872013689176,0.31951847859413135,0.007363033857399688,0.001165339508759485,0.8186362727454509,54,True,True,2.1267709815475655e-15
drop_precursor_M,"剔除前驱体M,只留{S,L}(3.67/12.40µm,跨度3.38倍)",precursor,circularity,precursor:T_C,0.004784606086746024,2.0,0.002392303043373012,1.1068673957029431,0.34462807970078585,0.006856031001142774,0.0006599020139663262,0.8404319136172765,54,True,True,2.1267709815475655e-15
drop_precursor_M,"剔除前驱体M,只留{S,L}(3.67/12.40µm,跨度3.38倍)",precursor,circularity,precursor:beta,0.0003261971003549746,2.0,0.0001630985501774873,0.07546220700507333,0.9275027140654526,0.0004674193427776116,0.0,0.9870025994801039,54,True,True,2.1267709815475655e-15
drop_precursor_M,"剔除前驱体M,只留{S,L}(3.67/12.40µm,跨度3.38倍)",precursor,circularity,precursor:t_hold,0.004990787274476105,2.0,0.0024953936372380525,1.1545652061743046,0.3297492144497096,0.007151475305083632,0.0009544341393615068,0.8372325534893021,54,True,True,2.1267709815475655e-15
drop_precursor_M,"剔除前驱体M,只留{S,L}(3.67/12.40µm,跨度3.38倍)",precursor,circularity,T_C:beta,0.013037367847598347,4.0,0.0032593419618995867,1.5080277388212995,0.2267411043237137,0.01868170472466755,0.006274103075007411,0.9152169566086783,54,True,True,2.1267709815475655e-15
drop_precursor_M,"剔除前驱体M,只留{S,L}(3.67/12.40µm,跨度3.38倍)",precursor,circularity,T_C:t_hold,0.01074135628015327,4.0,0.0026853390700383173,1.2424488909406228,0.3157848593079708,0.015391668679904756,0.002994224952582298,0.9438112377524495,54,True,True,2.1267709815475655e-15
drop_precursor_M,"剔除前驱体M,只留{S,L}(3.67/12.40µm,跨度3.38倍)",precursor,circularity,beta:t_hold,0.001574929246174861,4.0,0.00039373231154371524,0.18217151020634292,0.9457223149773826,0.002256771725950954,0.0,0.998000399920016,54,True,True,2.1267709815475655e-15
drop_precursor_M,"剔除前驱体M,只留{S,L}(3.67/12.40µm,跨度3.38倍)",precursor,circularity,Residual,0.06051717258498179,28.0,0.002161327592320778,,,0.08671719339518677,,,54,True,True,2.1267709815475655e-15
drop_precursor_M,"剔除前驱体M,只留{S,L}(3.67/12.40µm,跨度3.38倍)",precursor,circularity,coupling_total,,6.0,,,,0.014474925649004017,0.0016143361533278331,,54,True,True,2.1267709815475655e-15
drop_precursor_M,"剔除前驱体M,只留{S,L}(3.67/12.40µm,跨度3.38倍)",precursor,convexity,precursor,0.006657931577379372,1.0,0.006657931577379372,18.143734101332427,0.0002087722168916805,0.13073846796993788,0.12264898607564821,0.00639872025594881,54,True,True,1.1671653227240952e-14
drop_precursor_M,"剔除前驱体M,只留{S,L}(3.67/12.40µm,跨度3.38倍)",precursor,convexity,T_C,0.027201196483872536,2.0,0.013600598241936268,37.06340854555167,1.3559862437161805e-08,0.5341362724923839,0.5160066606726021,0.0001999600079984003,54,True,True,1.1671653227240952e-14
drop_precursor_M,"剔除前驱体M,只留{S,L}(3.67/12.40µm,跨度3.38倍)",precursor,convexity,beta,5.738829530343992e-05,2.0,2.869414765171996e-05,0.07819530423322553,0.9249850176144235,0.0011269052137557886,0.0,0.9718056388722256,54,True,True,1.1671653227240952e-14
drop_precursor_M,"剔除前驱体M,只留{S,L}(3.67/12.40µm,跨度3.38倍)",precursor,convexity,t_hold,0.0010874945467378438,2.0,0.0005437472733689219,1.4817824172073324,0.2445113739149482,0.021354585776943373,0.006893495271250353,0.5804839032193562,54,True,True,1.1671653227240952e-14
drop_precursor_M,"剔除前驱体M,只留{S,L}(3.67/12.40µm,跨度3.38倍)",precursor,convexity,precursor:T_C,0.0006867318187815385,2.0,0.0003433659093907693,0.935716999648183,0.4042289697488871,0.01348500879743894,0.0,0.7094581083783243,54,True,True,1.1671653227240952e-14
drop_precursor_M,"剔除前驱体M,只留{S,L}(3.67/12.40µm,跨度3.38倍)",precursor,convexity,precursor:beta,5.894237121140122e-05,2.0,2.947118560570061e-05,0.08031283425885215,0.923039408823366,0.0011574218240505167,0.0,0.969006198760248,54,True,True,1.1671653227240952e-14
drop_precursor_M,"剔除前驱体M,只留{S,L}(3.67/12.40µm,跨度3.38倍)",precursor,convexity,precursor:t_hold,0.00041912942695887523,2.0,0.00020956471347943761,0.5710912457122981,0.5713515505364879,0.00823023464943593,0.0,0.8070385922815437,54,True,True,1.1671653227240952e-14
drop_precursor_M,"剔除前驱体M,只留{S,L}(3.67/12.40µm,跨度3.38倍)",precursor,convexity,T_C:beta,0.0019618044612457197,4.0,0.0004904511153114299,1.336543417800502,0.2810087875461117,0.03852297169758676,0.009630739422272482,0.7458508298340332,54,True,True,1.1671653227240952e-14
drop_precursor_M,"剔除前驱体M,只留{S,L}(3.67/12.40µm,跨度3.38倍)",precursor,convexity,T_C:t_hold,0.002114054905241858,4.0,0.0005285137263104644,1.4402690096217323,0.24686273253754748,0.041512637416505536,0.012599016599642306,0.7024595080983803,54,True,True,1.1671653227240952e-14
drop_precursor_M,"剔除前驱体M,只留{S,L}(3.67/12.40µm,跨度3.38倍)",precursor,convexity,beta:t_hold,0.0004061641691137652,4.0,0.0001015410422784413,0.27671261713346623,0.890524601429899,0.007975642374372012,0.0,0.9832033593281344,54,True,True,1.1671653227240952e-14
drop_precursor_M,"剔除前驱体M,只留{S,L}(3.67/12.40µm,跨度3.38倍)",precursor,convexity,Residual,0.010274736342886115,28.0,0.0003669548693887898,,,0.20175985178758932,,,54,True,True,1.1671653227240952e-14
drop_precursor_M,"剔除前驱体M,只留{S,L}(3.67/12.40µm,跨度3.38倍)",precursor,convexity,coupling_total,,6.0,,,,0.022872665270925387,0.0,,54,True,True,1.1671653227240952e-14
drop_precursor_M,"剔除前驱体M,只留{S,L}(3.67/12.40µm,跨度3.38倍)",precursor,solidity,precursor,0.03253411574882392,1.0,0.03253411574882392,134.33356784466125,3.3660577429759015e-12,0.6224022240737804,0.6149198818543774,0.0001999600079984003,54,True,True,2.818248022104508e-15
drop_precursor_M,"剔除前驱体M,只留{S,L}(3.67/12.40µm,跨度3.38倍)",precursor,solidity,T_C,0.00864090822406638,2.0,0.00432045411203319,17.8391821083853,1.0100104287016568e-05,0.16530710526136702,0.1553209449052817,0.009398120375924815,54,True,True,2.818248022104508e-15
drop_precursor_M,"剔除前驱体M,只留{S,L}(3.67/12.40µm,跨度3.38倍)",precursor,solidity,beta,0.00012012340682332479,2.0,6.006170341166239e-05,0.24799514984230464,0.7820596493002622,0.00229805156369924,0.0,0.9392121575684863,54,True,True,2.818248022104508e-15
drop_precursor_M,"剔除前驱体M,只留{S,L}(3.67/12.40µm,跨度3.38倍)",precursor,solidity,t_hold,0.0011144155277733603,2.0,0.0005572077638866801,2.300714349562402,0.11882274512578195,0.021319611339169982,0.011997505610755792,0.5736852629474105,54,True,True,2.818248022104508e-15
drop_precursor_M,"剔除前驱体M,只留{S,L}(3.67/12.40µm,跨度3.38倍)",precursor,solidity,precursor:T_C,0.00011759474713812779,2.0,5.879737356906389e-05,0.2427747239976319,0.7860823174959635,0.0022496763927204737,0.0,0.9438112377524495,54,True,True,2.818248022104508e-15
drop_precursor_M,"剔除前驱体M,只留{S,L}(3.67/12.40µm,跨度3.38倍)",precursor,solidity,precursor:beta,0.00020433620482407377,2.0,0.00010216810241203689,0.42185273522990363,0.6599297507353774,0.003909106038817006,0.0,0.9060187962407519,54,True,True,2.818248022104508e-15
drop_precursor_M,"剔除前驱体M,只留{S,L}(3.67/12.40µm,跨度3.38倍)",precursor,solidity,precursor:t_hold,0.0009410304453396634,2.0,0.0004705152226698317,1.9427603035053616,0.16214489020725154,0.01800262366502827,0.00869581552222337,0.6250749850029994,54,True,True,2.818248022104508e-15
drop_precursor_M,"剔除前驱体M,只留{S,L}(3.67/12.40µm,跨度3.38倍)",precursor,solidity,T_C:beta,0.00124099881412576,4.0,0.00031024970353144,1.2810229704685707,0.3010705601382081,0.02374124528073945,0.005184189235833729,0.8814237152569486,54,True,True,2.818248022104508e-15
drop_precursor_M,"剔除前驱体M,只留{S,L}(3.67/12.40µm,跨度3.38倍)",precursor,solidity,T_C:t_hold,0.0003470602095205777,4.0,8.676505238014443e-05,0.35825344510477597,0.8360929753414015,0.006639524121719164,0.0,0.9884023195360928,54,True,True,2.818248022104508e-15
drop_precursor_M,"剔除前驱体M,只留{S,L}(3.67/12.40µm,跨度3.38倍)",precursor,solidity,beta:t_hold,0.0002299740707698561,4.0,5.7493517692464025e-05,0.23739109491082566,0.9148322879380193,0.004399577791864027,0.0,0.9966006798640272,54,True,True,2.818248022104508e-15
drop_precursor_M,"剔除前驱体M,只留{S,L}(3.67/12.40µm,跨度3.38倍)",precursor,solidity,Residual,0.00678129268494132,28.0,0.00024218902446219,,,0.129731254471095,,,54,True,True,2.818248022104508e-15
drop_precursor_M,"剔除前驱体M,只留{S,L}(3.67/12.40µm,跨度3.38倍)",precursor,solidity,coupling_total,,6.0,,,,0.024161406096565752,0.00869581552222337,,54,True,True,2.818248022104508e-15
drop_precursor_L,"剔除前驱体L,只留{S,M}(3.67/9.70µm,跨度2.64倍)",precursor,compaction_density,precursor,0.6589115740740681,1.0,0.6589115740740681,154.09321928989712,6.671821038078846e-13,0.6641271242631093,0.6569856735529931,0.0001999600079984003,54,True,True,3.7127245722246016e-13
drop_precursor_L,"剔除前驱体L,只留{S,M}(3.67/9.70µm,跨度2.64倍)",precursor,compaction_density,T_C,0.07078425925931242,2.0,0.03539212962965621,8.276811952837289,0.0014991668003207503,0.07134454514787013,0.06245555778797014,0.14917016596680663,54,True,True,3.7127245722246016e-13
drop_precursor_L,"剔除前驱体L,只留{S,M}(3.67/9.70µm,跨度2.64倍)",precursor,compaction_density,beta,0.018737037036999027,2.0,0.009368518518499513,2.1909239954105435,0.13061396764929104,0.018885348223060247,0.010221484751635252,0.6116776644671066,54,True,True,3.7127245722246016e-13
drop_precursor_L,"剔除前驱体L,只留{S,M}(3.67/9.70µm,跨度2.64倍)",precursor,compaction_density,t_hold,0.0061787037036538095,2.0,0.0030893518518269047,0.722476567567017,0.49437931881391195,0.006227610629161842,0.0,0.8510297940411917,54,True,True,3.7127245722246016e-13
drop_precursor_L,"剔除前驱体L,只留{S,M}(3.67/9.70µm,跨度2.64倍)",precursor,compaction_density,precursor:T_C,0.017989814814882266,2.0,0.008994907407441133,2.1035512110633228,0.1408929548549546,0.0181322114364478,0.009471579983274983,0.6330733853229354,54,True,True,3.7127245722246016e-13
drop_precursor_L,"剔除前驱体L,只留{S,M}(3.67/9.70µm,跨度2.64倍)",precursor,compaction_density,precursor:beta,0.001003703703759129,2.0,0.0005018518518795645,0.11736319485871685,0.8896972931916167,0.0010116484223645632,0.0,0.9736052789442111,54,True,True,3.7127245722246016e-13
drop_precursor_L,"剔除前驱体L,只留{S,M}(3.67/9.70µm,跨度2.64倍)",precursor,compaction_density,precursor:t_hold,0.02165092592599649,2.0,0.010825462962998245,2.531645373836511,0.09758147364857812,0.02182230171487215,0.013145834573755172,0.562887422515497,54,True,True,3.7127245722246016e-13
drop_precursor_L,"剔除前驱体L,只留{S,M}(3.67/9.70µm,跨度2.64倍)",precursor,compaction_density,T_C:beta,0.03511296296278488,4.0,0.00877824074069622,2.05288149223428,0.11402076612162555,0.03539089619058664,0.018073381944817914,0.7576484703059388,54,True,True,3.7127245722246016e-13
drop_precursor_L,"剔除前驱体L,只留{S,M}(3.67/9.70µm,跨度2.64倍)",precursor,compaction_density,T_C:t_hold,0.034046296296310175,4.0,0.008511574074077544,1.9905187614015107,0.12334753518485017,0.034315786428326604,0.017002885918650026,0.7826434713057389,54,True,True,3.7127245722246016e-13
drop_precursor_L,"剔除前驱体L,只留{S,M}(3.67/9.70µm,跨度2.64倍)",precursor,compaction_density,beta:t_hold,0.008001851851872743,4.0,0.002000462962968186,0.46782874996110296,0.7587972368339458,0.008065189728426757,0.0,0.9788042391521695,54,True,True,3.7127245722246016e-13
drop_precursor_L,"剔除前驱体L,只留{S,M}(3.67/9.70µm,跨度2.64倍)",precursor,compaction_density,Residual,0.119729629630001,28.0,0.004276058201071464,,,0.12067733781577403,,,54,True,True,3.7127245722246016e-13
drop_precursor_L,"剔除前驱体L,只留{S,M}(3.67/9.70µm,跨度2.64倍)",precursor,compaction_density,coupling_total,,6.0,,,,0.04096616157368452,0.022617414557030154,,54,True,True,3.7127245722246016e-13
drop_precursor_L,"剔除前驱体L,只留{S,M}(3.67/9.70µm,跨度2.64倍)",precursor,D_sec,precursor,442.5025127235276,1.0,442.5025127235276,704.829759134283,2.1504998240679343e-21,0.9008741154155328,0.8984476254680072,0.0001999600079984003,54,True,True,5.151434834260726e-13
drop_precursor_L,"剔除前驱体L,只留{S,M}(3.67/9.70µm,跨度2.64倍)",precursor,D_sec,T_C,18.027684516512636,2.0,9.013842258256318,14.357487438112404,5.110272067810513e-05,0.03670188049745759,0.034102004682928344,0.382123575284943,54,True,True,5.151434834260726e-13
drop_precursor_L,"剔除前驱体L,只留{S,M}(3.67/9.70µm,跨度2.64倍)",precursor,D_sec,beta,1.1089921475754636,2.0,0.5544960737877318,0.8832160787590769,0.42465621186762303,0.002257755134091238,0.0,0.9432113577284543,54,True,True,5.151434834260726e-13
drop_precursor_L,"剔除前驱体L,只留{S,M}(3.67/9.70µm,跨度2.64倍)",precursor,D_sec,t_hold,0.16892237679803657,2.0,0.08446118839901828,0.1345320249348951,0.8746864950445119,0.00034390267263160177,0.0,0.992001599680064,54,True,True,5.151434834260726e-13
drop_precursor_L,"剔除前驱体L,只留{S,M}(3.67/9.70µm,跨度2.64倍)",precursor,D_sec,precursor:T_C,0.5567485122764992,2.0,0.2783742561382496,0.4434019113145603,0.6462782648503532,0.0011334632213023759,0.0,0.9668066386722656,54,True,True,5.151434834260726e-13
drop_precursor_L,"剔除前驱体L,只留{S,M}(3.67/9.70µm,跨度2.64倍)",precursor,D_sec,precursor:beta,0.7623155100600343,2.0,0.38115775503001714,0.60711819920856,0.5519362135856779,0.001551969290673725,0.0,0.9596080783843232,54,True,True,5.151434834260726e-13
drop_precursor_L,"剔除前驱体L,只留{S,M}(3.67/9.70µm,跨度2.64倍)",precursor,D_sec,precursor:t_hold,1.0010485053803677,2.0,0.5005242526901839,0.7972483281352719,0.4605311686011044,0.002037996758983445,0.0,0.9510097980403919,54,True,True,5.151434834260726e-13
drop_precursor_L,"剔除前驱体L,只留{S,M}(3.67/9.70µm,跨度2.64倍)",precursor,D_sec,T_C:beta,3.417175190746093,4.0,0.8542937976865232,1.3607418587236624,0.27266365158652583,0.0069568976190349475,0.0018419662548843927,0.9858028394321136,54,True,True,5.151434834260726e-13
drop_precursor_L,"剔除前驱体L,只留{S,M}(3.67/9.70µm,跨度2.64倍)",precursor,D_sec,T_C:t_hold,4.171251923010459,4.0,1.0428129807526147,1.6610202222855972,0.18699747716360998,0.008492093893860478,0.0033752028321696525,0.9812037592481504,54,True,True,5.151434834260726e-13
drop_precursor_L,"剔除前驱体L,只留{S,M}(3.67/9.70µm,跨度2.64倍)",precursor,D_sec,beta:t_hold,1.8969290450922927,4.0,0.47423226127307316,0.7553697456530499,0.5630025270970136,0.003861886037630831,0.0,0.9952009598080384,54,True,True,5.151434834260726e-13
drop_precursor_L,"剔除前驱体L,只留{S,M}(3.67/9.70µm,跨度2.64倍)",precursor,D_sec,Residual,17.578812749729877,28.0,0.6278147410617814,,,0.03578803945880099,,,54,True,True,5.151434834260726e-13
drop_precursor_L,"剔除前驱体L,只留{S,M}(3.67/9.70µm,跨度2.64倍)",precursor,D_sec,coupling_total,,6.0,,,,0.004723429270959546,0.0,,54,True,True,5.151434834260726e-13
drop_precursor_L,"剔除前驱体L,只留{S,M}(3.67/9.70µm,跨度2.64倍)",precursor,circularity,precursor,1.022562170458924,1.0,1.022562170458924,681.712442111813,3.3704717395821476e-21,0.8328763015487418,0.8306397332300565,0.0001999600079984003,54,True,True,4.760081218080359e-15
drop_precursor_L,"剔除前驱体L,只留{S,M}(3.67/9.70µm,跨度2.64倍)",precursor,circularity,T_C,0.10331864174233196,2.0,0.05165932087116598,34.43976591967515,2.837683784037896e-08,0.0841529744609788,0.08160978564347143,0.10537892421515697,54,True,True,4.760081218080359e-15
drop_precursor_L,"剔除前驱体L,只留{S,M}(3.67/9.70µm,跨度2.64倍)",precursor,circularity,beta,0.0012565383795895002,2.0,0.0006282691897947501,0.418848785972954,0.66185716891957,0.001023449789734414,0.0,0.9724055188962207,54,True,True,4.760081218080359e-15
drop_precursor_L,"剔除前驱体L,只留{S,M}(3.67/9.70µm,跨度2.64倍)",precursor,circularity,t_hold,0.001071679218751953,2.0,0.0005358396093759765,0.357228674442353,0.7027548513142368,0.0008728821092219606,0.0,0.979004199160168,54,True,True,4.760081218080359e-15
drop_precursor_L,"剔除前驱体L,只留{S,M}(3.67/9.70µm,跨度2.64倍)",precursor,circularity,precursor:T_C,0.027942592342869332,2.0,0.013971296171434666,9.314256587667048,0.0007926664808732957,0.02275922544227159,0.020290952380892728,0.556488702259548,54,True,True,4.760081218080359e-15
drop_precursor_L,"剔除前驱体L,只留{S,M}(3.67/9.70µm,跨度2.64倍)",precursor,circularity,precursor:beta,0.0004770945185033071,2.0,0.00023854725925165354,0.15903251593058704,0.8537336352365946,0.0003885932117769205,0.0,0.9874025194961008,54,True,True,4.760081218080359e-15
drop_precursor_L,"剔除前驱体L,只留{S,M}(3.67/9.70µm,跨度2.64倍)",precursor,circularity,precursor:t_hold,0.003834685356984835,2.0,0.0019173426784924175,1.2782365683777026,0.29428442277792116,0.0031233490246321805,0.0006790366522906562,0.9210157968406318,54,True,True,4.760081218080359e-15
drop_precursor_L,"剔除前驱体L,只留{S,M}(3.67/9.70µm,跨度2.64倍)",precursor,circularity,T_C:beta,0.013950922364971419,4.0,0.0034877305912428547,2.325168490945805,0.08100340554348749,0.011363018267452882,0.006468150330199454,0.9698060387922416,54,True,True,4.760081218080359e-15
drop_precursor_L,"剔除前驱体L,只留{S,M}(3.67/9.70µm,跨度2.64倍)",precursor,circularity,T_C:t_hold,0.008505734114642394,4.0,0.0021264335286605984,1.4176313535646161,0.25395974344473626,0.006927915559580041,0.002038459558854008,0.9882023595280944,54,True,True,4.760081218080359e-15
drop_precursor_L,"剔除前驱体L,只留{S,M}(3.67/9.70µm,跨度2.64倍)",precursor,circularity,beta:t_hold,0.0028281565314429713,4.0,0.0007070391328607428,0.47136241478089885,0.7562807953999764,0.002303531873325603,0.0,0.9976004799040192,54,True,True,4.760081218080359e-15
drop_precursor_L,"剔除前驱体L,只留{S,M}(3.67/9.70µm,跨度2.64倍)",precursor,circularity,Residual,0.041999733324734834,28.0,0.0014999904758833868,,,0.034208758712283835,,,54,True,True,4.760081218080359e-15
drop_precursor_L,"剔除前驱体L,只留{S,M}(3.67/9.70µm,跨度2.64倍)",precursor,circularity,coupling_total,,6.0,,,,0.02627116767868069,0.020969989033183385,,54,True,True,4.760081218080359e-15
drop_precursor_L,"剔除前驱体L,只留{S,M}(3.67/9.70µm,跨度2.64倍)",precursor,convexity,precursor,0.09257864322726306,1.0,0.09257864322726306,308.17162587124,1.2034274125557885e-16,0.7248667568813696,0.7208191273292325,0.0001999600079984003,54,True,True,1.5640266859406893e-14
drop_precursor_L,"剔除前驱体L,只留{S,M}(3.67/9.70µm,跨度2.64倍)",precursor,convexity,T_C,0.017567377446461307,2.0,0.008783688723230654,29.23874816722016,1.3917746840520508e-07,0.13754800753849614,0.13253196647334872,0.021395720855828835,54,True,True,1.5640266859406893e-14
drop_precursor_L,"剔除前驱体L,只留{S,M}(3.67/9.70µm,跨度2.64倍)",precursor,convexity,beta,0.0005370706327383346,2.0,0.0002685353163691673,0.893888289615417,0.42041597466856667,0.004205123711022556,0.0,0.8958208358328335,54,True,True,1.5640266859406893e-14
drop_precursor_L,"剔除前驱体L,只留{S,M}(3.67/9.70µm,跨度2.64倍)",precursor,convexity,t_hold,0.00048188375191671184,2.0,0.00024094187595835592,0.8020364855885813,0.45844993378469967,0.0037730247524607186,0.0,0.9110177964407119,54,True,True,1.5640266859406893e-14
drop_precursor_L,"剔除前驱体L,只留{S,M}(3.67/9.70µm,跨度2.64倍)",precursor,convexity,precursor:T_C,0.003379338788313646,2.0,0.001689669394156823,5.62449552327032,0.008843282120659953,0.02645934594088939,0.021703989214283462,0.4913017396520696,54,True,True,1.5640266859406893e-14
drop_precursor_L,"剔除前驱体L,只留{S,M}(3.67/9.70µm,跨度2.64倍)",precursor,convexity,precursor:beta,0.0006742953886629266,2.0,0.0003371476943314633,1.1222820890322796,0.3397424454331985,0.005279557946861564,0.0005739024133771465,0.8742251549690062,54,True,True,1.5640266859406893e-14
drop_precursor_L,"剔除前驱体L,只留{S,M}(3.67/9.70µm,跨度2.64倍)",precursor,convexity,precursor:t_hold,0.0003746967031261761,2.0,0.00018734835156308804,0.6236367707805343,0.5432716235140109,0.002933777970179075,0.0,0.9260147970405919,54,True,True,1.5640266859406893e-14
drop_precursor_L,"剔除前驱体L,只留{S,M}(3.67/9.70µm,跨度2.64倍)",precursor,convexity,T_C:beta,0.002060591968493952,4.0,0.000515147992123488,1.7148014786443675,0.17472305657375037,0.016133900491405655,0.006709507449962933,0.9394121175764847,54,True,True,1.5640266859406893e-14
drop_precursor_L,"剔除前驱体L,只留{S,M}(3.67/9.70µm,跨度2.64倍)",precursor,convexity,T_C:t_hold,0.0012931372346471903,4.0,0.0003232843086617976,1.076134274018257,0.387008719859078,0.010124929042006256,0.0007146368523073002,0.976004799040192,54,True,True,1.5640266859406893e-14
drop_precursor_L,"剔除前驱体L,只留{S,M}(3.67/9.70µm,跨度2.64倍)",precursor,convexity,beta:t_hold,0.0003595645251905921,4.0,8.989113129764803e-05,0.29922555697212355,0.8759508051876728,0.0028152969429966804,0.0,0.9978004399120176,54,True,True,1.5640266859406893e-14
drop_precursor_L,"剔除前驱体L,只留{S,M}(3.67/9.70µm,跨度2.64倍)",precursor,convexity,Residual,0.008411553150082796,28.0,0.000300412612502957,,,0.06586027878231242,,,54,True,True,1.5640266859406893e-14
drop_precursor_L,"剔除前驱体L,只留{S,M}(3.67/9.70µm,跨度2.64倍)",precursor,convexity,coupling_total,,6.0,,,,0.03467268185793003,0.02227789162766061,,54,True,True,1.5640266859406893e-14
drop_precursor_L,"剔除前驱体L,只留{S,M}(3.67/9.70µm,跨度2.64倍)",precursor,solidity,precursor,0.0025818174411078587,1.0,0.0025818174411078587,10.06738944341658,0.0036463439985886343,0.14140620457796022,0.12559612032940237,0.005398920215956809,54,True,True,8.483665159264575e-15
drop_precursor_L,"剔除前驱体L,只留{S,M}(3.67/9.70µm,跨度2.64倍)",precursor,solidity,T_C,0.003821538984670525,2.0,0.0019107694923352625,7.450743925443508,0.0025444825803840583,0.20930578392757676,0.178703785765462,0.001999600079984003,54,True,True,8.483665159264575e-15
drop_precursor_L,"剔除前驱体L,只留{S,M}(3.67/9.70µm,跨度2.64倍)",precursor,solidity,beta,0.0001945732384207588,2.0,9.72866192103794e-05,0.3793538100834859,0.6877669806098441,0.0106567810409228,0.0,0.7576484703059388,54,True,True,8.483665159264575e-15
drop_precursor_L,"剔除前驱体L,只留{S,M}(3.67/9.70µm,跨度2.64倍)",precursor,solidity,t_hold,0.0006176600369727225,2.0,0.00030883001848636127,1.2042338929221965,0.31498430382622805,0.03382925537535963,0.0056578543914693104,0.41931613677264545,54,True,True,8.483665159264575e-15
drop_precursor_L,"剔除前驱体L,只留{S,M}(3.67/9.70µm,跨度2.64倍)",precursor,solidity,precursor:T_C,0.0005229018250787476,2.0,0.0002614509125393738,1.0194865504282427,0.3737845024010059,0.028639345785636105,0.0005398323624816847,0.4797040591881624,54,True,True,8.483665159264575e-15
drop_precursor_L,"剔除前驱体L,只留{S,M}(3.67/9.70µm,跨度2.64倍)",precursor,solidity,precursor:beta,0.0012388610087867846,2.0,0.0006194305043933923,2.4153714439950313,0.10771656586605133,0.06785244783883376,0.039209777698445976,0.16916616676664667,54,True,True,8.483665159264575e-15
drop_precursor_L,"剔除前驱体L,只留{S,M}(3.67/9.70µm,跨度2.64倍)",precursor,solidity,precursor:t_hold,0.0006527442668016192,2.0,0.0003263721334008096,1.2726366001365135,0.2957986889099882,0.03575081950365691,0.007552802148981557,0.4003199360127974,54,True,True,8.483665159264575e-15
drop_precursor_L,"剔除前驱体L,只留{S,M}(3.67/9.70µm,跨度2.64倍)",precursor,solidity,T_C:beta,0.0006568197992820046,4.0,0.00016420494982050116,0.6402912739137397,0.6381844295914374,0.03597403651757491,0.0,0.7590481903619276,54,True,True,8.483665159264575e-15
drop_precursor_L,"剔除前驱体L,只留{S,M}(3.67/9.70µm,跨度2.64倍)",precursor,solidity,T_C:t_hold,0.0007411069097358336,4.0,0.0001852767274339584,0.7224573434901823,0.5839265153585524,0.040590443624579704,0.0,0.7252549490101979,54,True,True,8.483665159264575e-15
drop_precursor_L,"剔除前驱体L,只留{S,M}(3.67/9.70µm,跨度2.64倍)",precursor,solidity,beta:t_hold,4.944033604559195e-05,4.0,1.2360084011397987e-05,0.048196195948965154,0.9953724478395066,0.0027078484179215096,0.0,0.9978004399120176,54,True,True,8.483665159264575e-15
drop_precursor_L,"剔除前驱体L,只留{S,M}(3.67/9.70µm,跨度2.64倍)",precursor,solidity,Residual,0.0071806985075255625,28.0,0.00025645351812591296,,,0.3932870333899777,,,54,True,True,8.483665159264575e-15
drop_precursor_L,"剔除前驱体L,只留{S,M}(3.67/9.70µm,跨度2.64倍)",precursor,solidity,coupling_total,,6.0,,,,0.1322426131281268,0.04730241220990922,,54,True,True,8.483665159264575e-15
